species,model_file_count,model_paths,has_top_level_model,has_nested_model,nested_contexts
Acanthophis antarcticus,1,Acanthophis antarcticus/Acanthophis antarcticus.rds,TRUE,FALSE,
Acinonyx jubatus,1,Acinonyx jubatus/Acinonyx jubatus.rds,TRUE,FALSE,
Ailurus fulgens,1,Ailurus fulgens/Ailurus fulgens.rds,TRUE,FALSE,
Akodon azarae,1,Akodon azarae/Akodon azarae.rds,TRUE,FALSE,
Alces alces,1,Alces alces/Alces alces.rds,TRUE,FALSE,
Allactaga sibirica,1,Allactaga sibirica/Allactaga sibirica.rds,TRUE,FALSE,
Alouatta belzebul,1,Alouatta belzebul/Alouatta belzebul.rds,TRUE,FALSE,
Alouatta caraya,1,Alouatta caraya/Alouatta caraya.rds,TRUE,FALSE,
Alouatta guariba,1,Alouatta guariba/Alouatta guariba.rds,TRUE,FALSE,
Alouatta pigra,1,Alouatta pigra/Alouatta pigra.rds,TRUE,FALSE,
Alouatta sara,1,Alouatta sara/Alouatta sara.rds,TRUE,FALSE,
Alouatta seniculus,1,Alouatta seniculus/Alouatta seniculus.rds,TRUE,FALSE,
Amphibolurus muricatus,1,Amphibolurus muricatus/Amphibolurus muricatus.rds,TRUE,FALSE,
Anastoechus hessei,1,Anastoechus hessei/Anastoechus hessei.rds,TRUE,FALSE,
Anolis carolinensis,1,Anolis carolinensis/Anolis carolinensis.rds,TRUE,FALSE,
Antaresia childreni,1,Antaresia childreni/Antaresia childreni.rds,TRUE,FALSE,
Antaresia maculosa,1,Antaresia maculosa/Antaresia maculosa.rds,TRUE,FALSE,
Antidorcas marsupialis,1,Antidorcas marsupialis/Antidorcas marsupialis.rds,TRUE,FALSE,
Aotus azarae,1,Aotus azarae/Aotus azarae.rds,TRUE,FALSE,
Apodemus agrarius,1,Apodemus agrarius/Apodemus agrarius.rds,TRUE,FALSE,
Apodemus flavicollis,1,Apodemus flavicollis/Apodemus flavicollis.rds,TRUE,FALSE,
Apodemus peninsulae,1,Apodemus peninsulae/Apodemus peninsulae.rds,TRUE,FALSE,
Apodemus sylvaticus,1,Apodemus sylvaticus/Apodemus sylvaticus.rds,TRUE,FALSE,
Arctocephalus australis,1,Arctocephalus australis/Arctocephalus australis.rds,TRUE,FALSE,
Arctocephalus gazella,1,Arctocephalus gazella/Arctocephalus gazella.rds,TRUE,FALSE,
Artibeus jamaicensis,1,Artibeus jamaicensis/Artibeus jamaicensis.rds,TRUE,FALSE,
Artibeus lituratus,1,Artibeus lituratus/Artibeus lituratus.rds,TRUE,FALSE,
Artibeus obscurus,1,Artibeus obscurus/Artibeus obscurus.rds,TRUE,FALSE,
Artibeus planirostris,1,Artibeus planirostris/Artibeus planirostris.rds,TRUE,FALSE,
Arvicanthis niloticus,1,Arvicanthis niloticus/Arvicanthis niloticus.rds,TRUE,FALSE,
Aselliscus stoliczkanus,1,Aselliscus stoliczkanus/Aselliscus stoliczkanus.rds,TRUE,FALSE,
Atelerix albiventris,1,Atelerix albiventris/Atelerix albiventris.rds,TRUE,FALSE,
Ateles fusciceps,1,Ateles fusciceps/Ateles fusciceps.rds,TRUE,FALSE,
Ateles geoffroyi,1,Ateles geoffroyi/Ateles geoffroyi.rds,TRUE,FALSE,
Austrelaps superbus,1,Austrelaps superbus/Austrelaps superbus.rds,TRUE,FALSE,
Balaenoptera acutorostrata,1,Balaenoptera acutorostrata/Balaenoptera acutorostrata.rds,TRUE,FALSE,
Bandicota indica,1,Bandicota indica/Bandicota indica.rds,TRUE,FALSE,
Bellatorias frerei,1,Bellatorias frerei/Bellatorias frerei.rds,TRUE,FALSE,
Bison bison,1,Bison bison/Bison bison.rds,TRUE,FALSE,
Bitis nasicornis,1,Bitis nasicornis/Bitis nasicornis.rds,TRUE,FALSE,
Boa constrictor,1,Boa constrictor/Boa constrictor.rds,TRUE,FALSE,
Boiga irregularis,1,Boiga irregularis/Boiga irregularis.rds,TRUE,FALSE,
Bos frontalis,1,Bos frontalis/Bos frontalis.rds,TRUE,FALSE,
Bos grunniens,1,Bos grunniens/Bos grunniens.rds,TRUE,FALSE,
Bos taurus,2,Bos taurus/Bos taurus.rds; nipah/Bos taurus/Bos taurus.rds,TRUE,TRUE,nipah
Bothriechis schlegelii,1,Bothriechis schlegelii/Bothriechis schlegelii.rds,TRUE,FALSE,
Bradypus tridactylus,1,Bradypus tridactylus/Bradypus tridactylus.rds,TRUE,FALSE,
Bubalus bubalis,1,Bubalus bubalis/Bubalus bubalis.rds,TRUE,FALSE,
Callicebus nigrifrons,1,Callicebus nigrifrons/Callicebus nigrifrons.rds,TRUE,FALSE,
Callicebus personatus,1,Callicebus personatus/Callicebus personatus.rds,TRUE,FALSE,
Callithrix aurita,1,Callithrix aurita/Callithrix aurita.rds,TRUE,FALSE,
Callithrix geoffroyi,1,Callithrix geoffroyi/Callithrix geoffroyi.rds,TRUE,FALSE,
Callithrix jacchus,1,Callithrix jacchus/Callithrix jacchus.rds,TRUE,FALSE,
Callithrix penicillata,1,Callithrix penicillata/Callithrix penicillata.rds,TRUE,FALSE,
Caluromys philander,1,Caluromys philander/Caluromys philander.rds,TRUE,FALSE,
Camelus bactrianus,1,Camelus bactrianus/Camelus bactrianus.rds,TRUE,FALSE,
Camelus dromedarius,1,Camelus dromedarius/Camelus dromedarius.rds,TRUE,FALSE,
Canis aureus,1,Canis aureus/Canis aureus.rds,TRUE,FALSE,
Canis latrans,1,Canis latrans/Canis latrans.rds,TRUE,FALSE,
Canis lupus,2,Canis lupus/Canis lupus.rds; nipah/Canis lupus/Canis lupus.rds,TRUE,TRUE,nipah
Canis mesomelas,1,Canis mesomelas/Canis mesomelas.rds,TRUE,FALSE,
Capra hircus,2,Capra hircus/Capra hircus.rds; nipah/Capra hircus/Capra hircus.rds,TRUE,TRUE,nipah
Capreolus capreolus,1,Capreolus capreolus/Capreolus capreolus.rds,TRUE,FALSE,
Capreolus pygargus,1,Capreolus pygargus/Capreolus pygargus.rds,TRUE,FALSE,
Carollia brevicauda,1,Carollia brevicauda/Carollia brevicauda.rds,TRUE,FALSE,
Carollia perspicillata,1,Carollia perspicillata/Carollia perspicillata.rds,TRUE,FALSE,
Castor fiber,1,Castor fiber/Castor fiber.rds,TRUE,FALSE,
Cavia porcellus,1,Cavia porcellus/Cavia porcellus.rds,TRUE,FALSE,
Cephalophus callipygus,1,Cephalophus callipygus/Cephalophus callipygus.rds,TRUE,FALSE,
Cephalorhynchus eutropia,1,Cephalorhynchus eutropia/Cephalorhynchus eutropia.rds,TRUE,FALSE,
Ceratotherium simum,1,Ceratotherium simum/Ceratotherium simum.rds,TRUE,FALSE,
Cercocebus atys,1,Cercocebus atys/Cercocebus atys.rds,TRUE,FALSE,
Cercopithecus ascanius,1,Cercopithecus ascanius/Cercopithecus ascanius.rds,TRUE,FALSE,
Cercopithecus mitis,1,Cercopithecus mitis/Cercopithecus mitis.rds,TRUE,FALSE,
Cerdocyon thous,1,Cerdocyon thous/Cerdocyon thous.rds,TRUE,FALSE,
Cervus elaphus,1,Cervus elaphus/Cervus elaphus.rds,TRUE,FALSE,
Cervus nippon,1,Cervus nippon/Cervus nippon.rds,TRUE,FALSE,
Chaetophractus vellerosus,1,Chaetophractus vellerosus/Chaetophractus vellerosus.rds,TRUE,FALSE,
Chlamydosaurus kingii,1,Chlamydosaurus kingii/Chlamydosaurus kingii.rds,TRUE,FALSE,
Chlorocebus aethiops,1,Chlorocebus aethiops/Chlorocebus aethiops.rds,TRUE,FALSE,
Chlorocebus sabaeus,1,Chlorocebus sabaeus/Chlorocebus sabaeus.rds,TRUE,FALSE,
Chrysocyon brachyurus,1,Chrysocyon brachyurus/Chrysocyon brachyurus.rds,TRUE,FALSE,
Civettictis civetta,1,Civettictis civetta/Civettictis civetta.rds,TRUE,FALSE,
Clethrionomys glareolus,1,Clethrionomys glareolus/Clethrionomys glareolus.rds,TRUE,FALSE,
Clethrionomys rutilus,1,Clethrionomys rutilus/Clethrionomys rutilus.rds,TRUE,FALSE,
Colobus guereza,1,Colobus guereza/Colobus guereza.rds,TRUE,FALSE,
Conus erythraeensis,1,Conus erythraeensis/Conus erythraeensis.rds,TRUE,FALSE,
Cricetomys gambianus,1,Cricetomys gambianus/Cricetomys gambianus.rds,TRUE,FALSE,
Crocidura leucodon,1,Crocidura leucodon/Crocidura leucodon.rds,TRUE,FALSE,
Crocidura russula,1,Crocidura russula/Crocidura russula.rds,TRUE,FALSE,
Crocuta crocuta,1,Crocuta crocuta/Crocuta crocuta.rds,TRUE,FALSE,
Crotalus durissus,1,Crotalus durissus/Crotalus durissus.rds,TRUE,FALSE,
Crotalus willardi,1,Crotalus willardi/Crotalus willardi.rds,TRUE,FALSE,
Cyclura cornuta,1,Cyclura cornuta/Cyclura cornuta.rds,TRUE,FALSE,
Cynomys ludovicianus,1,Cynomys ludovicianus/Cynomys ludovicianus.rds,TRUE,FALSE,
Cynopterus brachyotis,2,Cynopterus brachyotis/Cynopterus brachyotis.rds; nipah/wild/Cynopterus brachyotis/Cynopterus brachyotis.rds,TRUE,TRUE,nipah/wild
Delphinus delphis,1,Delphinus delphis/Delphinus delphis.rds,TRUE,FALSE,
Dendrelaphis punctulatus,1,Dendrelaphis punctulatus/Dendrelaphis punctulatus.rds,TRUE,FALSE,
Dermanura phaeotis,1,Dermanura phaeotis/Dermanura phaeotis.rds,TRUE,FALSE,
Desmodus rotundus,1,Desmodus rotundus/Desmodus rotundus.rds,TRUE,FALSE,
Didelphis marsupialis,1,Didelphis marsupialis/Didelphis marsupialis.rds,TRUE,FALSE,
Didelphis virginiana,1,Didelphis virginiana/Didelphis virginiana.rds,TRUE,FALSE,
Eidolon helvum,1,Eidolon helvum/Eidolon helvum.rds,TRUE,FALSE,
Enhydra lutris,1,Enhydra lutris/Enhydra lutris.rds,TRUE,FALSE,
Eonycteris spelaea,2,Eonycteris spelaea/Eonycteris spelaea.rds; nipah/wild/Eonycteris spelaea/Eonycteris spelaea.rds,TRUE,TRUE,nipah/wild
Epomophorus pusillus,1,Epomophorus pusillus/Epomophorus pusillus.rds,TRUE,FALSE,
Epomops franqueti,1,Epomops franqueti/Epomops franqueti.rds,TRUE,FALSE,
Eptesicus fuscus,1,Eptesicus fuscus/Eptesicus fuscus.rds,TRUE,FALSE,
Equus asinus,1,Equus asinus/Equus asinus.rds,TRUE,FALSE,
Equus caballus,1,Equus caballus/Equus caballus.rds,TRUE,FALSE,
Equus przewalskii,1,Equus przewalskii/Equus przewalskii.rds,TRUE,FALSE,
Erinaceus amurensis,1,Erinaceus amurensis/Erinaceus amurensis.rds,TRUE,FALSE,
Erinaceus europaeus,1,Erinaceus europaeus/Erinaceus europaeus.rds,TRUE,FALSE,
Erinaceus roumanicus,1,Erinaceus roumanicus/Erinaceus roumanicus.rds,TRUE,FALSE,
Erythrocebus patas,1,Erythrocebus patas/Erythrocebus patas.rds,TRUE,FALSE,
Eulamprus heatwolei,1,Eulamprus heatwolei/Eulamprus heatwolei.rds,TRUE,FALSE,
Eulemur rufus,1,Eulemur rufus/Eulemur rufus.rds,TRUE,FALSE,
Euprepiophis mandarinus,1,Euprepiophis mandarinus/Euprepiophis mandarinus.rds,TRUE,FALSE,
Felis catus,2,Felis catus/Felis catus.rds; nipah/Felis catus/Felis catus.rds,TRUE,TRUE,nipah
Felis nigripes,1,Felis nigripes/Felis nigripes.rds,TRUE,FALSE,
Felis silvestris,1,Felis silvestris/Felis silvestris.rds,TRUE,FALSE,
Funisciurus anerythrus,1,Funisciurus anerythrus/Funisciurus anerythrus.rds,TRUE,FALSE,
Garrulax canorus,1,Garrulax canorus/Garrulax canorus.rds,TRUE,FALSE,
Genetta genetta,1,Genetta genetta/Genetta genetta.rds,TRUE,FALSE,
Giraffa giraffa,1,Giraffa giraffa/Giraffa giraffa.rds,TRUE,FALSE,
Glossophaga soricina,1,Glossophaga soricina/Glossophaga soricina.rds,TRUE,FALSE,
Gorilla beringei,1,Gorilla beringei/Gorilla beringei.rds,TRUE,FALSE,
Gorilla gorilla,1,Gorilla gorilla/Gorilla gorilla.rds,TRUE,FALSE,
Halichoerus grypus,1,Halichoerus grypus/Halichoerus grypus.rds,TRUE,FALSE,
Herpestes ichneumon,1,Herpestes ichneumon/Herpestes ichneumon.rds,TRUE,FALSE,
Heterodon nasicus,1,Heterodon nasicus/Heterodon nasicus.rds,TRUE,FALSE,
Heteromys anomalus,1,Heteromys anomalus/Heteromys anomalus.rds,TRUE,FALSE,
Hipposideros abae,1,Hipposideros abae/Hipposideros abae.rds,TRUE,FALSE,
Hipposideros armiger,1,Hipposideros armiger/Hipposideros armiger.rds,TRUE,FALSE,
Hipposideros caffer,1,Hipposideros caffer/Hipposideros caffer.rds,TRUE,FALSE,
Hipposideros larvatus,2,Hipposideros larvatus/Hipposideros larvatus.rds; nipah/wild/Hipposideros larvatus/Hipposideros larvatus.rds,TRUE,TRUE,nipah/wild
Hoolock hoolock,1,Hoolock hoolock/Hoolock hoolock.rds,TRUE,FALSE,
Hoplocephalus bungaroides,1,Hoplocephalus bungaroides/Hoplocephalus bungaroides.rds,TRUE,FALSE,
Hyaena hyaena,1,Hyaena hyaena/Hyaena hyaena.rds,TRUE,FALSE,
Hydrochoerus hydrochaeris,1,Hydrochoerus hydrochaeris/Hydrochoerus hydrochaeris.rds,TRUE,FALSE,
Hydropotes inermis,1,Hydropotes inermis/Hydropotes inermis.rds,TRUE,FALSE,
Hylobates agilis,1,Hylobates agilis/Hylobates agilis.rds,TRUE,FALSE,
Hylobates albibarbis,1,Hylobates albibarbis/Hylobates albibarbis.rds,TRUE,FALSE,
Hylobates lar,1,Hylobates lar/Hylobates lar.rds,TRUE,FALSE,
Hylobates moloch,1,Hylobates moloch/Hylobates moloch.rds,TRUE,FALSE,
Hylobates pileatus,1,Hylobates pileatus/Hylobates pileatus.rds,TRUE,FALSE,
Hypsignathus monstrosus,1,Hypsignathus monstrosus/Hypsignathus monstrosus.rds,TRUE,FALSE,
Hypsugo savii,1,Hypsugo savii/Hypsugo savii.rds,TRUE,FALSE,
Hystrix cristata,1,Hystrix cristata/Hystrix cristata.rds,TRUE,FALSE,
Ichneumia albicauda,1,Ichneumia albicauda/Ichneumia albicauda.rds,TRUE,FALSE,
Iguana iguana,1,Iguana iguana/Iguana iguana.rds,TRUE,FALSE,
Kerivoula furva,1,Kerivoula furva/Kerivoula furva.rds,TRUE,FALSE,
Lagothrix lagothricha,1,Lagothrix lagothricha/Lagothrix lagothricha.rds,TRUE,FALSE,
Lampropeltis alterna,1,Lampropeltis alterna/Lampropeltis alterna.rds,TRUE,FALSE,
Lampropeltis triangulum,1,Lampropeltis triangulum/Lampropeltis triangulum.rds,TRUE,FALSE,
Larus californicus,1,Larus californicus/Larus californicus.rds,TRUE,FALSE,
Larus hyperboreus,1,Larus hyperboreus/Larus hyperboreus.rds,TRUE,FALSE,
Lasionycteris noctivagans,1,Lasionycteris noctivagans/Lasionycteris noctivagans.rds,TRUE,FALSE,
Lasiopodomys brandtii,1,Lasiopodomys brandtii/Lasiopodomys brandtii.rds,TRUE,FALSE,
Lasiurus borealis,1,Lasiurus borealis/Lasiurus borealis.rds,TRUE,FALSE,
Leopardus geoffroyi,1,Leopardus geoffroyi/Leopardus geoffroyi.rds,TRUE,FALSE,
Leopardus pardalis,1,Leopardus pardalis/Leopardus pardalis.rds,TRUE,FALSE,
Leptailurus serval,1,Leptailurus serval/Leptailurus serval.rds,TRUE,FALSE,
Lepus europaeus,1,Lepus europaeus/Lepus europaeus.rds,TRUE,FALSE,
Lialis burtonis,1,Lialis burtonis/Lialis burtonis.rds,TRUE,FALSE,
Lichanura trivirgata,1,Lichanura trivirgata/Lichanura trivirgata.rds,TRUE,FALSE,
Lontra canadensis,1,Lontra canadensis/Lontra canadensis.rds,TRUE,FALSE,
Lontra provocax,1,Lontra provocax/Lontra provocax.rds,TRUE,FALSE,
Lophuromys sikapusi,1,Lophuromys sikapusi/Lophuromys sikapusi.rds,TRUE,FALSE,
Lutra lutra,1,Lutra lutra/Lutra lutra.rds,TRUE,FALSE,
Lycalopex gymnocercus,1,Lycalopex gymnocercus/Lycalopex gymnocercus.rds,TRUE,FALSE,
Lycaon pictus,1,Lycaon pictus/Lycaon pictus.rds,TRUE,FALSE,
Lynx canadensis,1,Lynx canadensis/Lynx canadensis.rds,TRUE,FALSE,
Lynx lynx,1,Lynx lynx/Lynx lynx.rds,TRUE,FALSE,
Lynx rufus,1,Lynx rufus/Lynx rufus.rds,TRUE,FALSE,
Macaca fascicularis,1,Macaca fascicularis/Macaca fascicularis.rds,TRUE,FALSE,
Macaca fuscata,1,Macaca fuscata/Macaca fuscata.rds,TRUE,FALSE,
Macaca mulatta,1,Macaca mulatta/Macaca mulatta.rds,TRUE,FALSE,
Macaca nemestrina,1,Macaca nemestrina/Macaca nemestrina.rds,TRUE,FALSE,
Macaca radiata,1,Macaca radiata/Macaca radiata.rds,TRUE,FALSE,
Macaca sylvanus,1,Macaca sylvanus/Macaca sylvanus.rds,TRUE,FALSE,
Macroglossus sobrinus,1,Macroglossus sobrinus/Macroglossus sobrinus.rds,TRUE,FALSE,
Macropus fuliginosus,1,Macropus fuliginosus/Macropus fuliginosus.rds,TRUE,FALSE,
Mandrillus sphinx,1,Mandrillus sphinx/Mandrillus sphinx.rds,TRUE,FALSE,
Manis javanica,1,Manis javanica/Manis javanica.rds,TRUE,FALSE,
Manis pentadactyla,1,Manis pentadactyla/Manis pentadactyla.rds,TRUE,FALSE,
Marmosa demerarae,1,Marmosa demerarae/Marmosa demerarae.rds,TRUE,FALSE,
Marmosa murina,1,Marmosa murina/Marmosa murina.rds,TRUE,FALSE,
Marmosa robinsoni,1,Marmosa robinsoni/Marmosa robinsoni.rds,TRUE,FALSE,
Marmota baibacina,1,Marmota baibacina/Marmota baibacina.rds,TRUE,FALSE,
Marmota caudata,1,Marmota caudata/Marmota caudata.rds,TRUE,FALSE,
Marmota himalayana,1,Marmota himalayana/Marmota himalayana.rds,TRUE,FALSE,
Marmota monax,1,Marmota monax/Marmota monax.rds,TRUE,FALSE,
Marmota sibirica,1,Marmota sibirica/Marmota sibirica.rds,TRUE,FALSE,
Martes americana,1,Martes americana/Martes americana.rds,TRUE,FALSE,
Martes foina,1,Martes foina/Martes foina.rds,TRUE,FALSE,
Martes pennanti,1,Martes pennanti/Martes pennanti.rds,TRUE,FALSE,
Mastomys erythroleucus,1,Mastomys erythroleucus/Mastomys erythroleucus.rds,TRUE,FALSE,
Mastomys huberti,1,Mastomys huberti/Mastomys huberti.rds,TRUE,FALSE,
Mastomys natalensis,1,Mastomys natalensis/Mastomys natalensis.rds,TRUE,FALSE,
Meles anakuma,1,Meles anakuma/Meles anakuma.rds,TRUE,FALSE,
Meles leucurus,1,Meles leucurus/Meles leucurus.rds,TRUE,FALSE,
Meles meles,1,Meles meles/Meles meles.rds,TRUE,FALSE,
Mellivora capensis,1,Mellivora capensis/Mellivora capensis.rds,TRUE,FALSE,
Melogale moschata,1,Melogale moschata/Melogale moschata.rds,TRUE,FALSE,
Melursus ursinus,1,Melursus ursinus/Melursus ursinus.rds,TRUE,FALSE,
Mephitis mephitis,1,Mephitis mephitis/Mephitis mephitis.rds,TRUE,FALSE,
Meriones unguiculatus,1,Meriones unguiculatus/Meriones unguiculatus.rds,TRUE,FALSE,
Micromys minutus,1,Micromys minutus/Micromys minutus.rds,TRUE,FALSE,
Microtus agrestis,1,Microtus agrestis/Microtus agrestis.rds,TRUE,FALSE,
Microtus arvalis,1,Microtus arvalis/Microtus arvalis.rds,TRUE,FALSE,
Microtus rossiaemeridionalis,1,Microtus rossiaemeridionalis/Microtus rossiaemeridionalis.rds,TRUE,FALSE,
Miniopterus schreibersii,1,Miniopterus schreibersii/Miniopterus schreibersii.rds,TRUE,FALSE,
Mirounga leonina,1,Mirounga leonina/Mirounga leonina.rds,TRUE,FALSE,
Molossus molossus,1,Molossus molossus/Molossus molossus.rds,TRUE,FALSE,
Molossus rufus,1,Molossus rufus/Molossus rufus.rds,TRUE,FALSE,
Monodelphis domestica,1,Monodelphis domestica/Monodelphis domestica.rds,TRUE,FALSE,
Morelia spilota,1,Morelia spilota/Morelia spilota.rds,TRUE,FALSE,
Mus musculoides,1,Mus musculoides/Mus musculoides.rds,TRUE,FALSE,
Mus musculus,2,Mus musculus/Mus musculus.rds; nipah/Mus musculus/Mus musculus.rds,TRUE,TRUE,nipah
Mus setulosus,1,Mus setulosus/Mus setulosus.rds,TRUE,FALSE,
Mus spretus,1,Mus spretus/Mus spretus.rds,TRUE,FALSE,
Mustela erminea,1,Mustela erminea/Mustela erminea.rds,TRUE,FALSE,
Mustela eversmanii,1,Mustela eversmanii/Mustela eversmanii.rds,TRUE,FALSE,
Mustela kathiah,1,Mustela kathiah/Mustela kathiah.rds,TRUE,FALSE,
Mustela lutreola,1,Mustela lutreola/Mustela lutreola.rds,TRUE,FALSE,
Mustela nigripes,1,Mustela nigripes/Mustela nigripes.rds,TRUE,FALSE,
Mustela putorius,1,Mustela putorius/Mustela putorius.rds,TRUE,FALSE,
Myotis daubentonii,1,Myotis daubentonii/Myotis daubentonii.rds,TRUE,FALSE,
Myotis emarginatus,1,Myotis emarginatus/Myotis emarginatus.rds,TRUE,FALSE,
Myotis lucifugus,1,Myotis lucifugus/Myotis lucifugus.rds,TRUE,FALSE,
Myotis myotis,1,Myotis myotis/Myotis myotis.rds,TRUE,FALSE,
Myotis mystacinus,1,Myotis mystacinus/Myotis mystacinus.rds,TRUE,FALSE,
Myotis nattereri,1,Myotis nattereri/Myotis nattereri.rds,TRUE,FALSE,
Myotis nigricans,1,Myotis nigricans/Myotis nigricans.rds,TRUE,FALSE,
Myrmecophaga tridactyla,1,Myrmecophaga tridactyla/Myrmecophaga tridactyla.rds,TRUE,FALSE,
Nasua nasua,1,Nasua nasua/Nasua nasua.rds,TRUE,FALSE,
Neomonachus schauinslandi,1,Neomonachus schauinslandi/Neomonachus schauinslandi.rds,TRUE,FALSE,
Neotoma lepida,1,Neotoma lepida/Neotoma lepida.rds,TRUE,FALSE,
Nomascus gabriellae,1,Nomascus gabriellae/Nomascus gabriellae.rds,TRUE,FALSE,
Notechis scutatus,1,Notechis scutatus/Notechis scutatus.rds,TRUE,FALSE,
Nyctalus noctula,1,Nyctalus noctula/Nyctalus noctula.rds,TRUE,FALSE,
Nyctereutes procyonoides,1,Nyctereutes procyonoides/Nyctereutes procyonoides.rds,TRUE,FALSE,
Ochotona alpina,1,Ochotona alpina/Ochotona alpina.rds,TRUE,FALSE,
Ochotona curzoniae,1,Ochotona curzoniae/Ochotona curzoniae.rds,TRUE,FALSE,
Ochotona dauurica,1,Ochotona dauurica/Ochotona dauurica.rds,TRUE,FALSE,
Odocoileus hemionus,1,Odocoileus hemionus/Odocoileus hemionus.rds,TRUE,FALSE,
Odocoileus virginianus,1,Odocoileus virginianus/Odocoileus virginianus.rds,TRUE,FALSE,
Oedipomidas geoffroyi,1,Oedipomidas geoffroyi/Oedipomidas geoffroyi.rds,TRUE,FALSE,
Oena capensis,1,Oena capensis/Oena capensis.rds,TRUE,FALSE,
Ondatra zibethicus,1,Ondatra zibethicus/Ondatra zibethicus.rds,TRUE,FALSE,
Onychomys leucogaster,1,Onychomys leucogaster/Onychomys leucogaster.rds,TRUE,FALSE,
Oryctolagus cuniculus,1,Oryctolagus cuniculus/Oryctolagus cuniculus.rds,TRUE,FALSE,
Otaria byronia,1,Otaria byronia/Otaria byronia.rds,TRUE,FALSE,
Otocyon megalotis,1,Otocyon megalotis/Otocyon megalotis.rds,TRUE,FALSE,
Ovis ammon,1,Ovis ammon/Ovis ammon.rds,TRUE,FALSE,
Ovis aries,1,Ovis aries/Ovis aries.rds,TRUE,FALSE,
Oxyuranus microlepidotus,1,Oxyuranus microlepidotus/Oxyuranus microlepidotus.rds,TRUE,FALSE,
Oxyuranus scutellatus,1,Oxyuranus scutellatus/Oxyuranus scutellatus.rds,TRUE,FALSE,
Paguma larvata,1,Paguma larvata/Paguma larvata.rds,TRUE,FALSE,
Pan troglodytes,1,Pan troglodytes/Pan troglodytes.rds,TRUE,FALSE,
Panthera leo,1,Panthera leo/Panthera leo.rds,TRUE,FALSE,
Panthera onca,1,Panthera onca/Panthera onca.rds,TRUE,FALSE,
Panthera pardus,1,Panthera pardus/Panthera pardus.rds,TRUE,FALSE,
Panthera tigris,1,Panthera tigris/Panthera tigris.rds,TRUE,FALSE,
Pantherophis guttatus,1,Pantherophis guttatus/Pantherophis guttatus.rds,TRUE,FALSE,
Papio cynocephalus,1,Papio cynocephalus/Papio cynocephalus.rds,TRUE,FALSE,
Papio hamadryas,1,Papio hamadryas/Papio hamadryas.rds,TRUE,FALSE,
Papio papio,1,Papio papio/Papio papio.rds,TRUE,FALSE,
Papio ursinus,1,Papio ursinus/Papio ursinus.rds,TRUE,FALSE,
Paradoxurus hermaphroditus,1,Paradoxurus hermaphroditus/Paradoxurus hermaphroditus.rds,TRUE,FALSE,
Peromyscus boylii,1,Peromyscus boylii/Peromyscus boylii.rds,TRUE,FALSE,
Peromyscus californicus,1,Peromyscus californicus/Peromyscus californicus.rds,TRUE,FALSE,
Peromyscus eremicus,1,Peromyscus eremicus/Peromyscus eremicus.rds,TRUE,FALSE,
Peromyscus leucopus,1,Peromyscus leucopus/Peromyscus leucopus.rds,TRUE,FALSE,
Peromyscus maniculatus,1,Peromyscus maniculatus/Peromyscus maniculatus.rds,TRUE,FALSE,
Peromyscus truei,1,Peromyscus truei/Peromyscus truei.rds,TRUE,FALSE,
Peropteryx macrotis,1,Peropteryx macrotis/Peropteryx macrotis.rds,TRUE,FALSE,
Phelsuma madagascariensis,1,Phelsuma madagascariensis/Phelsuma madagascariensis.rds,TRUE,FALSE,
Philander opossum,1,Philander opossum/Philander opossum.rds,TRUE,FALSE,
Philantomba monticola,1,Philantomba monticola/Philantomba monticola.rds,TRUE,FALSE,
Phoca vitulina,1,Phoca vitulina/Phoca vitulina.rds,TRUE,FALSE,
Phocarctos hookeri,1,Phocarctos hookeri/Phocarctos hookeri.rds,TRUE,FALSE,
Physignathus cocincinus,1,Physignathus cocincinus/Physignathus cocincinus.rds,TRUE,FALSE,
Pipistrellus coromandra,1,Pipistrellus coromandra/Pipistrellus coromandra.rds,TRUE,FALSE,
Pipistrellus kuhlii,1,Pipistrellus kuhlii/Pipistrellus kuhlii.rds,TRUE,FALSE,
Pipistrellus nathusii,1,Pipistrellus nathusii/Pipistrellus nathusii.rds,TRUE,FALSE,
Pipistrellus pipistrellus,1,Pipistrellus pipistrellus/Pipistrellus pipistrellus.rds,TRUE,FALSE,
Plecotus auritus,1,Plecotus auritus/Plecotus auritus.rds,TRUE,FALSE,
Pogona vitticeps,1,Pogona vitticeps/Pogona vitticeps.rds,TRUE,FALSE,
Pongo abelii,1,Pongo abelii/Pongo abelii.rds,TRUE,FALSE,
Pongo pygmaeus,1,Pongo pygmaeus/Pongo pygmaeus.rds,TRUE,FALSE,
Prionailurus bengalensis,1,Prionailurus bengalensis/Prionailurus bengalensis.rds,TRUE,FALSE,
Prionailurus viverrinus,1,Prionailurus viverrinus/Prionailurus viverrinus.rds,TRUE,FALSE,
Procyon lotor,1,Procyon lotor/Procyon lotor.rds,TRUE,FALSE,
Proechimys semispinosus,1,Proechimys semispinosus/Proechimys semispinosus.rds,TRUE,FALSE,
Pseudechis porphyriacus,1,Pseudechis porphyriacus/Pseudechis porphyriacus.rds,TRUE,FALSE,
Pseudois nayaur,1,Pseudois nayaur/Pseudois nayaur.rds,TRUE,FALSE,
Pseudonaja textilis,1,Pseudonaja textilis/Pseudonaja textilis.rds,TRUE,FALSE,
Pteropus alecto,1,Pteropus alecto/Pteropus alecto.rds,TRUE,FALSE,
Pteropus lylei,2,nipah/wild/Pteropus lylei/Pteropus lylei.rds; Pteropus lylei/Pteropus lylei.rds,TRUE,TRUE,nipah/wild
Pteropus medius,2,nipah/wild/Pteropus medius/Pteropus medius.rds; Pteropus medius/Pteropus medius.rds,TRUE,TRUE,nipah/wild
Pteropus vampyrus,2,nipah/wild/Pteropus vampyrus/Pteropus vampyrus.rds; Pteropus vampyrus/Pteropus vampyrus.rds,TRUE,TRUE,nipah/wild
Puma concolor,1,Puma concolor/Puma concolor.rds,TRUE,FALSE,
Pyrrhocorax graculus,1,Pyrrhocorax graculus/Pyrrhocorax graculus.rds,TRUE,FALSE,
Rangifer tarandus,1,Rangifer tarandus/Rangifer tarandus.rds,TRUE,FALSE,
Rattus losea,1,Rattus losea/Rattus losea.rds,TRUE,FALSE,
Rattus norvegicus,1,Rattus norvegicus/Rattus norvegicus.rds,TRUE,FALSE,
Rattus rattus,1,Rattus rattus/Rattus rattus.rds,TRUE,FALSE,
Rattus tanezumi,1,Rattus tanezumi/Rattus tanezumi.rds,TRUE,FALSE,
Reithrodontomys fulvescens,1,Reithrodontomys fulvescens/Reithrodontomys fulvescens.rds,TRUE,FALSE,
Reithrodontomys megalotis,1,Reithrodontomys megalotis/Reithrodontomys megalotis.rds,TRUE,FALSE,
Rhabdophis tigrinus,1,Rhabdophis tigrinus/Rhabdophis tigrinus.rds,TRUE,FALSE,
Rhinolophus affinis,1,Rhinolophus affinis/Rhinolophus affinis.rds,TRUE,FALSE,
Rhinolophus blasii,1,Rhinolophus blasii/Rhinolophus blasii.rds,TRUE,FALSE,
Rhinolophus cornutus,1,Rhinolophus cornutus/Rhinolophus cornutus.rds,TRUE,FALSE,
Rhinolophus euryale,1,Rhinolophus euryale/Rhinolophus euryale.rds,TRUE,FALSE,
Rhinolophus ferrumequinum,1,Rhinolophus ferrumequinum/Rhinolophus ferrumequinum.rds,TRUE,FALSE,
Rhinolophus hipposideros,1,Rhinolophus hipposideros/Rhinolophus hipposideros.rds,TRUE,FALSE,
Rhinolophus macrotis,1,Rhinolophus macrotis/Rhinolophus macrotis.rds,TRUE,FALSE,
Rhinolophus mehelyi,1,Rhinolophus mehelyi/Rhinolophus mehelyi.rds,TRUE,FALSE,
Rhinolophus pearsonii,1,Rhinolophus pearsonii/Rhinolophus pearsonii.rds,TRUE,FALSE,
Rhinolophus pusillus,1,Rhinolophus pusillus/Rhinolophus pusillus.rds,TRUE,FALSE,
Rhinolophus sinicus,1,Rhinolophus sinicus/Rhinolophus sinicus.rds,TRUE,FALSE,
Rhinolophus stheno,1,Rhinolophus stheno/Rhinolophus stheno.rds,TRUE,FALSE,
Rhogeessa tumida,1,Rhogeessa tumida/Rhogeessa tumida.rds,TRUE,FALSE,
Rhombomys opimus,1,Rhombomys opimus/Rhombomys opimus.rds,TRUE,FALSE,
Rousettus aegyptiacus,1,Rousettus aegyptiacus/Rousettus aegyptiacus.rds,TRUE,FALSE,
Rousettus leschenaultii,1,Rousettus leschenaultii/Rousettus leschenaultii.rds,TRUE,FALSE,
Rupicapra rupicapra,1,Rupicapra rupicapra/Rupicapra rupicapra.rds,TRUE,FALSE,
Saguinus midas,1,Saguinus midas/Saguinus midas.rds,TRUE,FALSE,
Saimiri sciureus,1,Saimiri sciureus/Saimiri sciureus.rds,TRUE,FALSE,
Sapajus apella,1,Sapajus apella/Sapajus apella.rds,TRUE,FALSE,
Sapajus libidinosus,1,Sapajus libidinosus/Sapajus libidinosus.rds,TRUE,FALSE,
Sapajus nigritus,1,Sapajus nigritus/Sapajus nigritus.rds,TRUE,FALSE,
Sarkidiornis sylvicola,1,Sarkidiornis sylvicola/Sarkidiornis sylvicola.rds,TRUE,FALSE,
Sciurotamias davidianus,1,Sciurotamias davidianus/Sciurotamias davidianus.rds,TRUE,FALSE,
Sciurus carolinensis,1,Sciurus carolinensis/Sciurus carolinensis.rds,TRUE,FALSE,
Sciurus niger,1,Sciurus niger/Sciurus niger.rds,TRUE,FALSE,
Scotophilus kuhlii,1,Scotophilus kuhlii/Scotophilus kuhlii.rds,TRUE,FALSE,
Semnopithecus entellus,1,Semnopithecus entellus/Semnopithecus entellus.rds,TRUE,FALSE,
Sigmodon hispidus,1,Sigmodon hispidus/Sigmodon hispidus.rds,TRUE,FALSE,
Sorex araneus,1,Sorex araneus/Sorex araneus.rds,TRUE,FALSE,
Speothos venaticus,1,Speothos venaticus/Speothos venaticus.rds,TRUE,FALSE,
Spermophilus alashanicus,1,Spermophilus alashanicus/Spermophilus alashanicus.rds,TRUE,FALSE,
Sterna hirundinacea,1,Sterna hirundinacea/Sterna hirundinacea.rds,TRUE,FALSE,
Strix nebulosa,1,Strix nebulosa/Strix nebulosa.rds,TRUE,FALSE,
Strix uralensis,1,Strix uralensis/Strix uralensis.rds,TRUE,FALSE,
Struthio camelus,1,Struthio camelus/Struthio camelus.rds,TRUE,FALSE,
Sturnira parvidens,1,Sturnira parvidens/Sturnira parvidens.rds,TRUE,FALSE,
Submyotodon latirostris,1,Submyotodon latirostris/Submyotodon latirostris.rds,TRUE,FALSE,
Suncus murinus,1,Suncus murinus/Suncus murinus.rds,TRUE,FALSE,
Suricata suricatta,1,Suricata suricatta/Suricata suricatta.rds,TRUE,FALSE,
Sus scrofa,2,nipah/Sus scrofa/Sus scrofa.rds; Sus scrofa/Sus scrofa.rds,TRUE,TRUE,nipah
Sylvilagus floridanus,1,Sylvilagus floridanus/Sylvilagus floridanus.rds,TRUE,FALSE,
Syncerus caffer,1,Syncerus caffer/Syncerus caffer.rds,TRUE,FALSE,
Tadarida brasiliensis,1,Tadarida brasiliensis/Tadarida brasiliensis.rds,TRUE,FALSE,
Tadarida teniotis,1,Tadarida teniotis/Tadarida teniotis.rds,TRUE,FALSE,
Takydromus wolteri,1,Takydromus wolteri/Takydromus wolteri.rds,TRUE,FALSE,
Taphozous melanopogon,1,Taphozous melanopogon/Taphozous melanopogon.rds,TRUE,FALSE,
Tiliqua nigrolutea,1,Tiliqua nigrolutea/Tiliqua nigrolutea.rds,TRUE,FALSE,
Tiliqua rugosa,1,Tiliqua rugosa/Tiliqua rugosa.rds,TRUE,FALSE,
Tiliqua scincoides,1,Tiliqua scincoides/Tiliqua scincoides.rds,TRUE,FALSE,
Trachypithecus cristatus,1,Trachypithecus cristatus/Trachypithecus cristatus.rds,TRUE,FALSE,
Trachypithecus obscurus,1,Trachypithecus obscurus/Trachypithecus obscurus.rds,TRUE,FALSE,
Trioceros ellioti,1,Trioceros ellioti/Trioceros ellioti.rds,TRUE,FALSE,
Tupaia glis,1,Tupaia glis/Tupaia glis.rds,TRUE,FALSE,
Urocitellus parryii,1,Urocitellus parryii/Urocitellus parryii.rds,TRUE,FALSE,
Urocitellus undulatus,1,Urocitellus undulatus/Urocitellus undulatus.rds,TRUE,FALSE,
Urocyon cinereoargenteus,1,Urocyon cinereoargenteus/Urocyon cinereoargenteus.rds,TRUE,FALSE,
Uroderma bilobatum,1,Uroderma bilobatum/Uroderma bilobatum.rds,TRUE,FALSE,
Ursus americanus,1,Ursus americanus/Ursus americanus.rds,TRUE,FALSE,
Ursus arctos,1,Ursus arctos/Ursus arctos.rds,TRUE,FALSE,
Ursus maritimus,1,Ursus maritimus/Ursus maritimus.rds,TRUE,FALSE,
Ursus thibetanus,1,Ursus thibetanus/Ursus thibetanus.rds,TRUE,FALSE,
Urva edwardsii,1,Urva edwardsii/Urva edwardsii.rds,TRUE,FALSE,
Urva urva,1,Urva urva/Urva urva.rds,TRUE,FALSE,
Varanus indicus,1,Varanus indicus/Varanus indicus.rds,TRUE,FALSE,
Varanus mertensi,1,Varanus mertensi/Varanus mertensi.rds,TRUE,FALSE,
Varanus varius,1,Varanus varius/Varanus varius.rds,TRUE,FALSE,
Vespertilio murinus,1,Vespertilio murinus/Vespertilio murinus.rds,TRUE,FALSE,
Vespertilio sinensis,1,Vespertilio sinensis/Vespertilio sinensis.rds,TRUE,FALSE,
Viverricula indica,1,Viverricula indica/Viverricula indica.rds,TRUE,FALSE,
Vulpes lagopus,1,Vulpes lagopus/Vulpes lagopus.rds,TRUE,FALSE,
Vulpes macrotis,1,Vulpes macrotis/Vulpes macrotis.rds,TRUE,FALSE,
Vulpes velox,1,Vulpes velox/Vulpes velox.rds,TRUE,FALSE,
Vulpes vulpes,1,Vulpes vulpes/Vulpes vulpes.rds,TRUE,FALSE,
Zalophus californianus,1,Zalophus californianus/Zalophus californianus.rds,TRUE,FALSE,
Zoothera dauma,1,Zoothera dauma/Zoothera dauma.rds,TRUE,FALSE,
Zygodontomys brevicauda,1,Zygodontomys brevicauda/Zygodontomys brevicauda.rds,TRUE,FALSE,
