bridge_source,bridge_row_type,bridge_to_existing_who,analysis_unit_id,master_row,disease_master_name,resolved_disease_name_final,resolved_pathogen_name_final,resolved_pathogen_rank_final,include_status_final,active_master_analysis_unit,split_group,pathogen_aliases,pathogen_family_master,master_tier,master_guild,master_livestock_amplified,master_key_host_vector,in_master_who,in_master_gibb,in_master_empres_i,in_master_atlas,master_gbif_checked,master_notes,name_resolution_status,existing_lookup_name,match_field,row_type,family,pheic_risk,source_pathogen,source_previous_name,source_msl39_viral_name,source_disease_name,is_priority_pathogen,is_prototype_pathogen,in_gibb_etal,in_empres_i,priority_prototype_status,region_africa,region_americas,region_europe,region_mediterranean,region_se_asia,region_western_pacific,source_unit_scope,analysis_unit,analysis_unit_label,analysis_unit_rank,analysis_decision,decision_rule_trigger,transmission_context,human_infection_status,host_link_status,vector_data_status,amplifier_data_status,example_members,rationale,notes,resolution_source,resolution_notes,clover_matched_pathogen_names,virion_matched_pathogen_names,clover_matched_taxids,virion_matched_taxids,clover_matched_families,virion_matched_families,clover_matched_source_types,virion_matched_source_types,clover_best_match_type,virion_best_match_type,clover_match_status,virion_match_status,preferred_match_source,overall_match_status,preferred_source_match_status,match_review_flag,shared_species_proxy_flag,match_review_notes,host_query_include_default,host_query_bucket,host_query_source,host_query_pathogen_names,host_query_taxids
disease_master_list,master_and_who_existing_resolution,TRUE,master_2,2,Dengue,Dengue,Orthoflavivirus denguei,species_or_equivalent,yes_existing_who,,,,Flaviviridae,1,D,FALSE,Aedes aegypti/albopictus,TRUE,TRUE,FALSE,FALSE,FALSE,High filling,matched_existing_unit_by_manual_alias,Dengue,source_disease_name,source_row,Flaviviridae,High,Orthoflavivirus denguei,Dengue virus,Orthoflavivirus denguei,Dengue,TRUE,TRUE,TRUE,FALSE,both,both,both,both,both,both,both,specific_unit,Orthoflavivirus denguei,Dengue virus,species_or_equivalent,keep,specific_source_row,vector_associated_or_mixed,yes,yes_or_expected_from_source,yes_or_expected,unknown,,Specific zoonotic source row retained as the current analysis unit.,High filling,,,,,,,,,,,,,,,,,,,,,,unmatched,,,
disease_master_list,master_and_who_existing_resolution,TRUE,master_3,3,Zika,Zika virus disease,Orthoflavivirus zikaense,species_or_equivalent,yes_existing_who,,,,Flaviviridae,1,D,FALSE,Aedes aegypti/albopictus,TRUE,TRUE,FALSE,FALSE,FALSE,High filling,matched_existing_unit_by_manual_alias,Zika virus disease,source_disease_name,source_row,Flaviviridae,High,Orthoflavivirus zikaense,Zika virus,Orthoflavivirus zikaense,Zika virus disease,TRUE,TRUE,TRUE,FALSE,both,both,both,none,none,both,both,specific_unit,Orthoflavivirus zikaense,Zika virus,species_or_equivalent,keep,specific_source_row,vector_associated_or_mixed,yes,yes_or_expected_from_source,yes_or_expected,unknown,,Specific zoonotic source row retained as the current analysis unit.,High filling,,,,,,,,,,,,,,,,,,,,,,unmatched,,,
disease_master_list,master_and_who_existing_resolution,TRUE,master_4,4,Chikungunya,Chikungunya fever,Alphavirus chikungunya,species_or_equivalent,yes_existing_who,,,,Togaviridae,1,D,FALSE,Aedes aegypti/albopictus,TRUE,TRUE,FALSE,FALSE,FALSE,High filling,matched_existing_unit_by_manual_alias,Chikungunya fever,source_disease_name,source_row,Togaviridae,High,Alphavirus chikungunya,Chikungunya virus,Alphavirus chikungunya,Chikungunya fever,TRUE,TRUE,TRUE,FALSE,both,both,both,none,none,both,both,specific_unit,Alphavirus chikungunya,Chikungunya virus,species_or_equivalent,keep,specific_source_row,vector_associated_or_mixed,yes,yes_or_expected_from_source,yes_or_expected,unknown,,Specific zoonotic source row retained as the current analysis unit.,High filling,,,,,,,,,,,,,,,,,,,,,,unmatched,,,
disease_master_list,master_and_who_existing_resolution,TRUE,master_5,5,Yellow fever,Yellow fever,Orthoflavivirus flavi,species_or_equivalent,yes_existing_who,,,,Flaviviridae,1,D/E,FALSE,Aedes spp; NHP reservoir,TRUE,TRUE,FALSE,FALSE,TRUE,Vaccination suppresses range. Flag.,matched_existing_unit_by_manual_alias,Yellow fever,source_disease_name,source_row,Flaviviridae,High,Orthoflavivirus flavi,Yellow fever virus,Orthoflavivirus flavi,Yellow fever,TRUE,FALSE,TRUE,FALSE,priority,priority,priority,none,none,none,none,specific_unit,Orthoflavivirus flavi,Yellow fever virus,species_or_equivalent,keep,specific_source_row,vector_associated_or_mixed,yes,yes_or_expected_from_source,yes_or_expected,unknown,,Specific zoonotic source row retained as the current analysis unit.,Vaccination suppresses range. Flag.,,,,,,,,,,,,,,,,,,,,,,unmatched,,,
disease_master_list,master_and_who_existing_resolution,TRUE,master_6,6,West Nile,West Nile fever,Orthoflavivirus nilense,species_or_equivalent,yes_existing_who,,,,Flaviviridae,1,E,FALSE,Culex spp; wild birds,TRUE,TRUE,TRUE,FALSE,FALSE,EMPRES-i adds animal detections,matched_existing_unit_by_manual_alias,West Nile fever,source_disease_name,source_row,Flaviviridae,High,Orthoflavivirus nilense,West Nile virus,Orthoflavivirus nilense,West Nile fever,FALSE,TRUE,TRUE,TRUE,prototype,prototype,prototype,prototype,prototype,prototype,prototype,specific_unit,Orthoflavivirus nilense,West Nile virus,species_or_equivalent,keep,specific_source_row,vector_associated_or_mixed,yes,yes_or_expected_from_source,yes_or_expected,unknown,,Specific zoonotic source row retained as the current analysis unit.,EMPRES-i adds animal detections,,,,,,,,,,,,,,,,,,,,,,unmatched,,,
disease_master_list,master_and_who_existing_resolution,TRUE,master_7,7,CCHF,Crimean-Congo hemorrhagic fever,Orthonairovirus haemorrhagiae,species_or_equivalent,yes_existing_who,,,,Nairoviridae,1,E,TRUE,Hyalomma ticks,TRUE,TRUE,TRUE,FALSE,FALSE,Livestock amplify tick populations,matched_existing_unit_by_manual_alias,Crimean-Congo hemorrhagic fever,source_disease_name,source_row,Nairoviridae,High,Orthonairovirus haemorrhagiae,,,Crimean-Congo hemorrhagic fever,TRUE,TRUE,TRUE,TRUE,both,both,none,both,both,none,both,specific_unit,Orthonairovirus haemorrhagiae,Orthonairovirus haemorrhagiae,species_or_equivalent,keep,specific_source_row,vector_associated_or_mixed,yes,yes_or_expected_from_source,yes_or_expected,unknown,,Specific zoonotic source row retained as the current analysis unit.,Livestock amplify tick populations,,,,,,,,,,,,,,,,,,,,,,unmatched,,,
disease_master_list,master_and_who_existing_resolution,TRUE,master_8,8,Rift Valley fever,Rift Valley fever,Phlebovirus riftense,species_or_equivalent,yes_existing_who,,,,Phenuiviridae,1,C/E,TRUE,Aedes/Culex; livestock amplifier,TRUE,TRUE,TRUE,FALSE,FALSE,Livestock essential to cycle,matched_existing_unit_by_manual_alias,Rift Valley fever,source_disease_name,source_row,Phenuiviridae,High,Phlebovirus riftense,Rift Valley Fever virus,Phlebovirus riftense,Rift Valley fever,FALSE,TRUE,TRUE,TRUE,prototype,prototype,none,none,none,none,none,specific_unit,Phlebovirus riftense,Rift Valley Fever virus,species_or_equivalent,keep,specific_source_row,vector_associated_or_mixed,yes,yes_or_expected_from_source,yes_or_expected,unknown,,Specific zoonotic source row retained as the current analysis unit.,Livestock essential to cycle,,,,,,,,,,,,,,,,,,,,,,unmatched,,,
disease_master_list,master_and_who_existing_resolution,TRUE,master_9,9,Ebola,Ebola virus disease,Orthoebolavirus zairense,species_or_equivalent,yes_existing_who,,,,Filoviridae,1,B,FALSE,"Fruit bats (Hypsignathus, Epomops, Myonycteris)",TRUE,TRUE,TRUE,FALSE,FALSE,Very low filling,matched_existing_unit_by_manual_alias,Ebola virus disease,source_disease_name,source_row,Filoviridae,High,Orthoebolavirus zairense,Ebola virus,Orthoebolavirus zairense,Ebola virus disease,TRUE,TRUE,TRUE,TRUE,both,both,none,none,none,none,none,specific_unit,Orthoebolavirus zairense,Ebola virus,species_or_equivalent,keep,specific_source_row,host_linked_non_vector,yes,yes_or_expected_from_source,not_central_or_unknown,unknown,,Specific zoonotic source row retained as the current analysis unit.,Very low filling,,,,,,,,,,,,,,,,,,,,,,unmatched,,,
disease_master_list,master_and_who_existing_resolution,TRUE,master_10,10,Marburg,Marburg virus disease,Orthomarburgvirus marburgense,species_or_equivalent,yes_existing_who,,,,Filoviridae,1,B,FALSE,Rousettus aegyptiacus,TRUE,TRUE,TRUE,FALSE,FALSE,Very low filling,matched_existing_unit_by_manual_alias,Marburg virus disease,source_disease_name,source_row,Filoviridae,High,Orthomarburgvirus marburgense,Marburg virus,Orthomarburgvirus marburgense,Marburg virus disease,TRUE,FALSE,TRUE,TRUE,priority,priority,none,none,none,none,none,specific_unit,Orthomarburgvirus marburgense,Marburg virus,species_or_equivalent,keep,specific_source_row,host_linked_non_vector,yes,yes_or_expected_from_source,not_central_or_unknown,unknown,,Specific zoonotic source row retained as the current analysis unit.,Very low filling,,,,,,,,,,,,,,,,,,,,,,unmatched,,,
disease_master_list,master_and_who_existing_resolution,TRUE,master_11,11,Lassa,Lassa fever,Mammarenavirus lassaense,species_or_equivalent,yes_existing_who,,,,Arenaviridae,1,A,FALSE,Mastomys natalensis,TRUE,TRUE,FALSE,FALSE,FALSE,Host taxonomy issue (6 lineages),matched_existing_unit_by_manual_alias,Lassa fever,source_disease_name,source_row,Arenaviridae,High,Mammarenavirus lassaense,Lassa Fever virus,Mammarenavirus lassaense,Lassa fever,TRUE,TRUE,TRUE,FALSE,both,both,none,none,none,none,none,specific_unit,Mammarenavirus lassaense,Lassa Fever virus,species_or_equivalent,keep,specific_source_row,host_linked_non_vector,yes,yes_or_expected_from_source,not_central_or_unknown,unknown,,Specific zoonotic source row retained as the current analysis unit.,Host taxonomy issue (6 lineages),,,,,,,,,,,,,,,,,,,,,,unmatched,,,
disease_master_list,master_and_who_existing_resolution,TRUE,master_12,12,Nipah,Nipah virus disease,Henipavirus nipahense,species_or_equivalent,yes_existing_who,,,,Paramyxoviridae,1,B,TRUE,Pteropus bats,TRUE,TRUE,TRUE,FALSE,FALSE,Pig amplification in Malaysia outbreak,matched_existing_unit_by_manual_alias,Nipah virus disease,source_disease_name,source_row,Paramyxoviridae,High,Henipavirus nipahense,Nipah virus,Henipavirus nipahense,Nipah virus disease,TRUE,TRUE,TRUE,TRUE,both,none,none,none,none,both,both,specific_unit,Henipavirus nipahense,Nipah virus,species_or_equivalent,keep,specific_source_row,host_linked_non_vector,yes,yes_or_expected_from_source,not_central_or_unknown,unknown,,Specific zoonotic source row retained as the current analysis unit.,Pig amplification in Malaysia outbreak,,,,,,,,,,,,,,,,,,,,,,unmatched,,,
disease_master_list,master_manual_resolution,FALSE,master_13,13,Hendra,Hendra virus disease,Hendra henipavirus,species,yes,TRUE,hendra,Henipavirus hendraense,Paramyxoviridae,3,B,TRUE,Pteropus bats,TRUE,TRUE,TRUE,FALSE,FALSE,Horse amplification. n=11,needs_pathogen_name_resolution,Hendra virus disease,,,Paramyxoviridae,,,,,Hendra,,,,,,,,,,,,disease_level_review,Hendra,Hendra,disease_or_syndrome_review,review_name_resolution,master_list_new_or_unmatched,B,,,,livestock_amplifier_flag_from_master_list,,Disease appears in the disease master list but has not yet been resolved to a curated pathogen analysis unit.,Horse amplification. n=11,manual_first_pass,May need alias to Hendra virus depending on source table.,hendra henipavirus,henipavirus hendraense,63330,3052223,paramyxoviridae,paramyxoviridae,virus,virus,exact,manual_alias,accepted_candidate,accepted_candidate,virion,matched_or_candidate,preferred_source_matched,FALSE,FALSE,ICTV/NCBI-style species name used in local VIRION taxonomy.,TRUE,default_clean,virion,henipavirus hendraense,3052223
disease_master_list,master_and_who_existing_resolution,TRUE,master_14,14,MERS,Middle East Respiratory Syndrome (MERS),Middle East respiratory syndrome-related coronavirus (MERS-CoV),species,yes_existing_who,,,,Coronaviridae,1,C,TRUE,Dromedary camels,TRUE,TRUE,TRUE,FALSE,FALSE,Camel IS the livestock amplifier,matched_existing_unit_by_manual_alias,MERS-CoV,analysis_unit_label,split_candidate,Coronaviridae,High,Subgenus Merbecovirus,Middle East Respiratory Syndrome Coronavirus,subgenus Merbecovirus,Middle East Respiratory Syndrome (MERS),TRUE,TRUE,FALSE,FALSE,both,none,none,none,both,none,none,broad_subgenus,Middle East respiratory syndrome-related coronavirus (MERS-CoV),MERS-CoV,species,keep,clear_human_infection_and_host_link,host_linked_non_vector,yes,yes,no,yes,,Clear human-pathogenic merbecovirus with established host and amplifier relevance.,Retained as a distinct analysis unit rather than folded into the broader merbecovirus placeholder.,,,,,,,,,,,,,,,,,,,,,,unmatched,,,
disease_master_list,master_and_who_existing_resolution,TRUE,master_15,15,Mpox,Mpox (Monkeypox),Orthopoxvirus monkeypox,species_or_equivalent,yes_existing_who,,,,Poxviridae,1,B,FALSE,Rodents (squirrels),TRUE,TRUE,TRUE,FALSE,FALSE,Pre-2022 sylvatic data only,matched_existing_unit_by_manual_alias,Mpox (Monkeypox),source_disease_name,source_row,Poxviridae,High,Orthopoxvirus monkeypox,Monkeypox virus,Orthopoxvirus monkeypox,Mpox (Monkeypox),TRUE,TRUE,TRUE,TRUE,both,both,both,both,both,both,both,specific_unit,Orthopoxvirus monkeypox,Monkeypox virus,species_or_equivalent,keep,specific_source_row,mixed_or_context_dependent,yes,yes_or_expected_from_source,not_central_or_unknown,unknown,,Specific zoonotic source row retained as the current analysis unit.,Pre-2022 sylvatic data only,,,,,,,,,,,,,,,,,,,,,,unmatched,,,
disease_master_list,master_and_who_existing_resolution,TRUE,master_16,16,Avian influenza (H5N1),Influenza (H5N1 avian influenza),Alphainfluenzavirus influenzae (H5N1),subtype,yes_existing_who,,,,Orthomyxoviridae,1,C,TRUE,Wild waterfowl; poultry interface,TRUE,TRUE,TRUE,FALSE,FALSE,Poultry amplification. Huge EMPRES-i dataset,matched_existing_unit_by_manual_alias,Alphainfluenzavirus influenzae (H5N1),source_pathogen,source_row,Orthomyxoviridae,High,Alphainfluenzavirus influenzae (H5N1),Influenza A,Alphainfluenzavirus influenzae,Influenza (H5N1 avian influenza),TRUE,TRUE,TRUE,TRUE,both,both,both,both,both,both,none,subtype_level,Alphainfluenzavirus influenzae (H5N1),Influenza A,subtype,keep,influenza_keep_h5n1_only,host_linked_non_vector,yes,yes_or_expected_from_source,not_central_or_unknown,unknown,,"Retained as the only active influenza analysis unit from the current WHO shortlist, following the decision to keep H5N1 but drop the other current influenza subtype rows.",Kept as the only influenza subtype from the current WHO shortlist in the active analysis-unit set.,,,,,,,,,,,,,,,,,,,,,,unmatched,,,
disease_master_list,master_and_who_existing_resolution,TRUE,master_17,17,Plague,Plague,Yersinia pestis,species_or_equivalent,yes_existing_who,,,,Yersinia,1,A/E,FALSE,Rodent fleas; wildlife cycle,TRUE,TRUE,FALSE,FALSE,FALSE,,matched_existing_unit_by_manual_alias,Plague,source_disease_name,source_row,Bacteria,High,Yersinia pestis,,,Plague,TRUE,FALSE,TRUE,FALSE,priority,priority,priority,none,none,none,none,specific_unit,Yersinia pestis,Yersinia pestis,species_or_equivalent,keep,specific_source_row,mixed_or_context_dependent,yes,yes_or_expected_from_source,not_central_or_unknown,unknown,,Specific zoonotic source row retained as the current analysis unit.,,,,,,,,,,,,,,,,,,,,,,,unmatched,,,
disease_master_list,master_and_who_existing_resolution,TRUE,master_18,18,Oropouche,Oropouche fever,Orthobunyavirus oropoucheense,species_or_equivalent,yes_existing_who,,,,Peribunyaviridae,1,E,FALSE,Culicoides midges,TRUE,TRUE,FALSE,FALSE,FALSE,,matched_existing_unit_by_manual_alias,Oropouche fever,source_disease_name,source_row,Peribunyaviridae,Low,Orthobunyavirus oropoucheense,Oropouche virus,Orthobunyavirus oropoucheense,Oropouche fever,FALSE,TRUE,TRUE,TRUE,prototype,none,prototype,none,none,none,none,specific_unit,Orthobunyavirus oropoucheense,Oropouche virus,species_or_equivalent,keep,specific_source_row,vector_associated_or_mixed,yes,yes_or_expected_from_source,yes_or_expected,unknown,,Specific zoonotic source row retained as the current analysis unit.,,,,,,,,,,,,,,,,,,,,,,,unmatched,,,
disease_master_list,master_and_who_existing_resolution,TRUE,master_19,19,HCPS (hantaviruses),Hantavirus pulmonary syndrome,Orthohantavirus sinnombreense,species_or_equivalent,yes_existing_who,,,,Hantaviridae,1,A,FALSE,Sigmodontine rodents,TRUE,TRUE,FALSE,FALSE,FALSE,Split by virus in Atlas dataset,matched_existing_unit_by_manual_alias,Hantavirus pulmonary syndrome,source_disease_name,source_row,Hantaviridae,High,Orthohantavirus sinnombreense,Sinnombre virus,Orthohantavirus sinnombreense,Hantavirus pulmonary syndrome,TRUE,TRUE,FALSE,FALSE,both,none,both,none,none,none,none,specific_unit,Orthohantavirus sinnombreense,Sinnombre virus,species_or_equivalent,keep,specific_source_row,host_linked_non_vector,yes,yes_or_expected_from_source,not_central_or_unknown,unknown,,Specific zoonotic source row retained as the current analysis unit.,Split by virus in Atlas dataset,,,,,,,,,,,,,,,,,,,,,,unmatched,,,
disease_master_list,master_and_who_existing_resolution,TRUE,master_20,20,Argentine HF (Junin),Argentine hemorrhagic fever,Mammarenavirus juninense,species_or_equivalent,yes_existing_who,,,,Arenaviridae,1,A,FALSE,Calomys musculinus,TRUE,TRUE,FALSE,TRUE,FALSE,,matched_existing_unit_by_manual_alias,Argentine hemorrhagic fever,source_disease_name,source_row,Arenaviridae,High,Mammarenavirus juninense,Junin virus,Mammarenavirus juninense,Argentine hemorrhagic fever,FALSE,TRUE,TRUE,FALSE,prototype,none,prototype,none,none,none,none,specific_unit,Mammarenavirus juninense,Junin virus,species_or_equivalent,keep,specific_source_row,host_linked_non_vector,yes,yes_or_expected_from_source,not_central_or_unknown,unknown,,Specific zoonotic source row retained as the current analysis unit.,,,,,,,,,,,,,,,,,,,,,,,unmatched,,,
disease_master_list,master_and_who_existing_resolution,TRUE,master_22,22,Sarbecoviruses (SARS-like),Severe Acute Respiratory Syndrome (SARS); COVID-19,SARS-like bat sarbecoviruses,species_group,yes_existing_who,,,,Coronaviridae,3,B,FALSE,Rhinolophus bats,TRUE,FALSE,FALSE,FALSE,TRUE,GenBank bat detections,matched_existing_unit_by_manual_alias,Subgenus Sarbecovirus,source_pathogen,split_candidate,Coronaviridae,High,Subgenus Sarbecovirus,Severe Acute Respiratory Syndrome coronavirus,subgenus Sarbecovirus,Severe Acute Respiratory Syndrome (SARS); COVID-19,TRUE,TRUE,FALSE,FALSE,both,none,both,none,both,priority,none,broad_subgenus,SARS-like bat sarbecoviruses,SARS-like bat sarbecoviruses,species_group,keep,host_link_and_zoonotic_potential_group,host_linked_non_vector,zoonotic_potential,yes,no,unknown,RaTG13; RmYN02; WIV1; SHC014; Rs3367; RsSHC014; Rs4028; BtKY72; PDF-2370,Retained as an active wildlife sarbecovirus analysis group because host-link data and zoonotic concern exist even where direct human infection is unclear or absent.,Treat the listed viruses as supporting examples inside this group rather than splitting further for now.,,,,,,,,,,,,,,,,,,,,,,unmatched,,,
disease_master_list,master_and_who_existing_resolution,TRUE,master_23,23,Tick-borne encephalitis,Tick-borne encephalitis,Orthoflavivirus encephalitidis,species_or_equivalent,yes_existing_who,,,,Flaviviridae,2,E,FALSE,Ixodes ticks,TRUE,FALSE,FALSE,FALSE,TRUE,ECDC surveillance data,matched_existing_unit_by_manual_alias,Tick-borne encephalitis,source_disease_name,source_row,Flaviviridae,High,Orthoflavivirus encephalitidis,Tick-borne encephalitis virus,Orthoflavivirus encephalitidis,Tick-borne encephalitis,FALSE,TRUE,FALSE,FALSE,prototype,none,prototype,prototype,none,none,none,specific_unit,Orthoflavivirus encephalitidis,Tick-borne encephalitis virus,species_or_equivalent,keep,specific_source_row,vector_associated_or_mixed,yes,yes_or_expected_from_source,yes_or_expected,unknown,,Specific zoonotic source row retained as the current analysis unit.,ECDC surveillance data,,,,,,,,,,,,,,,,,,,,,,unmatched,,,
disease_master_list,master_and_who_existing_resolution,TRUE,master_24,24,SFTS (Bandavirus),Severe fever with thrombocytopenia syndrome (SFTS),Bandavirus dabieense,species_or_equivalent,yes_existing_who,,,,Phenuiviridae,2,E,FALSE,Haemaphysalis longicornis,TRUE,FALSE,FALSE,FALSE,TRUE,Published case series China/Japan/Korea,matched_existing_unit_by_manual_alias,Severe fever with thrombocytopenia syndrome (SFTS),source_disease_name,source_row,Phenuiviridae,High,Bandavirus dabieense,SFTS virus,Bandavirus dabieense,Severe fever with thrombocytopenia syndrome (SFTS),TRUE,TRUE,FALSE,FALSE,both,none,none,none,none,both,both,specific_unit,Bandavirus dabieense,SFTS virus,species_or_equivalent,keep,specific_source_row,vector_associated_or_mixed,yes,yes_or_expected_from_source,yes_or_expected,unknown,,Specific zoonotic source row retained as the current analysis unit.,Published case series China/Japan/Korea,,,,,,,,,,,,,,,,,,,,,,unmatched,,,
disease_master_list,master_and_who_existing_resolution,TRUE,master_25,25,VEE,Venezuelan equine encephalitis,Alphavirus venezuelan,species_or_equivalent,yes_existing_who,,,,Togaviridae,1/2,E,TRUE,Mosquitoes; rodent reservoir,TRUE,FALSE,TRUE,FALSE,FALSE,Equine amplification,matched_existing_unit_by_manual_alias,Venezuelan equine encephalitis,source_disease_name,source_row,Togaviridae,High,Alphavirus venezuelan,Venezuelan equine encephalitis virus,Alphavirus venezuelan,Venezuelan equine encephalitis,TRUE,TRUE,FALSE,TRUE,both,none,both,none,none,none,none,specific_unit,Alphavirus venezuelan,Venezuelan equine encephalitis virus,species_or_equivalent,keep,specific_source_row,vector_associated_or_mixed,yes,yes_or_expected_from_source,yes_or_expected,unknown,,Specific zoonotic source row retained as the current analysis unit.,Equine amplification,,,,,,,,,,,,,,,,,,,,,,unmatched,,,
disease_master_list,master_and_who_existing_resolution,TRUE,master_26,26,Borna disease,Borna disease (encephalitis),Orthobornavirus bornaense,species_or_equivalent,yes_existing_who,,,,Bornaviridae,3,B,FALSE,Bicolored white-toothed shrew,TRUE,FALSE,FALSE,FALSE,FALSE,Extremely rare,matched_existing_unit_by_manual_alias,Borna disease (encephalitis),source_disease_name,source_row,Bornaviridae,Low,Orthobornavirus bornaense,Mammalian Bornavirus 1 (BoDV-1),Orthobornavirus bornaense,Borna disease (encephalitis),FALSE,TRUE,FALSE,FALSE,prototype,none,none,prototype,none,none,none,specific_unit,Orthobornavirus bornaense,Mammalian Bornavirus 1 (BoDV-1),species_or_equivalent,keep,specific_source_row,host_linked_non_vector,yes,yes_or_expected_from_source,not_central_or_unknown,unknown,,Specific zoonotic source row retained as the current analysis unit.,Extremely rare,,,,,,,,,,,,,,,,,,,,,,unmatched,,,
disease_master_list,master_and_who_existing_resolution,TRUE,master_27,27,Lujo HF,Lujo hemorrhagic fever,Mammarenavirus lujoense,species_or_equivalent,yes_existing_who,,,,Arenaviridae,3,A,FALSE,Unknown rodent,TRUE,FALSE,FALSE,FALSE,FALSE,Single outbreak 2008,matched_existing_unit_by_manual_alias,Lujo hemorrhagic fever,source_disease_name,source_row,Arenaviridae,High,Mammarenavirus lujoense,Lujo virus,Mammarenavirus lujoense,Lujo hemorrhagic fever,FALSE,TRUE,FALSE,FALSE,prototype,prototype,none,none,none,none,none,specific_unit,Mammarenavirus lujoense,Lujo virus,species_or_equivalent,keep,specific_source_row,host_linked_non_vector,yes,yes_or_expected_from_source,not_central_or_unknown,unknown,,Specific zoonotic source row retained as the current analysis unit.,Single outbreak 2008,,,,,,,,,,,,,,,,,,,,,,unmatched,,,
disease_master_list,master_and_who_existing_resolution,TRUE,master_28,28,Hepatitis E (zoonotic),Hepatitis E,Paslahepevirus balayani genotype 3,species_or_equivalent,yes_existing_who,,,,Hepeviridae,3,A,TRUE,"Wild boar, deer",TRUE,FALSE,FALSE,FALSE,FALSE,Low priority. Pig amplification,matched_existing_unit_by_manual_alias,Hepatitis E,source_disease_name,source_row,Hepeviridae,Low,Paslahepevirus balayani genotype 3,Hepatitis E virus,Paslahepevirus balayani,Hepatitis E,FALSE,TRUE,FALSE,FALSE,prototype,prototype,prototype,prototype,prototype,prototype,prototype,specific_unit,Paslahepevirus balayani genotype 3,Hepatitis E virus,species_or_equivalent,keep,specific_source_row,host_linked_non_vector,yes,yes_or_expected_from_source,not_central_or_unknown,unknown,,Specific zoonotic source row retained as the current analysis unit.,Low priority. Pig amplification,,,,,,,,,,,,,,,,,,,,,,unmatched,,,
disease_master_list,master_manual_resolution,FALSE,master_30,30,Lyme disease,Lyme disease,Borrelia burgdorferi sensu lato,species_complex,hold,FALSE,lyme_borreliosis,Borreliella burgdorferi,Borrelia,1,E,FALSE,Ixodes ticks; rodent/deer,FALSE,TRUE,FALSE,TRUE,FALSE,Highest n. High filling,needs_pathogen_name_resolution,,,,Borrelia,,,,,Lyme disease,,,,,,,,,,,,disease_level_review,Lyme disease,Lyme disease,disease_or_syndrome_review,review_name_resolution,master_list_new_or_unmatched,E,,,,unknown,,Disease appears in the disease master list but has not yet been resolved to a curated pathogen analysis unit.,Highest n. High filling,manual_first_pass,Use the B. burgdorferi sensu lato complex rather than B. burgdorferi s.s. only.,,,,,,,,,,,,,,,,,,,FALSE,hold,,,
disease_master_list,master_manual_resolution,FALSE,master_31,31,Japanese encephalitis,Japanese encephalitis,Japanese encephalitis virus,species,yes,TRUE,japanese_encephalitis,Orthoflavivirus japonicum,Flaviviridae,1,E,TRUE,Culex tritaeniorhynchus; pigs; wading birds,FALSE,TRUE,TRUE,FALSE,FALSE,Pig amplification essential. Vaccination flag.,needs_pathogen_name_resolution,,,,Flaviviridae,,,,,Japanese encephalitis,,,,,,,,,,,,disease_level_review,Japanese encephalitis,Japanese encephalitis,disease_or_syndrome_review,review_name_resolution,master_list_new_or_unmatched,E,,,,livestock_amplifier_flag_from_master_list,,Disease appears in the disease master list but has not yet been resolved to a curated pathogen analysis unit.,Pig amplification essential. Vaccination flag.,manual_first_pass,Taxonomy/name may need canonical NCBI update.,japanese encephalitis virus,orthoflavivirus japonicum,11072,11072; 3048158,flaviviridae,flaviviridae,virus,virus,exact,manual_alias,accepted_candidate,accepted_candidate,virion,matched_or_candidate,preferred_source_matched,FALSE,FALSE,ICTV/NCBI-style species name used in local VIRION taxonomy.,TRUE,default_clean,virion,orthoflavivirus japonicum,11072; 3048158
disease_master_list,master_manual_resolution,FALSE,master_32,32,Chagas (acute),Chagas disease,Trypanosoma cruzi,species,yes,TRUE,chagas_disease,,Trypanosoma,1,E,FALSE,Triatomine bugs,FALSE,TRUE,FALSE,FALSE,TRUE,"GBIF adds ~2,500 T. cruzi records",needs_pathogen_name_resolution,,,,Trypanosoma,,,,,Chagas (acute),,,,,,,,,,,,disease_level_review,Chagas (acute),Chagas (acute),disease_or_syndrome_review,review_name_resolution,master_list_new_or_unmatched,E,,,,unknown,,Disease appears in the disease master list but has not yet been resolved to a curated pathogen analysis unit.,"GBIF adds ~2,500 T. cruzi records",manual_first_pass,,trypanosoma cruzi,,5693,,trypanosomatidae,,protozoa,,exact,,accepted_candidate,,clover,matched_or_candidate,preferred_source_matched,FALSE,FALSE,,TRUE,default_clean,clover,trypanosoma cruzi,5693
disease_master_list,master_manual_resolution,FALSE,master_33,33,Melioidosis,Melioidosis,Burkholderia pseudomallei,species,yes,TRUE,melioidosis,,Burkholderia,1,env,FALSE,Environmental (B. pseudomallei),FALSE,TRUE,FALSE,FALSE,FALSE,No animal reservoir,needs_pathogen_name_resolution,,,,Burkholderia,,,,,Melioidosis,,,,,,,,,,,,disease_level_review,Melioidosis,Melioidosis,disease_or_syndrome_review,review_name_resolution,master_list_new_or_unmatched,env,,,,unknown,,Disease appears in the disease master list but has not yet been resolved to a curated pathogen analysis unit.,No animal reservoir,manual_first_pass,,burkholderia pseudomallei,,28450,,burkholderiaceae,,bacteria/rickettsia,,exact,,accepted_candidate,,clover,matched_or_candidate,preferred_source_matched,FALSE,FALSE,,TRUE,default_clean,clover,burkholderia pseudomallei,28450
disease_master_list,master_manual_resolution,FALSE,master_34,34,Brazilian spotted fever,Brazilian spotted fever,Rickettsia rickettsii,species,yes,TRUE,brazilian_spotted_fever,,Rickettsia,1,E,FALSE,Amblyomma ticks,FALSE,TRUE,FALSE,FALSE,FALSE,,needs_pathogen_name_resolution,,,,Rickettsia,,,,,Brazilian spotted fever,,,,,,,,,,,,disease_level_review,Brazilian spotted fever,Brazilian spotted fever,disease_or_syndrome_review,review_name_resolution,master_list_new_or_unmatched,E,,,,unknown,,Disease appears in the disease master list but has not yet been resolved to a curated pathogen analysis unit.,,manual_first_pass,Most likely main analysis unit; review whether to include R. parkeri-like agents separately.,rickettsia rickettsii,,783,,rickettsiaceae,,bacteria/rickettsia,,exact,,accepted_candidate,,clover,matched_or_candidate,preferred_source_matched,FALSE,FALSE,,TRUE,default_clean,clover,rickettsia rickettsii,783
disease_master_list,master_manual_resolution,FALSE,master_35,35,La Crosse encephalitis,La Crosse encephalitis,La Crosse virus,species,yes,TRUE,la_crosse_encephalitis,Orthobunyavirus lacrosseense,Peribunyaviridae,1,E,FALSE,Aedes treehole mosquitoes,FALSE,TRUE,FALSE,TRUE,FALSE,,needs_pathogen_name_resolution,,,,Peribunyaviridae,,,,,La Crosse encephalitis,,,,,,,,,,,,disease_level_review,La Crosse encephalitis,La Crosse encephalitis,disease_or_syndrome_review,review_name_resolution,master_list_new_or_unmatched,E,,,,unknown,,Disease appears in the disease master list but has not yet been resolved to a curated pathogen analysis unit.,,manual_first_pass,Taxonomy/name may need canonical NCBI update.,,orthobunyavirus lacrosseense,,3052409,,peribunyaviridae,,virus,,manual_alias,,accepted_candidate,virion,matched_or_candidate,preferred_source_matched,FALSE,FALSE,ICTV/NCBI-style species name used in local VIRION taxonomy.,TRUE,default_clean,virion,orthobunyavirus lacrosseense,3052409
disease_master_list,master_manual_resolution,FALSE,master_36,36,Powassan,Powassan virus disease,Powassan virus,species,yes,TRUE,powassan_virus_disease,Orthoflavivirus powassanense,Flaviviridae,1,E,FALSE,Ixodes ticks,FALSE,TRUE,FALSE,TRUE,FALSE,,needs_pathogen_name_resolution,,,,Flaviviridae,,,,,Powassan,,,,,,,,,,,,disease_level_review,Powassan,Powassan,disease_or_syndrome_review,review_name_resolution,master_list_new_or_unmatched,E,,,,unknown,,Disease appears in the disease master list but has not yet been resolved to a curated pathogen analysis unit.,,manual_first_pass,Consider whether deer tick virus lineage is handled separately or within Powassan virus.,powassan virus,orthoflavivirus powassanense,11083,11083; 3048287,flaviviridae,flaviviridae,virus,virus,exact,manual_alias,accepted_candidate,accepted_candidate,virion,matched_or_candidate,preferred_source_matched,FALSE,FALSE,ICTV/NCBI-style species name used in local VIRION taxonomy.,TRUE,default_clean,virion,orthoflavivirus powassanense,11083; 3048287
disease_master_list,master_manual_resolution,FALSE,master_37,37,EEE,Eastern equine encephalitis,Eastern equine encephalitis virus,species,yes,TRUE,eastern_equine_encephalitis,Alphavirus eastern,Togaviridae,1,E,TRUE,Mosquitoes; wild birds,FALSE,TRUE,TRUE,FALSE,FALSE,Equine amplification,needs_pathogen_name_resolution,,,,Togaviridae,,,,,EEE,,,,,,,,,,,,disease_level_review,EEE,EEE,disease_or_syndrome_review,review_name_resolution,master_list_new_or_unmatched,E,,,,livestock_amplifier_flag_from_master_list,,Disease appears in the disease master list but has not yet been resolved to a curated pathogen analysis unit.,Equine amplification,manual_first_pass,,eastern equine encephalitis virus,eastern equine encephalitis virus,11021,11021,togaviridae,togaviridae,virus,virus,exact,exact,accepted_candidate,accepted_candidate,virion,matched_or_candidate,preferred_source_matched,FALSE,FALSE,,TRUE,default_clean,virion,eastern equine encephalitis virus,11021
disease_master_list,master_manual_resolution,FALSE,master_38,38,WEE,Western equine encephalitis,Western equine encephalitis virus,species,yes,TRUE,western_equine_encephalitis,Alphavirus western,Togaviridae,1,E,TRUE,Mosquitoes; wild birds,FALSE,TRUE,TRUE,FALSE,FALSE,Equine amplification,needs_pathogen_name_resolution,,,,Togaviridae,,,,,WEE,,,,,,,,,,,,disease_level_review,WEE,WEE,disease_or_syndrome_review,review_name_resolution,master_list_new_or_unmatched,E,,,,livestock_amplifier_flag_from_master_list,,Disease appears in the disease master list but has not yet been resolved to a curated pathogen analysis unit.,Equine amplification,manual_first_pass,,western equine encephalitis virus,western equine encephalitis virus,11039,11039,togaviridae,togaviridae,virus,virus,exact,exact,accepted_candidate,accepted_candidate,virion,matched_or_candidate,preferred_source_matched,FALSE,FALSE,,TRUE,default_clean,virion,western equine encephalitis virus,11039
disease_master_list,master_manual_resolution,FALSE,master_39,39,Jamestown Canyon,Jamestown Canyon virus disease,Jamestown Canyon virus,species,yes,TRUE,jamestown_canyon_virus_disease,Orthobunyavirus jamestownense,Peribunyaviridae,1,E,FALSE,Mosquitoes; deer,FALSE,TRUE,FALSE,TRUE,FALSE,,needs_pathogen_name_resolution,,,,Peribunyaviridae,,,,,Jamestown Canyon,,,,,,,,,,,,disease_level_review,Jamestown Canyon,Jamestown Canyon,disease_or_syndrome_review,review_name_resolution,master_list_new_or_unmatched,E,,,,unknown,,Disease appears in the disease master list but has not yet been resolved to a curated pathogen analysis unit.,,manual_first_pass,,,orthobunyavirus jamestownense,,3052402,,peribunyaviridae,,virus,,manual_alias,,accepted_candidate,virion,matched_or_candidate,preferred_source_matched,FALSE,FALSE,ICTV/NCBI-style species name used in local VIRION taxonomy.,TRUE,default_clean,virion,orthobunyavirus jamestownense,3052402
disease_master_list,master_manual_resolution,FALSE,master_40,40,St. Louis encephalitis,Saint Louis encephalitis,Saint Louis encephalitis virus,species,yes,TRUE,saint_louis_encephalitis,Orthoflavivirus louisense,Flaviviridae,1,E,FALSE,Culex; wild birds,FALSE,TRUE,FALSE,FALSE,FALSE,,needs_pathogen_name_resolution,,,,Flaviviridae,,,,,St. Louis encephalitis,,,,,,,,,,,,disease_level_review,St. Louis encephalitis,St. Louis encephalitis,disease_or_syndrome_review,review_name_resolution,master_list_new_or_unmatched,E,,,,unknown,,Disease appears in the disease master list but has not yet been resolved to a curated pathogen analysis unit.,,manual_first_pass,,saint louis encephalitis virus,orthoflavivirus louisense,11080,11080; 3052468,flaviviridae,flaviviridae,virus,virus,exact,manual_alias,accepted_candidate,accepted_candidate,virion,matched_or_candidate,preferred_source_matched,FALSE,FALSE,ICTV/NCBI-style species name used in local VIRION taxonomy.,TRUE,default_clean,virion,orthoflavivirus louisense,11080; 3052468
disease_master_list,master_manual_resolution,FALSE,master_41,41,Mayaro,Mayaro virus disease,Mayaro virus,species,yes,TRUE,mayaro_virus_disease,Alphavirus mayaro,Togaviridae,1,E,FALSE,Haemagogus mosquitoes; NHP,FALSE,TRUE,FALSE,FALSE,FALSE,,needs_pathogen_name_resolution,,,,Togaviridae,,,,,Mayaro,,,,,,,,,,,,disease_level_review,Mayaro,Mayaro,disease_or_syndrome_review,review_name_resolution,master_list_new_or_unmatched,E,,,,unknown,,Disease appears in the disease master list but has not yet been resolved to a curated pathogen analysis unit.,,manual_first_pass,,mayaro virus,alphavirus mayaro,59301,3426306; 59301,togaviridae,togaviridae,virus,virus,exact,manual_alias,accepted_candidate,accepted_candidate,virion,matched_or_candidate,preferred_source_matched,FALSE,FALSE,ICTV/NCBI-style species name used in local VIRION taxonomy.,TRUE,default_clean,virion,alphavirus mayaro,3426306; 59301
disease_master_list,master_manual_resolution,FALSE,master_42,42,Zoonotic malaria (P. knowlesi),Zoonotic malaria,Plasmodium knowlesi,species,yes,TRUE,zoonotic_malaria_p_knowlesi,,Plasmodium,1,E,FALSE,Anopheles; macaque reservoir,FALSE,TRUE,FALSE,FALSE,FALSE,,needs_pathogen_name_resolution,,,,Plasmodium,,,,,Zoonotic malaria (P. knowlesi),,,,,,,,,,,,disease_level_review,Zoonotic malaria (P. knowlesi),Zoonotic malaria (P. knowlesi),disease_or_syndrome_review,review_name_resolution,master_list_new_or_unmatched,E,,,,unknown,,Disease appears in the disease master list but has not yet been resolved to a curated pathogen analysis unit.,,manual_first_pass,,plasmodium knowlesi,,5850,,plasmodiidae,,protozoa,,exact,,accepted_candidate,,clover,matched_or_candidate,preferred_source_matched,FALSE,FALSE,,TRUE,default_clean,clover,plasmodium knowlesi,5850
disease_master_list,master_manual_resolution,FALSE,master_43,43,Anthrax,Anthrax,Bacillus anthracis,species,yes,TRUE,anthrax,,Bacillus,1,B/env,TRUE,Soil spores; wildlife cycle,FALSE,TRUE,TRUE,FALSE,FALSE,Livestock amplify outbreaks,needs_pathogen_name_resolution,,,,Bacillus,,,,,Anthrax,,,,,,,,,,,,disease_level_review,Anthrax,Anthrax,disease_or_syndrome_review,review_name_resolution,master_list_new_or_unmatched,B/env,,,,livestock_amplifier_flag_from_master_list,,Disease appears in the disease master list but has not yet been resolved to a curated pathogen analysis unit.,Livestock amplify outbreaks,manual_first_pass,,bacillus anthracis,,1392,,bacillaceae,,bacteria/rickettsia,,exact,,accepted_candidate,,clover,matched_or_candidate,preferred_source_matched,FALSE,FALSE,,TRUE,default_clean,clover,bacillus anthracis,1392
disease_master_list,master_manual_resolution,FALSE,master_45,45,O'nyong-nyong,O'nyong-nyong fever,O'nyong-nyong virus,species,yes,TRUE,onyong_nyong,Onyong-nyong virus,Togaviridae,2,E,FALSE,Anopheles funestus/gambiae,FALSE,FALSE,FALSE,FALSE,FALSE,Only alphavirus using malaria vectors. Pezzi et al. 2019,needs_pathogen_name_resolution,,,,Togaviridae,,,,,O'nyong-nyong,,,,,,,,,,,,disease_level_review,O'nyong-nyong,O'nyong-nyong,disease_or_syndrome_review,review_name_resolution,master_list_new_or_unmatched,E,,,,unknown,,Disease appears in the disease master list but has not yet been resolved to a curated pathogen analysis unit.,Only alphavirus using malaria vectors. Pezzi et al. 2019,manual_first_pass,,,onyong-nyong virus,,2169701,,togaviridae,,virus,,manual_alias,,accepted_candidate,virion,matched_or_candidate,preferred_source_matched,FALSE,FALSE,Local VIRION spelling omits the apostrophe.,TRUE,default_clean,virion,onyong-nyong virus,2169701
disease_master_list,master_manual_resolution,FALSE,master_46,46,Scrub typhus,Scrub typhus,Orientia tsutsugamushi,species,yes,TRUE,scrub_typhus,,Orientia,1?,E,FALSE,Leptotrombidium mites (chiggers),FALSE,FALSE,FALSE,FALSE,FALSE,VectorMap data. ~1M cases/yr. Unique vector type,needs_pathogen_name_resolution,,,,Orientia,,,,,Scrub typhus,,,,,,,,,,,,disease_level_review,Scrub typhus,Scrub typhus,disease_or_syndrome_review,review_name_resolution,master_list_new_or_unmatched,E,,,,unknown,,Disease appears in the disease master list but has not yet been resolved to a curated pathogen analysis unit.,VectorMap data. ~1M cases/yr. Unique vector type,manual_first_pass,Review whether scrub typhus group should include additional Orientia species.,orientia tsutsugamushi,,784,,rickettsiaceae,,bacteria/rickettsia,,exact,,accepted_candidate,,clover,matched_or_candidate,preferred_source_matched,FALSE,FALSE,,TRUE,default_clean,clover,orientia tsutsugamushi,784
disease_master_list,master_manual_resolution,FALSE,master_47,47,Ross River virus,Ross River virus disease,Ross River virus,species,yes,TRUE,ross_river_virus,Alphavirus rossriver,Togaviridae,2,E,FALSE,Aedes/Culex; macropod reservoir,FALSE,FALSE,FALSE,FALSE,FALSE,Australian. ~5000 cases/yr,needs_pathogen_name_resolution,,,,Togaviridae,,,,,Ross River virus,,,,,,,,,,,,disease_level_review,Ross River virus,Ross River virus,disease_or_syndrome_review,review_name_resolution,master_list_new_or_unmatched,E,,,,unknown,,Disease appears in the disease master list but has not yet been resolved to a curated pathogen analysis unit.,Australian. ~5000 cases/yr,manual_first_pass,,ross river virus,alphavirus rossriver,11029,11029; 3426314,togaviridae,togaviridae,virus,virus,exact,manual_alias,accepted_candidate,accepted_candidate,virion,matched_or_candidate,preferred_source_matched,FALSE,FALSE,ICTV/NCBI-style species name used in local VIRION taxonomy.,TRUE,default_clean,virion,alphavirus rossriver,11029; 3426314
disease_master_list,master_manual_resolution,FALSE,master_48,48,Barmah Forest virus,Barmah Forest virus disease,Barmah Forest virus,species,yes,TRUE,barmah_forest_virus,Alphavirus barmah,Togaviridae,2,E,FALSE,Aedes/Culex,FALSE,FALSE,FALSE,FALSE,FALSE,Australian companion to Ross River,needs_pathogen_name_resolution,,,,Togaviridae,,,,,Barmah Forest virus,,,,,,,,,,,,disease_level_review,Barmah Forest virus,Barmah Forest virus,disease_or_syndrome_review,review_name_resolution,master_list_new_or_unmatched,E,,,,unknown,,Disease appears in the disease master list but has not yet been resolved to a curated pathogen analysis unit.,Australian companion to Ross River,manual_first_pass,,barmah forest virus,alphavirus barmah,11020,11020; 3426294,togaviridae,togaviridae,virus,virus,exact,manual_alias,accepted_candidate,accepted_candidate,virion,matched_or_candidate,preferred_source_matched,FALSE,FALSE,ICTV/NCBI-style species name used in local VIRION taxonomy.,TRUE,default_clean,virion,alphavirus barmah,11020; 3426294
disease_master_list,master_manual_resolution,FALSE,master_49,49,Bartonellosis,Bartonellosis,Bartonella bacilliformis,species,yes,TRUE,bartonellosis,,Bartonella,2,E,FALSE,Lutzomyia sand flies,FALSE,FALSE,FALSE,FALSE,FALSE,Peru/Ecuador/Colombia,needs_pathogen_name_resolution,,,,Bartonella,,,,,Bartonellosis,,,,,,,,,,,,disease_level_review,Bartonellosis,Bartonellosis,disease_or_syndrome_review,review_name_resolution,master_list_new_or_unmatched,E,,,,unknown,,Disease appears in the disease master list but has not yet been resolved to a curated pathogen analysis unit.,Peru/Ecuador/Colombia,manual_first_pass,Assumes Carrion's disease/Oroya fever context because sand fly vector is listed; review if broader Bartonella intended.,bartonella bacilliformis,,774,,bartonellaceae,,bacteria/rickettsia,,exact,,accepted_candidate,,clover,matched_or_candidate,preferred_source_matched,FALSE,FALSE,,TRUE,default_clean,clover,bartonella bacilliformis,774
disease_master_list,master_manual_resolution,FALSE,master_50,50,Murine typhus,Murine typhus,Rickettsia typhi,species,yes,TRUE,murine_typhus,,Rickettsia,2,A,FALSE,Xenopsylla cheopis (rat flea); Rattus,FALSE,FALSE,FALSE,FALSE,FALSE,Flea-vectored. Cosmopolitan Rattus host,needs_pathogen_name_resolution,,,,Rickettsia,,,,,Murine typhus,,,,,,,,,,,,disease_level_review,Murine typhus,Murine typhus,disease_or_syndrome_review,review_name_resolution,master_list_new_or_unmatched,A,,,,unknown,,Disease appears in the disease master list but has not yet been resolved to a curated pathogen analysis unit.,Flea-vectored. Cosmopolitan Rattus host,manual_first_pass,,rickettsia typhi,,785,,rickettsiaceae,,bacteria/rickettsia,,exact,,accepted_candidate,,clover,matched_or_candidate,preferred_source_matched,FALSE,FALSE,,TRUE,default_clean,clover,rickettsia typhi,785
disease_master_list,master_manual_resolution,FALSE,master_52,52,Bluetongue,Bluetongue,Bluetongue virus,species,yes,TRUE,bluetongue,Orbivirus caerulinguae,Reoviridae,1,E,TRUE,Culicoides midges,FALSE,FALSE,TRUE,FALSE,FALSE,"Best livestock addition. 19,467 records",needs_pathogen_name_resolution,,,,Reoviridae,,,,,Bluetongue,,,,,,,,,,,,disease_level_review,Bluetongue,Bluetongue,disease_or_syndrome_review,review_name_resolution,master_list_new_or_unmatched,E,,,,livestock_amplifier_flag_from_master_list,,Disease appears in the disease master list but has not yet been resolved to a curated pathogen analysis unit.,"Best livestock addition. 19,467 records",manual_first_pass,Serotypes likely collapse under one analysis unit unless later split is needed.,bluetongue virus,orbivirus caerulinguae,40051,3431240; 40051,reoviridae,sedoreoviridae,virus,virus,exact,manual_alias,accepted_candidate,accepted_candidate,virion,matched_or_candidate,preferred_source_matched,FALSE,FALSE,ICTV/NCBI-style species name used in local VIRION taxonomy.,TRUE,default_clean,virion,orbivirus caerulinguae,3431240; 40051
disease_master_list,master_manual_resolution,FALSE,master_53,53,Rabies,Rabies,Rabies lyssavirus,species,yes,TRUE,rabies,Lyssavirus rabies,Lyssaviridae,1,B,FALSE,Multiple wildlife reservoirs,FALSE,FALSE,TRUE,FALSE,FALSE,"3,788 records",needs_pathogen_name_resolution,,,,Lyssaviridae,,,,,Rabies,,,,,,,,,,,,disease_level_review,Rabies,Rabies,disease_or_syndrome_review,review_name_resolution,master_list_new_or_unmatched,B,,,,unknown,,Disease appears in the disease master list but has not yet been resolved to a curated pathogen analysis unit.,"3,788 records",manual_first_pass,May need alias to Rabies virus depending on source table.,rabies lyssavirus,lyssavirus rabies,11292,11292,rhabdoviridae,rhabdoviridae,virus,virus,exact,manual_alias,accepted_candidate,accepted_candidate,virion,matched_or_candidate,preferred_source_matched,FALSE,FALSE,ICTV/NCBI-style species name used in local VIRION taxonomy.,TRUE,default_clean,virion,lyssavirus rabies,11292
disease_master_list,master_manual_resolution,FALSE,master_54,54,Lumpy skin disease,Lumpy skin disease,Lumpy skin disease virus,species,yes,TRUE,lumpy_skin_disease,Capripoxvirus lumpyskinpox,Poxviridae,1,E,TRUE,Culicoides/mosquitoes,FALSE,FALSE,TRUE,FALSE,FALSE,"5,296 records. Partly trade-mediated",needs_pathogen_name_resolution,,,,Poxviridae,,,,,Lumpy skin disease,,,,,,,,,,,,disease_level_review,Lumpy skin disease,Lumpy skin disease,disease_or_syndrome_review,review_name_resolution,master_list_new_or_unmatched,E,,,,livestock_amplifier_flag_from_master_list,,Disease appears in the disease master list but has not yet been resolved to a curated pathogen analysis unit.,"5,296 records. Partly trade-mediated",manual_first_pass,,lumpy skin disease virus,capripoxvirus lumpyskinpox,59509,3427718; 59509,poxviridae,poxviridae,virus,virus,exact,manual_alias,accepted_candidate,accepted_candidate,virion,matched_or_candidate,preferred_source_matched,FALSE,FALSE,ICTV/NCBI-style species name used in local VIRION taxonomy.,TRUE,default_clean,virion,capripoxvirus lumpyskinpox,3427718; 59509
disease_master_list,master_manual_resolution,FALSE,master_55,55,Epizootic haemorrhagic disease,Epizootic haemorrhagic disease,Epizootic hemorrhagic disease virus,species,yes,TRUE,epizootic_haemorrhagic_disease,Orbivirus ruminantium,Reoviridae,1,E,FALSE,Culicoides; wild deer,FALSE,FALSE,TRUE,FALSE,FALSE,383 records,needs_pathogen_name_resolution,,,,Reoviridae,,,,,Epizootic haemorrhagic disease,,,,,,,,,,,,disease_level_review,Epizootic haemorrhagic disease,Epizootic haemorrhagic disease,disease_or_syndrome_review,review_name_resolution,master_list_new_or_unmatched,E,,,,unknown,,Disease appears in the disease master list but has not yet been resolved to a curated pathogen analysis unit.,383 records,manual_first_pass,Spelling variants haemorrhagic/hemorrhagic should be aliases.,epizootic hemorrhagic disease virus,orbivirus ruminantium,40054,3431252; 40054,reoviridae,sedoreoviridae,virus,virus,exact,manual_alias,accepted_candidate,accepted_candidate,virion,matched_or_candidate,preferred_source_matched,FALSE,FALSE,ICTV/NCBI-style species name used in local VIRION taxonomy.,TRUE,default_clean,virion,orbivirus ruminantium,3431252; 40054
disease_master_list,master_manual_resolution,FALSE,master_56,56,African horse sickness,African horse sickness,African horse sickness virus,species,yes,TRUE,african_horse_sickness,Orbivirus alphaequi,Reoviridae,1/2,E,FALSE,Culicoides midges,FALSE,FALSE,TRUE,FALSE,FALSE,237 records,needs_pathogen_name_resolution,,,,Reoviridae,,,,,African horse sickness,,,,,,,,,,,,disease_level_review,African horse sickness,African horse sickness,disease_or_syndrome_review,review_name_resolution,master_list_new_or_unmatched,E,,,,unknown,,Disease appears in the disease master list but has not yet been resolved to a curated pathogen analysis unit.,237 records,manual_first_pass,,african horse sickness virus,orbivirus alphaequi,40050,40050,reoviridae,sedoreoviridae,virus,virus,exact,manual_alias,accepted_candidate,accepted_candidate,virion,matched_or_candidate,preferred_source_matched,FALSE,FALSE,ICTV/NCBI-style species name used in local VIRION taxonomy.,TRUE,default_clean,virion,orbivirus alphaequi,40050
disease_master_list,master_and_who_existing_resolution,TRUE,master_57,57,Vesicular stomatitis,Vesicular stomatitis,Vesicular stomatitis Indiana virus,species,yes_existing_who,,,,Rhabdoviridae,1/2,E,FALSE,Sand flies/mosquitoes; wildlife,FALSE,FALSE,TRUE,FALSE,FALSE,"891 records, 6 countries",matched_existing_unit_by_exact_key,,source_disease_name,split_candidate,Rhabdoviridae,Low,Genus Vesiculovirus,Genus Vesiculovirus,Genus Vesiculovirus,Vesicular stomatitis,FALSE,TRUE,FALSE,TRUE,prototype,prototype,prototype,prototype,prototype,prototype,prototype,broad_genus,Vesicular stomatitis Indiana virus,VSIV,species,keep,clear_human_infection_and_vector_data,vector_associated_or_mixed,yes,yes,yes,yes,,"Clear zoonotic vesiculovirus with host, vector, and amplifier relevance.",Retained as a distinct analysis unit rather than folded into the broader vesiculovirus placeholder.,,,,,,,,,,,,,,,,,,,,,,unmatched,,,
disease_master_list,master_manual_resolution,FALSE,master_58,58,Trypanosomosis (tsetse),African trypanosomiasis,Trypanosoma brucei species complex,species_complex,review,FALSE,african_trypanosomiasis_tsetse,Trypanosoma brucei,Trypanosoma,2/3,E,TRUE,Glossina (tsetse),FALSE,FALSE,TRUE,FALSE,FALSE,9 EMPRES-i records. Livestock key host,needs_pathogen_name_resolution,,,,Trypanosoma,,,,,Trypanosomosis (tsetse),,,,,,,,,,,,disease_level_review,Trypanosomosis (tsetse),Trypanosomosis (tsetse),disease_or_syndrome_review,review_name_resolution,master_list_new_or_unmatched,E,,,,livestock_amplifier_flag_from_master_list,,Disease appears in the disease master list but has not yet been resolved to a curated pathogen analysis unit.,9 EMPRES-i records. Livestock key host,manual_first_pass,Broad disease label could mean human African trypanosomiasis and/or animal African trypanosomosis; review scope and species split.,,,,,,,,,,,,,,,,,,,FALSE,manual_review,,,
disease_master_list,master_manual_resolution,FALSE,master_59,59,Theileriosis,Theileriosis,Theileria,disease_group,review,FALSE,theileriosis,,Theileria,2,E,TRUE,Rhipicephalus/Hyalomma ticks,FALSE,FALSE,FALSE,FALSE,FALSE,Not in EMPRES-i. Check other sources,needs_pathogen_name_resolution,,,,Theileria,,,,,Theileriosis,,,,,,,,,,,,disease_level_review,Theileriosis,Theileriosis,disease_or_syndrome_review,review_name_resolution,master_list_new_or_unmatched,E,,,,livestock_amplifier_flag_from_master_list,,Disease appears in the disease master list but has not yet been resolved to a curated pathogen analysis unit.,Not in EMPRES-i. Check other sources,manual_first_pass,Broad livestock disease group; likely needs species split depending on intended host/outbreak scope.,,,,,,,,,,,,,,,,,,,FALSE,manual_review,,,
disease_master_list,master_manual_resolution,FALSE,master_60,60,Tularemia,Tularemia,Francisella tularensis,species,yes,TRUE,tularemia,,Francisella,1/2,E,FALSE,Ticks; lagomorphs/rodents,FALSE,FALSE,TRUE,TRUE,FALSE,,needs_pathogen_name_resolution,,,,Francisella,,,,,Tularemia,,,,,,,,,,,,disease_level_review,Tularemia,Tularemia,disease_or_syndrome_review,review_name_resolution,master_list_new_or_unmatched,E,,,,unknown,,Disease appears in the disease master list but has not yet been resolved to a curated pathogen analysis unit.,,manual_first_pass,,francisella tularensis,,263,,francisellaceae,,bacteria/rickettsia,,exact,,accepted_candidate,,clover,matched_or_candidate,preferred_source_matched,FALSE,FALSE,,TRUE,default_clean,clover,francisella tularensis,263
disease_master_list,master_manual_resolution,FALSE,master_61,61,Leishmaniasis,Leishmaniasis,Leishmania,genus,review,FALSE,leishmaniasis_genus,,Leishmania,1/2,E,FALSE,Sand flies (Phlebotomus/Lutzomyia),FALSE,FALSE,TRUE,TRUE,FALSE,,needs_pathogen_name_resolution,,,,Leishmania,,,,,Leishmaniasis,,,,,,,,,,,,disease_level_review,Leishmaniasis,Leishmaniasis,disease_or_syndrome_review,review_name_resolution,master_list_new_or_unmatched,E,,,,unknown,,Disease appears in the disease master list but has not yet been resolved to a curated pathogen analysis unit.,,manual_first_pass,Broad disease group; likely needs split into visceral/cutaneous or main species complexes if host/vector retrieval is too broad.,,,,,,,,,,,,,,,,,,,FALSE,manual_review,,,
disease_master_list,master_manual_resolution,FALSE,master_62,62,Q fever,Q fever,Coxiella burnetii,species,yes,TRUE,q_fever,,Coxiella,1/2,E,TRUE,Ticks; wildlife reservoir,FALSE,FALSE,TRUE,FALSE,FALSE,Livestock amplify environmental contamination,needs_pathogen_name_resolution,,,,Coxiella,,,,,Q fever,,,,,,,,,,,,disease_level_review,Q fever,Q fever,disease_or_syndrome_review,review_name_resolution,master_list_new_or_unmatched,E,,,,livestock_amplifier_flag_from_master_list,,Disease appears in the disease master list but has not yet been resolved to a curated pathogen analysis unit.,Livestock amplify environmental contamination,manual_first_pass,,coxiella burnetii,,777,,coxiellaceae,,bacteria/rickettsia,,exact,,accepted_candidate,,clover,matched_or_candidate,preferred_source_matched,FALSE,FALSE,,TRUE,default_clean,clover,coxiella burnetii,777
disease_master_list,master_manual_resolution,FALSE,master_63,63,Schmallenberg,Schmallenberg disease,Schmallenberg virus,species,yes,TRUE,schmallenberg,Orthobunyavirus schmallenbergense,Peribunyaviridae,1,E,TRUE,Culicoides midges,FALSE,FALSE,TRUE,FALSE,FALSE,Recent European emergence,needs_pathogen_name_resolution,,,,Peribunyaviridae,,,,,Schmallenberg,,,,,,,,,,,,disease_level_review,Schmallenberg,Schmallenberg,disease_or_syndrome_review,review_name_resolution,master_list_new_or_unmatched,E,,,,livestock_amplifier_flag_from_master_list,,Disease appears in the disease master list but has not yet been resolved to a curated pathogen analysis unit.,Recent European emergence,manual_first_pass,,,orthobunyavirus schmallenbergense,,159141; 159150; 3052437,,peribunyaviridae,,virus,,manual_alias,,accepted_candidate,virion,matched_or_candidate,preferred_source_matched,FALSE,FALSE,ICTV/NCBI-style species name used in local VIRION taxonomy.,TRUE,default_clean,virion,orthobunyavirus schmallenbergense,159141; 159150; 3052437
disease_master_list,master_manual_resolution,FALSE,master_65,65,Sin Nombre,Sin Nombre hantavirus infection,Sin Nombre orthohantavirus,species,yes,TRUE,sin_nombre,Orthohantavirus sinnombreense,Hantaviridae,1/2,A,FALSE,Peromyscus maniculatus,FALSE,FALSE,FALSE,TRUE,FALSE,23 Atlas points,needs_pathogen_name_resolution,,,,Hantaviridae,,,,,Sin Nombre,,,,,,,,,,,,disease_level_review,Sin Nombre,Sin Nombre,disease_or_syndrome_review,review_name_resolution,master_list_new_or_unmatched,A,,,,unknown,,Disease appears in the disease master list but has not yet been resolved to a curated pathogen analysis unit.,23 Atlas points,manual_first_pass,,sin nombre orthohantavirus,orthohantavirus sinnombreense,1980491,3052499; 44755,hantaviridae,hantaviridae,virus,virus,exact,manual_alias,accepted_candidate,accepted_candidate,virion,matched_or_candidate,preferred_source_matched,FALSE,FALSE,ICTV/NCBI-style species name used in local VIRION taxonomy.,TRUE,default_clean,virion,orthohantavirus sinnombreense,3052499; 44755
disease_master_list,master_manual_resolution,FALSE,master_66,66,Andes,Andes hantavirus infection,Andes orthohantavirus,species,yes,TRUE,andes,Orthohantavirus andesense,Hantaviridae,2,A,FALSE,Oligoryzomys longicaudatus,FALSE,FALSE,FALSE,TRUE,FALSE,13 points,needs_pathogen_name_resolution,,,,Hantaviridae,,,,,Andes,,,,,,,,,,,,disease_level_review,Andes,Andes,disease_or_syndrome_review,review_name_resolution,master_list_new_or_unmatched,A,,,,unknown,,Disease appears in the disease master list but has not yet been resolved to a curated pathogen analysis unit.,13 points,manual_first_pass,,andes orthohantavirus,orthohantavirus andesense,1980456,1980456,hantaviridae,hantaviridae,virus,virus,exact,manual_alias,accepted_candidate,accepted_candidate,virion,matched_or_candidate,preferred_source_matched,FALSE,FALSE,ICTV/NCBI-style species name used in local VIRION taxonomy.,TRUE,default_clean,virion,orthohantavirus andesense,1980456
disease_master_list,master_manual_resolution,FALSE,master_67,67,Prospect Hill,Prospect Hill hantavirus infection,Prospect Hill orthohantavirus,species,yes,TRUE,prospect_hill,Orthohantavirus prospectense,Hantaviridae,2,A,FALSE,Microtus pennsylvanicus,FALSE,FALSE,FALSE,TRUE,FALSE,6 points,needs_pathogen_name_resolution,,,,Hantaviridae,,,,,Prospect Hill,,,,,,,,,,,,disease_level_review,Prospect Hill,Prospect Hill,disease_or_syndrome_review,review_name_resolution,master_list_new_or_unmatched,A,,,,unknown,,Disease appears in the disease master list but has not yet been resolved to a curated pathogen analysis unit.,6 points,manual_first_pass,,prospect hill orthohantavirus,orthohantavirus prospectense,1980485,3052492,hantaviridae,hantaviridae,virus,virus,exact,manual_alias,accepted_candidate,accepted_candidate,virion,matched_or_candidate,preferred_source_matched,FALSE,FALSE,ICTV/NCBI-style species name used in local VIRION taxonomy.,TRUE,default_clean,virion,orthohantavirus prospectense,3052492
disease_master_list,master_manual_resolution,FALSE,master_68,68,Lee/Seoul variants,Seoul hantavirus infection,Seoul orthohantavirus,species,review,FALSE,seoul_hantavirus,,Hantaviridae,2,A,FALSE,Rattus/Apodemus,FALSE,FALSE,FALSE,TRUE,FALSE,9 points,needs_pathogen_name_resolution,,,,Hantaviridae,,,,,Lee/Seoul variants,,,,,,,,,,,,disease_level_review,Lee/Seoul variants,Lee/Seoul variants,disease_or_syndrome_review,review_name_resolution,master_list_new_or_unmatched,A,,,,unknown,,Disease appears in the disease master list but has not yet been resolved to a curated pathogen analysis unit.,9 points,manual_first_pass,Name is ambiguous: 'Lee' may refer to Hantaan-related material while Seoul is Rattus-associated; review split.,,,,,,,,,,,,,,,,,,,FALSE,manual_review,,,
disease_master_list,master_manual_resolution,FALSE,master_69,69,Bayou,Bayou hantavirus infection,Bayou orthohantavirus,species,yes,TRUE,bayou,Orthohantavirus bayoui,Hantaviridae,3,A,FALSE,Oryzomys palustris,FALSE,FALSE,FALSE,TRUE,FALSE,3 points,needs_pathogen_name_resolution,,,,Hantaviridae,,,,,Bayou,,,,,,,,,,,,disease_level_review,Bayou,Bayou,disease_or_syndrome_review,review_name_resolution,master_list_new_or_unmatched,A,,,,unknown,,Disease appears in the disease master list but has not yet been resolved to a curated pathogen analysis unit.,3 points,manual_first_pass,,bayou orthohantavirus,orthohantavirus bayoui,1980459,3052470,hantaviridae,hantaviridae,virus,virus,exact,manual_alias,accepted_candidate,accepted_candidate,virion,matched_or_candidate,preferred_source_matched,FALSE,FALSE,ICTV/NCBI-style species name used in local VIRION taxonomy.,TRUE,default_clean,virion,orthohantavirus bayoui,3052470
disease_master_list,master_unresolved,FALSE,master_70,70,Other hantaviruses (n=1-2),Other hantaviruses (n=1-2),Other hantaviruses (n=1-2),disease_or_syndrome_review,review,,,,Hantaviridae,3,A,FALSE,Various rodents,FALSE,FALSE,FALSE,TRUE,FALSE,"~15 viruses, ~20 points total",needs_pathogen_name_resolution,,,,Hantaviridae,,,,,Other hantaviruses (n=1-2),,,,,,,,,,,,disease_level_review,Other hantaviruses (n=1-2),Other hantaviruses (n=1-2),disease_or_syndrome_review,review_name_resolution,master_list_new_or_unmatched,A,,,,unknown,,Disease appears in the disease master list but has not yet been resolved to a curated pathogen analysis unit.,"~15 viruses, ~20 points total",,,,,,,,,,,,,,,,,,,,,,manual_review,,,
disease_master_list,master_manual_resolution,FALSE,master_72,72,Machupo,Bolivian hemorrhagic fever,Machupo mammarenavirus,species,yes,TRUE,machupo,Mammarenavirus machupoense,Arenaviridae,2,A,FALSE,Calomys callosus,FALSE,FALSE,FALSE,TRUE,FALSE,4 points,needs_pathogen_name_resolution,,,,Arenaviridae,,,,,Machupo,,,,,,,,,,,,disease_level_review,Machupo,Machupo,disease_or_syndrome_review,review_name_resolution,master_list_new_or_unmatched,A,,,,unknown,,Disease appears in the disease master list but has not yet been resolved to a curated pathogen analysis unit.,4 points,manual_first_pass,,machupo mammarenavirus,mammarenavirus machupoense,11628,3052317,arenaviridae,arenaviridae,virus,virus,exact,manual_alias,accepted_candidate,accepted_candidate,virion,matched_or_candidate,preferred_source_matched,FALSE,FALSE,ICTV/NCBI-style species name used in local VIRION taxonomy.,TRUE,default_clean,virion,mammarenavirus machupoense,3052317
disease_master_list,master_manual_resolution,FALSE,master_73,73,Guanarito,Venezuelan hemorrhagic fever,Guanarito mammarenavirus,species,yes,TRUE,guanarito,Mammarenavirus guanaritoense,Arenaviridae,3,A,FALSE,Zygodontomys brevicauda,FALSE,FALSE,FALSE,TRUE,FALSE,2 points,needs_pathogen_name_resolution,,,,Arenaviridae,,,,,Guanarito,,,,,,,,,,,,disease_level_review,Guanarito,Guanarito,disease_or_syndrome_review,review_name_resolution,master_list_new_or_unmatched,A,,,,unknown,,Disease appears in the disease master list but has not yet been resolved to a curated pathogen analysis unit.,2 points,manual_first_pass,,guanarito mammarenavirus,mammarenavirus guanaritoense,45219,3052307,arenaviridae,arenaviridae,virus,virus,exact,manual_alias,accepted_candidate,accepted_candidate,virion,matched_or_candidate,preferred_source_matched,FALSE,FALSE,ICTV/NCBI-style species name used in local VIRION taxonomy.,TRUE,default_clean,virion,mammarenavirus guanaritoense,3052307
disease_master_list,master_unresolved,FALSE,master_74,74,Other arenaviruses (n=1),Other arenaviruses (n=1),Other arenaviruses (n=1),disease_or_syndrome_review,review,,,,Arenaviridae,3,A,FALSE,Various rodents,FALSE,FALSE,FALSE,TRUE,FALSE,"Allpahuayo, Sangassou, Magboi, etc.",needs_pathogen_name_resolution,,,,Arenaviridae,,,,,Other arenaviruses (n=1),,,,,,,,,,,,disease_level_review,Other arenaviruses (n=1),Other arenaviruses (n=1),disease_or_syndrome_review,review_name_resolution,master_list_new_or_unmatched,A,,,,unknown,,Disease appears in the disease master list but has not yet been resolved to a curated pathogen analysis unit.,"Allpahuayo, Sangassou, Magboi, etc.",,,,,,,,,,,,,,,,,,,,,,manual_review,,,
disease_master_list,master_manual_resolution,FALSE,master_76,76,Irkut,Irkut lyssavirus infection,Irkut lyssavirus,species,yes,TRUE,irkut,Lyssavirus irkut,Lyssaviridae,3,B,FALSE,Murina leucogaster (bat),FALSE,FALSE,FALSE,TRUE,FALSE,5 points,needs_pathogen_name_resolution,,,,Lyssaviridae,,,,,Irkut,,,,,,,,,,,,disease_level_review,Irkut,Irkut,disease_or_syndrome_review,review_name_resolution,master_list_new_or_unmatched,B,,,,unknown,,Disease appears in the disease master list but has not yet been resolved to a curated pathogen analysis unit.,5 points,manual_first_pass,,irkut lyssavirus,lyssavirus irkut,249583,249583,rhabdoviridae,rhabdoviridae,virus,virus,exact,manual_alias,accepted_candidate,accepted_candidate,virion,matched_or_candidate,preferred_source_matched,FALSE,FALSE,ICTV/NCBI-style species name used in local VIRION taxonomy.,TRUE,default_clean,virion,lyssavirus irkut,249583
disease_master_list,master_manual_resolution,FALSE,master_77,77,Bokeloh bat lyssavirus,Bokeloh bat lyssavirus infection,Bokeloh bat lyssavirus,species,yes,TRUE,bokeloh_bat_lyssavirus,Lyssavirus bokeloh,Lyssaviridae,3,B,FALSE,Myotis nattereri,FALSE,FALSE,FALSE,TRUE,FALSE,2 points,needs_pathogen_name_resolution,,,,Lyssaviridae,,,,,Bokeloh bat lyssavirus,,,,,,,,,,,,disease_level_review,Bokeloh bat lyssavirus,Bokeloh bat lyssavirus,disease_or_syndrome_review,review_name_resolution,master_list_new_or_unmatched,B,,,,unknown,,Disease appears in the disease master list but has not yet been resolved to a curated pathogen analysis unit.,2 points,manual_first_pass,,bokeloh bat lyssavirus,lyssavirus bokeloh,1072176,1072176,rhabdoviridae,rhabdoviridae,virus,virus,exact,manual_alias,accepted_candidate,accepted_candidate,virion,matched_or_candidate,preferred_source_matched,FALSE,FALSE,ICTV/NCBI-style species name used in local VIRION taxonomy.,TRUE,default_clean,virion,lyssavirus bokeloh,1072176
disease_master_list,master_manual_resolution,FALSE,master_78,78,Duvenhage,Duvenhage lyssavirus infection,Duvenhage lyssavirus,species,yes,TRUE,duvenhage,Lyssavirus duvenhage,Lyssaviridae,3,B,FALSE,Insectivorous bats,FALSE,FALSE,FALSE,TRUE,FALSE,1 point,needs_pathogen_name_resolution,,,,Lyssaviridae,,,,,Duvenhage,,,,,,,,,,,,disease_level_review,Duvenhage,Duvenhage,disease_or_syndrome_review,review_name_resolution,master_list_new_or_unmatched,B,,,,unknown,,Disease appears in the disease master list but has not yet been resolved to a curated pathogen analysis unit.,1 point,manual_first_pass,,duvenhage lyssavirus,lyssavirus duvenhage,38767,38767,rhabdoviridae,rhabdoviridae,virus,virus,exact,manual_alias,accepted_candidate,accepted_candidate,virion,matched_or_candidate,preferred_source_matched,FALSE,FALSE,ICTV/NCBI-style species name used in local VIRION taxonomy.,TRUE,default_clean,virion,lyssavirus duvenhage,38767
disease_master_list,master_manual_resolution,FALSE,master_79,79,Australian bat lyssavirus,Australian bat lyssavirus infection,Australian bat lyssavirus,species,yes,TRUE,australian_bat_lyssavirus,Lyssavirus australis,Lyssaviridae,3,B,FALSE,Pteropus/Saccolaimus,FALSE,FALSE,FALSE,TRUE,FALSE,1 point,needs_pathogen_name_resolution,,,,Lyssaviridae,,,,,Australian bat lyssavirus,,,,,,,,,,,,disease_level_review,Australian bat lyssavirus,Australian bat lyssavirus,disease_or_syndrome_review,review_name_resolution,master_list_new_or_unmatched,B,,,,unknown,,Disease appears in the disease master list but has not yet been resolved to a curated pathogen analysis unit.,1 point,manual_first_pass,,australian bat lyssavirus,lyssavirus australis,90961,90961,rhabdoviridae,rhabdoviridae,virus,virus,exact,manual_alias,accepted_candidate,accepted_candidate,virion,matched_or_candidate,preferred_source_matched,FALSE,FALSE,ICTV/NCBI-style species name used in local VIRION taxonomy.,TRUE,default_clean,virion,lyssavirus australis,90961
disease_master_list,master_manual_resolution,FALSE,master_81,81,Alkhurma,Alkhumra hemorrhagic fever,Alkhumra hemorrhagic fever virus,species,yes,TRUE,alkhumra,Orthoflavivirus kyasanurense,Flaviviridae,2,E,FALSE,Ornithodoros/Hyalomma ticks,FALSE,FALSE,FALSE,TRUE,FALSE,8 points,needs_pathogen_name_resolution,,,,Flaviviridae,,,,,Alkhurma,,,,,,,,,,,,disease_level_review,Alkhurma,Alkhurma,disease_or_syndrome_review,review_name_resolution,master_list_new_or_unmatched,E,,,,unknown,,Disease appears in the disease master list but has not yet been resolved to a curated pathogen analysis unit.,8 points,manual_first_pass,Standardized spelling from Alkhurma to Alkhumra after NCBI/web taxonomy check.,,orthoflavivirus kyasanurense,,3048170; 33743,,flaviviridae,,virus,,manual_alias,,accepted_candidate,virion,matched_or_candidate,preferred_source_matched,TRUE,TRUE,Taxonomic species shared with Kyasanur Forest disease virus; do not treat this as Alkhumra-specific host evidence without review.,FALSE,shared_species_proxy_review,virion,orthoflavivirus kyasanurense,3048170; 33743
disease_master_list,master_manual_resolution,FALSE,master_82,82,Kyasanur Forest disease,Kyasanur Forest disease,Kyasanur Forest disease virus,species,yes,TRUE,kyasanur_forest_disease,Orthoflavivirus kyasanurense,Flaviviridae,3,E,FALSE,Haemaphysalis ticks,FALSE,FALSE,FALSE,TRUE,FALSE,3 points,needs_pathogen_name_resolution,,,,Flaviviridae,,,,,Kyasanur Forest disease,,,,,,,,,,,,disease_level_review,Kyasanur Forest disease,Kyasanur Forest disease,disease_or_syndrome_review,review_name_resolution,master_list_new_or_unmatched,E,,,,unknown,,Disease appears in the disease master list but has not yet been resolved to a curated pathogen analysis unit.,3 points,manual_first_pass,,kyasanur forest disease virus,orthoflavivirus kyasanurense,33743,3048170; 33743,flaviviridae,flaviviridae,virus,virus,exact,manual_alias,accepted_candidate,accepted_candidate,virion,matched_or_candidate,preferred_source_matched,FALSE,FALSE,ICTV/NCBI-style species name used in local VIRION taxonomy.,TRUE,default_clean,virion,orthoflavivirus kyasanurense,3048170; 33743
disease_master_list,master_manual_resolution,FALSE,master_83,83,Omsk HF,Omsk hemorrhagic fever,Omsk hemorrhagic fever virus,species,yes,TRUE,omsk_hemorrhagic_fever,Orthoflavivirus omskense,Flaviviridae,3,E,FALSE,Dermacentor ticks; muskrat,FALSE,FALSE,FALSE,TRUE,FALSE,4 points,needs_pathogen_name_resolution,,,,Flaviviridae,,,,,Omsk HF,,,,,,,,,,,,disease_level_review,Omsk HF,Omsk HF,disease_or_syndrome_review,review_name_resolution,master_list_new_or_unmatched,E,,,,unknown,,Disease appears in the disease master list but has not yet been resolved to a curated pathogen analysis unit.,4 points,manual_first_pass,,omsk hemorrhagic fever virus,orthoflavivirus omskense,12542,12542; 3048233,flaviviridae,flaviviridae,virus,virus,exact,manual_alias,accepted_candidate,accepted_candidate,virion,matched_or_candidate,preferred_source_matched,FALSE,FALSE,ICTV/NCBI-style species name used in local VIRION taxonomy.,TRUE,default_clean,virion,orthoflavivirus omskense,12542; 3048233
disease_master_list,master_manual_resolution,FALSE,master_84,84,Colorado tick fever,Colorado tick fever,Colorado tick fever virus,species,yes,TRUE,colorado_tick_fever,Coltivirus dermacentoris,Reoviridae,2,E,FALSE,Dermacentor andersoni,FALSE,FALSE,FALSE,TRUE,FALSE,14 points,needs_pathogen_name_resolution,,,,Reoviridae,,,,,Colorado tick fever,,,,,,,,,,,,disease_level_review,Colorado tick fever,Colorado tick fever,disease_or_syndrome_review,review_name_resolution,master_list_new_or_unmatched,E,,,,unknown,,Disease appears in the disease master list but has not yet been resolved to a curated pathogen analysis unit.,14 points,manual_first_pass,,colorado tick fever coltivirus,coltivirus dermacentoris,2748762,2748762; 3428066,reoviridae,spinareoviridae,virus,virus,fuzzy_candidate,manual_alias,review_candidate,accepted_candidate,virion,matched_or_candidate,preferred_source_matched,FALSE,FALSE,ICTV/NCBI-style species name used in local VIRION taxonomy.,TRUE,default_clean,virion,coltivirus dermacentoris,2748762; 3428066
disease_master_list,master_manual_resolution,FALSE,master_85,85,Babesia microti,Babesiosis due to Babesia microti,Babesia microti,species,yes,TRUE,babesia_microti,,Babesia,2,E,FALSE,Ixodes ticks,FALSE,FALSE,FALSE,TRUE,FALSE,9 points,needs_pathogen_name_resolution,,,,Babesia,,,,,Babesia microti,,,,,,,,,,,,disease_level_review,Babesia microti,Babesia microti,disease_or_syndrome_review,review_name_resolution,master_list_new_or_unmatched,E,,,,unknown,,Disease appears in the disease master list but has not yet been resolved to a curated pathogen analysis unit.,9 points,manual_first_pass,,babesia microti,,5868,,babesiidae,,protozoa,,exact,,accepted_candidate,,clover,matched_or_candidate,preferred_source_matched,FALSE,FALSE,,TRUE,default_clean,clover,babesia microti,5868
disease_master_list,master_manual_resolution,FALSE,master_86,86,Ehrlichia chaffeensis,Human monocytic ehrlichiosis,Ehrlichia chaffeensis,species,yes,TRUE,ehrlichia_chaffeensis,,Ehrlichia,2,E,FALSE,Amblyomma americanum,FALSE,FALSE,FALSE,TRUE,FALSE,13 points,needs_pathogen_name_resolution,,,,Ehrlichia,,,,,Ehrlichia chaffeensis,,,,,,,,,,,,disease_level_review,Ehrlichia chaffeensis,Ehrlichia chaffeensis,disease_or_syndrome_review,review_name_resolution,master_list_new_or_unmatched,E,,,,unknown,,Disease appears in the disease master list but has not yet been resolved to a curated pathogen analysis unit.,13 points,manual_first_pass,,ehrlichia chaffeensis,,945,,anaplasmataceae,,bacteria/rickettsia,,exact,,accepted_candidate,,clover,matched_or_candidate,preferred_source_matched,FALSE,FALSE,,TRUE,default_clean,clover,ehrlichia chaffeensis,945
disease_master_list,master_manual_resolution,FALSE,master_87,87,Rickettsia conorii indica,Indian tick typhus,Rickettsia conorii subsp. indica,subspecies,yes,TRUE,rickettsia_conorii_indica,Rickettsia conorii,Rickettsia,2,E,FALSE,Rhipicephalus ticks,FALSE,FALSE,FALSE,TRUE,FALSE,19 points,needs_pathogen_name_resolution,,,,Rickettsia,,,,,Rickettsia conorii indica,,,,,,,,,,,,disease_level_review,Rickettsia conorii indica,Rickettsia conorii indica,disease_or_syndrome_review,review_name_resolution,master_list_new_or_unmatched,E,,,,unknown,,Disease appears in the disease master list but has not yet been resolved to a curated pathogen analysis unit.,19 points,manual_first_pass,Review accepted rank/name in NCBI.,rickettsia conorii,,781,,rickettsiaceae,,bacteria/rickettsia,,manual_alias,,accepted_candidate,,clover,matched_or_candidate,preferred_source_matched,TRUE,FALSE,CLOVER local match is at parent species level.,FALSE,match_review,clover,rickettsia conorii,781
disease_master_list,master_manual_resolution,FALSE,master_89,89,Apeu,Apeu virus infection,Apeu virus,species,review,FALSE,apeu,Orthobunyavirus apeuense,Peribunyaviridae,2,E,FALSE,Culex mosquitoes,FALSE,FALSE,FALSE,TRUE,FALSE,12 points,needs_pathogen_name_resolution,,,,Peribunyaviridae,,,,,Apeu,,,,,,,,,,,,disease_level_review,Apeu,Apeu,disease_or_syndrome_review,review_name_resolution,master_list_new_or_unmatched,E,,,,unknown,,Disease appears in the disease master list but has not yet been resolved to a curated pathogen analysis unit.,12 points,manual_first_pass,Low-point arbovirus; review disease relevance and canonical taxonomy.,,,,,,,,,,,,,,,,,,,FALSE,manual_review,,,
disease_master_list,master_manual_resolution,FALSE,master_90,90,Barmah Forest,Barmah Forest virus disease,Barmah Forest virus,species,yes,TRUE,barmah_forest_virus,Alphavirus barmah,Togaviridae,2,E,FALSE,Culex/Aedes,FALSE,FALSE,FALSE,TRUE,FALSE,5 points. Australia,needs_pathogen_name_resolution,,,,Togaviridae,,,,,Barmah Forest,,,,,,,,,,,,disease_level_review,Barmah Forest,Barmah Forest,disease_or_syndrome_review,review_name_resolution,master_list_new_or_unmatched,E,,,,unknown,,Disease appears in the disease master list but has not yet been resolved to a curated pathogen analysis unit.,5 points. Australia,manual_first_pass,Duplicate label of row 48 with shorter disease name.,barmah forest virus,alphavirus barmah,11020,11020; 3426294,togaviridae,togaviridae,virus,virus,exact,manual_alias,accepted_candidate,accepted_candidate,virion,matched_or_candidate,preferred_source_matched,FALSE,FALSE,ICTV/NCBI-style species name used in local VIRION taxonomy.,TRUE,default_clean,virion,alphavirus barmah,11020; 3426294
disease_master_list,master_manual_resolution,FALSE,master_91,91,Murray Valley encephalitis,Murray Valley encephalitis,Murray Valley encephalitis virus,species,yes,TRUE,murray_valley_encephalitis,Orthoflavivirus murrayense,Flaviviridae,2,E,FALSE,Culex annulirostris; waterbirds,FALSE,FALSE,FALSE,TRUE,FALSE,5 points,needs_pathogen_name_resolution,,,,Flaviviridae,,,,,Murray Valley encephalitis,,,,,,,,,,,,disease_level_review,Murray Valley encephalitis,Murray Valley encephalitis,disease_or_syndrome_review,review_name_resolution,master_list_new_or_unmatched,E,,,,unknown,,Disease appears in the disease master list but has not yet been resolved to a curated pathogen analysis unit.,5 points,manual_first_pass,,murray valley encephalitis virus,orthoflavivirus murrayense,11079,11079; 3048215,flaviviridae,flaviviridae,virus,virus,exact,manual_alias,accepted_candidate,accepted_candidate,virion,matched_or_candidate,preferred_source_matched,FALSE,FALSE,ICTV/NCBI-style species name used in local VIRION taxonomy.,TRUE,default_clean,virion,orthoflavivirus murrayense,11079; 3048215
disease_master_list,master_manual_resolution,FALSE,master_92,92,Rocio,Rocio virus encephalitis,Rocio virus,species,yes,TRUE,rocio,Orthoflavivirus ilheusense; Ilheus virus,Flaviviridae,3,E,FALSE,Psorophora/Aedes,FALSE,FALSE,FALSE,TRUE,FALSE,4 points,needs_pathogen_name_resolution,,,,Flaviviridae,,,,,Rocio,,,,,,,,,,,,disease_level_review,Rocio,Rocio,disease_or_syndrome_review,review_name_resolution,master_list_new_or_unmatched,E,,,,unknown,,Disease appears in the disease master list but has not yet been resolved to a curated pathogen analysis unit.,4 points,manual_first_pass,,ilheus virus,orthoflavivirus ilheusense,59563,3052466; 59563,flaviviridae,flaviviridae,virus,virus,manual_alias,manual_alias,accepted_candidate,accepted_candidate,virion,matched_or_candidate,preferred_source_matched,TRUE,TRUE,Taxonomic species shared with Ilheus virus; do not treat this as Rocio-specific host evidence without review.; Local CLOVER match at the Ilheus virus/species proxy level; do not treat this as Rocio-specific host evidence without review.,FALSE,shared_species_proxy_review,virion,orthoflavivirus ilheusense,3052466; 59563
disease_master_list,master_manual_resolution,FALSE,master_93,93,Everglades,Everglades virus disease,Everglades virus,species,yes,TRUE,everglades,Alphavirus everglades,Togaviridae,3,E,FALSE,Culex; rodents,FALSE,FALSE,FALSE,TRUE,FALSE,1 point,needs_pathogen_name_resolution,,,,Togaviridae,,,,,Everglades,,,,,,,,,,,,disease_level_review,Everglades,Everglades,disease_or_syndrome_review,review_name_resolution,master_list_new_or_unmatched,E,,,,unknown,,Disease appears in the disease master list but has not yet been resolved to a curated pathogen analysis unit.,1 point,manual_first_pass,,everglades virus,alphavirus everglades,2083198,2083198,togaviridae,togaviridae,virus,virus,exact,manual_alias,accepted_candidate,accepted_candidate,virion,matched_or_candidate,preferred_source_matched,FALSE,FALSE,ICTV/NCBI-style species name used in local VIRION taxonomy.,TRUE,default_clean,virion,alphavirus everglades,2083198
disease_master_list,master_manual_resolution,FALSE,master_95,95,Baylisascaris procyonis,Baylisascariasis,Baylisascaris procyonis,species,yes,TRUE,baylisascaris_procyonis,,Nematoda,2,B,FALSE,Procyon lotor (raccoon),FALSE,FALSE,FALSE,TRUE,FALSE,11 points,needs_pathogen_name_resolution,,,,Nematoda,,,,,Baylisascaris procyonis,,,,,,,,,,,,disease_level_review,Baylisascaris procyonis,Baylisascaris procyonis,disease_or_syndrome_review,review_name_resolution,master_list_new_or_unmatched,B,,,,unknown,,Disease appears in the disease master list but has not yet been resolved to a curated pathogen analysis unit.,11 points,manual_first_pass,,baylisascaris procyonis,,6259,,ascarididae,,helminth,,exact,,accepted_candidate,,clover,matched_or_candidate,preferred_source_matched,FALSE,FALSE,,TRUE,default_clean,clover,baylisascaris procyonis,6259
disease_master_list,master_manual_resolution,FALSE,master_96,96,Leishmania aethiopica,Cutaneous leishmaniasis due to Leishmania aethiopica,Leishmania aethiopica,species,yes,TRUE,leishmania_aethiopica,,Leishmania,2,E,FALSE,Phlebotomus; rock hyrax,FALSE,FALSE,FALSE,TRUE,FALSE,10 points,needs_pathogen_name_resolution,,,,Leishmania,,,,,Leishmania aethiopica,,,,,,,,,,,,disease_level_review,Leishmania aethiopica,Leishmania aethiopica,disease_or_syndrome_review,review_name_resolution,master_list_new_or_unmatched,E,,,,unknown,,Disease appears in the disease master list but has not yet been resolved to a curated pathogen analysis unit.,10 points,manual_first_pass,,leishmania aethiopica,,5667,,trypanosomatidae,,protozoa,,exact,,accepted_candidate,,clover,matched_or_candidate,preferred_source_matched,FALSE,FALSE,,TRUE,default_clean,clover,leishmania aethiopica,5667
disease_master_list,master_manual_resolution,FALSE,master_97,97,Borrelia hermsii,Tick-borne relapsing fever,Borrelia hermsii,species,yes,TRUE,borrelia_hermsii,,Borrelia,2,E,FALSE,Ornithodoros ticks; rodents,FALSE,FALSE,FALSE,TRUE,FALSE,8 points. Relapsing fever,needs_pathogen_name_resolution,,,,Borrelia,,,,,Borrelia hermsii,,,,,,,,,,,,disease_level_review,Borrelia hermsii,Borrelia hermsii,disease_or_syndrome_review,review_name_resolution,master_list_new_or_unmatched,E,,,,unknown,,Disease appears in the disease master list but has not yet been resolved to a curated pathogen analysis unit.,8 points. Relapsing fever,manual_first_pass,,borrelia hermsii,,140,,borreliaceae,,bacteria/rickettsia,,exact,,accepted_candidate,,clover,matched_or_candidate,preferred_source_matched,FALSE,FALSE,,TRUE,default_clean,clover,borrelia hermsii,140
disease_master_list,master_manual_resolution,FALSE,master_98,98,Menangle,Menangle virus infection,Menangle virus,species,yes,TRUE,menangle,Pararubulavirus menangleense,Paramyxoviridae,3,B,FALSE,Pteropus bats,FALSE,FALSE,FALSE,TRUE,FALSE,1 point,needs_pathogen_name_resolution,,,,Paramyxoviridae,,,,,Menangle,,,,,,,,,,,,disease_level_review,Menangle,Menangle,disease_or_syndrome_review,review_name_resolution,master_list_new_or_unmatched,B,,,,unknown,,Disease appears in the disease master list but has not yet been resolved to a curated pathogen analysis unit.,1 point,manual_first_pass,,,pararubulavirus menangleense,,3052599,,paramyxoviridae,,virus,,manual_alias,,accepted_candidate,virion,matched_or_candidate,preferred_source_matched,FALSE,FALSE,ICTV/NCBI-style species name used in local VIRION taxonomy.,TRUE,default_clean,virion,pararubulavirus menangleense,3052599
