analysis_unit_id,master_row,disease_master_name,resolved_disease_name,resolved_pathogen_name,resolved_pathogen_rank,preferred_match_source,host_query_include_default,host_query_bucket,host_query_source,host_query_pathogen_names,host_query_taxids,match_method,match_review_flag,shared_species_proxy_flag,match_review_notes,source_database,source_assoc_id,source_detection_method,source_host_flag_id,source_pathogen_name,source_pathogen_taxid,source_pathogen_type,source_pathogen_family,source_pathogen_order,source_pathogen_class,source_host_name,source_host_taxid,source_host_genus,source_host_family,source_host_order,source_host_class
master_81,81,Alkhurma,Alkhumra hemorrhagic fever,Alkhumra hemorrhagic fever virus,species,virion,FALSE,shared_species_proxy_review,virion,orthoflavivirus kyasanurense,3048170; 33743,taxid,TRUE,TRUE,Taxonomic species shared with Kyasanur Forest disease virus; do not treat this as Alkhumra-specific host evidence without review.,Shaw,75340,Antibodies,FALSE,orthoflavivirus kyasanurense,33743,virus,flaviviridae,amarillovirales,flasuviricetes,chalcophaps indica,187108,chalcophaps,columbidae,columbiformes,aves
master_81,81,Alkhurma,Alkhumra hemorrhagic fever,Alkhumra hemorrhagic fever virus,species,virion,FALSE,shared_species_proxy_review,virion,orthoflavivirus kyasanurense,3048170; 33743,taxid,TRUE,TRUE,Taxonomic species shared with Kyasanur Forest disease virus; do not treat this as Alkhumra-specific host evidence without review.,HP3,81571,Isolation/Observation,FALSE,orthoflavivirus kyasanurense,33743,virus,flaviviridae,amarillovirales,flasuviricetes,cynopterus sphinx,9400,cynopterus,pteropodidae,chiroptera,mammalia
master_81,81,Alkhurma,Alkhumra hemorrhagic fever,Alkhumra hemorrhagic fever virus,species,virion,FALSE,shared_species_proxy_review,virion,orthoflavivirus kyasanurense,3048170; 33743,taxid,TRUE,TRUE,Taxonomic species shared with Kyasanur Forest disease virus; do not treat this as Alkhumra-specific host evidence without review.,HP3,85074,Antibodies,FALSE,orthoflavivirus kyasanurense,33743,virus,flaviviridae,amarillovirales,flasuviricetes,eonycteris spelaea,58065,eonycteris,pteropodidae,chiroptera,mammalia
master_81,81,Alkhurma,Alkhumra hemorrhagic fever,Alkhumra hemorrhagic fever virus,species,virion,FALSE,shared_species_proxy_review,virion,orthoflavivirus kyasanurense,3048170; 33743,taxid,TRUE,TRUE,Taxonomic species shared with Kyasanur Forest disease virus; do not treat this as Alkhumra-specific host evidence without review.,Shaw,98093,Antibodies,FALSE,orthoflavivirus kyasanurense,33743,virus,flaviviridae,amarillovirales,flasuviricetes,funambulus pennantii,64681,funambulus,sciuridae,rodentia,mammalia
master_81,81,Alkhurma,Alkhumra hemorrhagic fever,Alkhumra hemorrhagic fever virus,species,virion,FALSE,shared_species_proxy_review,virion,orthoflavivirus kyasanurense,3048170; 33743,taxid,TRUE,TRUE,Taxonomic species shared with Kyasanur Forest disease virus; do not treat this as Alkhumra-specific host evidence without review.,HP3,98094,Antibodies,FALSE,orthoflavivirus kyasanurense,33743,virus,flaviviridae,amarillovirales,flasuviricetes,funambulus tristriatus,2505936,funambulus,sciuridae,rodentia,mammalia
master_81,81,Alkhurma,Alkhumra hemorrhagic fever,Alkhumra hemorrhagic fever virus,species,virion,FALSE,shared_species_proxy_review,virion,orthoflavivirus kyasanurense,3048170; 33743,taxid,TRUE,TRUE,Taxonomic species shared with Kyasanur Forest disease virus; do not treat this as Alkhumra-specific host evidence without review.,Shaw,123419,Antibodies,FALSE,orthoflavivirus kyasanurense,33743,virus,flaviviridae,amarillovirales,flasuviricetes,golunda ellioti,121585,golunda,muridae,rodentia,mammalia
master_81,81,Alkhurma,Alkhumra hemorrhagic fever,Alkhumra hemorrhagic fever virus,species,virion,FALSE,shared_species_proxy_review,virion,orthoflavivirus kyasanurense,3048170; 33743,taxid,TRUE,TRUE,Taxonomic species shared with Kyasanur Forest disease virus; do not treat this as Alkhumra-specific host evidence without review.,HP3,125347,Antibodies,FALSE,orthoflavivirus kyasanurense,33743,virus,flaviviridae,amarillovirales,flasuviricetes,hipposideros lankadiva,867828,hipposideros,hipposideridae,chiroptera,mammalia
master_81,81,Alkhurma,Alkhumra hemorrhagic fever,Alkhumra hemorrhagic fever virus,species,virion,FALSE,shared_species_proxy_review,virion,orthoflavivirus kyasanurense,3048170; 33743,taxid,TRUE,TRUE,Taxonomic species shared with Kyasanur Forest disease virus; do not treat this as Alkhumra-specific host evidence without review.,HP3,125959,Antibodies,FALSE,orthoflavivirus kyasanurense,33743,virus,flaviviridae,amarillovirales,flasuviricetes,hipposideros speoris,394056,hipposideros,hipposideridae,chiroptera,mammalia
master_81,81,Alkhurma,Alkhumra hemorrhagic fever,Alkhumra hemorrhagic fever virus,species,virion,FALSE,shared_species_proxy_review,virion,orthoflavivirus kyasanurense,3048170; 33743,taxid,TRUE,TRUE,Taxonomic species shared with Kyasanur Forest disease virus; do not treat this as Alkhumra-specific host evidence without review.,EID2,677192,Not specified,FALSE,orthoflavivirus kyasanurense,33743,virus,flaviviridae,amarillovirales,flasuviricetes,homo sapiens,9606,homo,hominidae,primates,mammalia
master_81,81,Alkhurma,Alkhumra hemorrhagic fever,Alkhumra hemorrhagic fever virus,species,virion,FALSE,shared_species_proxy_review,virion,orthoflavivirus kyasanurense,3048170; 33743,taxid,TRUE,TRUE,Taxonomic species shared with Kyasanur Forest disease virus; do not treat this as Alkhumra-specific host evidence without review.,GenBank,677187,PCR/Sequencing,FALSE,orthoflavivirus kyasanurense,3048170,virus,flaviviridae,amarillovirales,flasuviricetes,homo sapiens,9606,homo,hominidae,primates,mammalia
master_81,81,Alkhurma,Alkhumra hemorrhagic fever,Alkhumra hemorrhagic fever virus,species,virion,FALSE,shared_species_proxy_review,virion,orthoflavivirus kyasanurense,3048170; 33743,taxid,TRUE,TRUE,Taxonomic species shared with Kyasanur Forest disease virus; do not treat this as Alkhumra-specific host evidence without review.,HP3,763120,Isolation/Observation,FALSE,orthoflavivirus kyasanurense,33743,virus,flaviviridae,amarillovirales,flasuviricetes,macaca radiata,9548,macaca,cercopithecidae,primates,mammalia
master_81,81,Alkhurma,Alkhumra hemorrhagic fever,Alkhumra hemorrhagic fever virus,species,virion,FALSE,shared_species_proxy_review,virion,orthoflavivirus kyasanurense,3048170; 33743,taxid,TRUE,TRUE,Taxonomic species shared with Kyasanur Forest disease virus; do not treat this as Alkhumra-specific host evidence without review.,GenBank,763117,PCR/Sequencing,FALSE,orthoflavivirus kyasanurense,3048170,virus,flaviviridae,amarillovirales,flasuviricetes,macaca radiata,9548,macaca,cercopithecidae,primates,mammalia
master_81,81,Alkhurma,Alkhumra hemorrhagic fever,Alkhumra hemorrhagic fever virus,species,virion,FALSE,shared_species_proxy_review,virion,orthoflavivirus kyasanurense,3048170; 33743,taxid,TRUE,TRUE,Taxonomic species shared with Kyasanur Forest disease virus; do not treat this as Alkhumra-specific host evidence without review.,HP3,770877,Antibodies,FALSE,orthoflavivirus kyasanurense,33743,virus,flaviviridae,amarillovirales,flasuviricetes,miniopterus schreibersii,9433,miniopterus,miniopteridae,chiroptera,mammalia
master_81,81,Alkhurma,Alkhumra hemorrhagic fever,Alkhumra hemorrhagic fever virus,species,virion,FALSE,shared_species_proxy_review,virion,orthoflavivirus kyasanurense,3048170; 33743,taxid,TRUE,TRUE,Taxonomic species shared with Kyasanur Forest disease virus; do not treat this as Alkhumra-specific host evidence without review.,HP3,772034,Antibodies,FALSE,orthoflavivirus kyasanurense,33743,virus,flaviviridae,amarillovirales,flasuviricetes,mus booduga,27681,mus,muridae,rodentia,mammalia
master_81,81,Alkhurma,Alkhumra hemorrhagic fever,Alkhumra hemorrhagic fever virus,species,virion,FALSE,shared_species_proxy_review,virion,orthoflavivirus kyasanurense,3048170; 33743,taxid,TRUE,TRUE,Taxonomic species shared with Kyasanur Forest disease virus; do not treat this as Alkhumra-specific host evidence without review.,GenBank,774031,PCR/Sequencing,FALSE,orthoflavivirus kyasanurense,3048170,virus,flaviviridae,amarillovirales,flasuviricetes,mus musculus,10090,mus,muridae,rodentia,mammalia
master_81,81,Alkhurma,Alkhumra hemorrhagic fever,Alkhumra hemorrhagic fever virus,species,virion,FALSE,shared_species_proxy_review,virion,orthoflavivirus kyasanurense,3048170; 33743,taxid,TRUE,TRUE,Taxonomic species shared with Kyasanur Forest disease virus; do not treat this as Alkhumra-specific host evidence without review.,Shaw,798794,Antibodies,FALSE,orthoflavivirus kyasanurense,33743,virus,flaviviridae,amarillovirales,flasuviricetes,psilopogon zeylanicus,3150401,psilopogon,megalaimidae,piciformes,aves
master_81,81,Alkhurma,Alkhumra hemorrhagic fever,Alkhumra hemorrhagic fever virus,species,virion,FALSE,shared_species_proxy_review,virion,orthoflavivirus kyasanurense,3048170; 33743,taxid,TRUE,TRUE,Taxonomic species shared with Kyasanur Forest disease virus; do not treat this as Alkhumra-specific host evidence without review.,HP3,803882,Antibodies,FALSE,orthoflavivirus kyasanurense,33743,virus,flaviviridae,amarillovirales,flasuviricetes,rattus rattus,10117,rattus,muridae,rodentia,mammalia
master_81,81,Alkhurma,Alkhumra hemorrhagic fever,Alkhumra hemorrhagic fever virus,species,virion,FALSE,shared_species_proxy_review,virion,orthoflavivirus kyasanurense,3048170; 33743,taxid,TRUE,TRUE,Taxonomic species shared with Kyasanur Forest disease virus; do not treat this as Alkhumra-specific host evidence without review.,HP3,805974,Isolation/Observation,FALSE,orthoflavivirus kyasanurense,33743,virus,flaviviridae,amarillovirales,flasuviricetes,rhinolophus rouxii,89398,rhinolophus,rhinolophidae,chiroptera,mammalia
master_81,81,Alkhurma,Alkhumra hemorrhagic fever,Alkhumra hemorrhagic fever virus,species,virion,FALSE,shared_species_proxy_review,virion,orthoflavivirus kyasanurense,3048170; 33743,taxid,TRUE,TRUE,Taxonomic species shared with Kyasanur Forest disease virus; do not treat this as Alkhumra-specific host evidence without review.,Shaw,806886,Antibodies,FALSE,orthoflavivirus kyasanurense,33743,virus,flaviviridae,amarillovirales,flasuviricetes,rhopocichla atriceps,1149666,rhopocichla,timaliidae,passeriformes,aves
master_81,81,Alkhurma,Alkhumra hemorrhagic fever,Alkhumra hemorrhagic fever virus,species,virion,FALSE,shared_species_proxy_review,virion,orthoflavivirus kyasanurense,3048170; 33743,taxid,TRUE,TRUE,Taxonomic species shared with Kyasanur Forest disease virus; do not treat this as Alkhumra-specific host evidence without review.,HP3,807627,Antibodies,FALSE,orthoflavivirus kyasanurense,33743,virus,flaviviridae,amarillovirales,flasuviricetes,rousettus leschenaultii,9408,rousettus,pteropodidae,chiroptera,mammalia
master_81,81,Alkhurma,Alkhumra hemorrhagic fever,Alkhumra hemorrhagic fever virus,species,virion,FALSE,shared_species_proxy_review,virion,orthoflavivirus kyasanurense,3048170; 33743,taxid,TRUE,TRUE,Taxonomic species shared with Kyasanur Forest disease virus; do not treat this as Alkhumra-specific host evidence without review.,HP3,810830,Isolation/Observation,FALSE,orthoflavivirus kyasanurense,33743,virus,flaviviridae,amarillovirales,flasuviricetes,semnopithecus entellus,88029,semnopithecus,cercopithecidae,primates,mammalia
master_81,81,Alkhurma,Alkhumra hemorrhagic fever,Alkhumra hemorrhagic fever virus,species,virion,FALSE,shared_species_proxy_review,virion,orthoflavivirus kyasanurense,3048170; 33743,taxid,TRUE,TRUE,Taxonomic species shared with Kyasanur Forest disease virus; do not treat this as Alkhumra-specific host evidence without review.,GenBank,810828,PCR/Sequencing,FALSE,orthoflavivirus kyasanurense,3048170,virus,flaviviridae,amarillovirales,flasuviricetes,semnopithecus entellus,88029,semnopithecus,cercopithecidae,primates,mammalia
master_81,81,Alkhurma,Alkhumra hemorrhagic fever,Alkhumra hemorrhagic fever virus,species,virion,FALSE,shared_species_proxy_review,virion,orthoflavivirus kyasanurense,3048170; 33743,taxid,TRUE,TRUE,Taxonomic species shared with Kyasanur Forest disease virus; do not treat this as Alkhumra-specific host evidence without review.,HP3,814566,Antibodies,FALSE,orthoflavivirus kyasanurense,33743,virus,flaviviridae,amarillovirales,flasuviricetes,suncus murinus,9378,suncus,soricidae,eulipotyphla,mammalia
master_81,81,Alkhurma,Alkhumra hemorrhagic fever,Alkhumra hemorrhagic fever virus,species,virion,FALSE,shared_species_proxy_review,virion,orthoflavivirus kyasanurense,3048170; 33743,taxid,TRUE,TRUE,Taxonomic species shared with Kyasanur Forest disease virus; do not treat this as Alkhumra-specific host evidence without review.,HP3,871341,Antibodies,FALSE,orthoflavivirus kyasanurense,33743,virus,flaviviridae,amarillovirales,flasuviricetes,tatera indica,186471,tatera,muridae,rodentia,mammalia
master_81,81,Alkhurma,Alkhumra hemorrhagic fever,Alkhumra hemorrhagic fever virus,species,virion,FALSE,shared_species_proxy_review,virion,orthoflavivirus kyasanurense,3048170; 33743,taxid,TRUE,TRUE,Taxonomic species shared with Kyasanur Forest disease virus; do not treat this as Alkhumra-specific host evidence without review.,Shaw,871358,Antibodies,FALSE,orthoflavivirus kyasanurense,33743,virus,flaviviridae,amarillovirales,flasuviricetes,tephrodornis virgatus,316102,tephrodornis,prionopidae,passeriformes,aves
master_81,81,Alkhurma,Alkhumra hemorrhagic fever,Alkhumra hemorrhagic fever virus,species,virion,FALSE,shared_species_proxy_review,virion,orthoflavivirus kyasanurense,3048170; 33743,taxid,TRUE,TRUE,Taxonomic species shared with Kyasanur Forest disease virus; do not treat this as Alkhumra-specific host evidence without review.,HP3,871768,Antibodies,FALSE,orthoflavivirus kyasanurense,33743,virus,flaviviridae,amarillovirales,flasuviricetes,trachypithecus francoisi,54180,trachypithecus,cercopithecidae,primates,mammalia
master_81,81,Alkhurma,Alkhumra hemorrhagic fever,Alkhumra hemorrhagic fever virus,species,virion,FALSE,shared_species_proxy_review,virion,orthoflavivirus kyasanurense,3048170; 33743,taxid,TRUE,TRUE,Taxonomic species shared with Kyasanur Forest disease virus; do not treat this as Alkhumra-specific host evidence without review.,Shaw,871933,Antibodies,FALSE,orthoflavivirus kyasanurense,33743,virus,flaviviridae,amarillovirales,flasuviricetes,treron pompadora,1118849,treron,columbidae,columbiformes,aves
master_81,81,Alkhurma,Alkhumra hemorrhagic fever,Alkhumra hemorrhagic fever virus,species,virion,FALSE,shared_species_proxy_review,virion,orthoflavivirus kyasanurense,3048170; 33743,taxid,TRUE,TRUE,Taxonomic species shared with Kyasanur Forest disease virus; do not treat this as Alkhumra-specific host evidence without review.,HP3,873907,Isolation/Observation,FALSE,orthoflavivirus kyasanurense,33743,virus,flaviviridae,amarillovirales,flasuviricetes,vandeleuria oleracea,2028311,vandeleuria,muridae,rodentia,mammalia
master_87,87,Rickettsia conorii indica,Indian tick typhus,Rickettsia conorii subsp. indica,subspecies,clover,FALSE,match_review,clover,rickettsia conorii,781,taxid,TRUE,FALSE,CLOVER local match is at parent species level.,GMPD2,17315,Antibodies,,rickettsia conorii,781,bacteria/rickettsia,rickettsiaceae,rickettsiales,alphaproteobacteria,canis aureus,68724,canis,canidae,carnivora,mammalia
master_87,87,Rickettsia conorii indica,Indian tick typhus,Rickettsia conorii subsp. indica,subspecies,clover,FALSE,match_review,clover,rickettsia conorii,781,taxid,TRUE,FALSE,CLOVER local match is at parent species level.,EID2,21194,PCR/Sequencing,,rickettsia conorii,781,bacteria/rickettsia,rickettsiaceae,rickettsiales,alphaproteobacteria,canis lupus,9612,canis,canidae,carnivora,mammalia
master_87,87,Rickettsia conorii indica,Indian tick typhus,Rickettsia conorii subsp. indica,subspecies,clover,FALSE,match_review,clover,rickettsia conorii,781,taxid,TRUE,FALSE,CLOVER local match is at parent species level.,GMPD2,24349,Antibodies,,rickettsia conorii,781,bacteria/rickettsia,rickettsiaceae,rickettsiales,alphaproteobacteria,chlorocebus pygerythrus,60710,chlorocebus,cercopithecidae,primates,mammalia
master_87,87,Rickettsia conorii indica,Indian tick typhus,Rickettsia conorii subsp. indica,subspecies,clover,FALSE,match_review,clover,rickettsia conorii,781,taxid,TRUE,FALSE,CLOVER local match is at parent species level.,EID2,56184,Not specified,,rickettsia conorii,781,bacteria/rickettsia,rickettsiaceae,rickettsiales,alphaproteobacteria,homo sapiens,9606,homo,hominidae,primates,mammalia
master_87,87,Rickettsia conorii indica,Indian tick typhus,Rickettsia conorii subsp. indica,subspecies,clover,FALSE,match_review,clover,rickettsia conorii,781,taxid,TRUE,FALSE,CLOVER local match is at parent species level.,GMPD2,72043,PCR/Sequencing,,rickettsia conorii,781,bacteria/rickettsia,rickettsiaceae,rickettsiales,alphaproteobacteria,panthera leo,9689,panthera,felidae,carnivora,mammalia
master_92,92,Rocio,Rocio virus encephalitis,Rocio virus,species,virion,FALSE,shared_species_proxy_review,virion,orthoflavivirus ilheusense,3052466; 59563,taxid,TRUE,TRUE,Taxonomic species shared with Ilheus virus; do not treat this as Rocio-specific host evidence without review.; Local CLOVER match at the Ilheus virus/species proxy level; do not treat this as Rocio-specific host evidence without review.,Shaw,17500,Antibodies,FALSE,orthoflavivirus ilheusense,59563,virus,flaviviridae,amarillovirales,flasuviricetes,amblycercus holosericeus,84791,amblycercus,icteridae,passeriformes,aves
master_92,92,Rocio,Rocio virus encephalitis,Rocio virus,species,virion,FALSE,shared_species_proxy_review,virion,orthoflavivirus ilheusense,3052466; 59563,taxid,TRUE,TRUE,Taxonomic species shared with Ilheus virus; do not treat this as Rocio-specific host evidence without review.; Local CLOVER match at the Ilheus virus/species proxy level; do not treat this as Rocio-specific host evidence without review.,HP3,26655,Antibodies,FALSE,orthoflavivirus ilheusense,59563,virus,flaviviridae,amarillovirales,flasuviricetes,anoura geoffroyi,148021,anoura,phyllostomidae,chiroptera,mammalia
master_92,92,Rocio,Rocio virus encephalitis,Rocio virus,species,virion,FALSE,shared_species_proxy_review,virion,orthoflavivirus ilheusense,3052466; 59563,taxid,TRUE,TRUE,Taxonomic species shared with Ilheus virus; do not treat this as Rocio-specific host evidence without review.; Local CLOVER match at the Ilheus virus/species proxy level; do not treat this as Rocio-specific host evidence without review.,HP3,30946,Antibodies,FALSE,orthoflavivirus ilheusense,59563,virus,flaviviridae,amarillovirales,flasuviricetes,artibeus cinereus,40224,artibeus,phyllostomidae,chiroptera,mammalia
master_92,92,Rocio,Rocio virus encephalitis,Rocio virus,species,virion,FALSE,shared_species_proxy_review,virion,orthoflavivirus ilheusense,3052466; 59563,taxid,TRUE,TRUE,Taxonomic species shared with Ilheus virus; do not treat this as Rocio-specific host evidence without review.; Local CLOVER match at the Ilheus virus/species proxy level; do not treat this as Rocio-specific host evidence without review.,HP3,31011,Antibodies,FALSE,orthoflavivirus ilheusense,59563,virus,flaviviridae,amarillovirales,flasuviricetes,artibeus jamaicensis,9417,artibeus,phyllostomidae,chiroptera,mammalia
master_92,92,Rocio,Rocio virus encephalitis,Rocio virus,species,virion,FALSE,shared_species_proxy_review,virion,orthoflavivirus ilheusense,3052466; 59563,taxid,TRUE,TRUE,Taxonomic species shared with Ilheus virus; do not treat this as Rocio-specific host evidence without review.; Local CLOVER match at the Ilheus virus/species proxy level; do not treat this as Rocio-specific host evidence without review.,HP3,31233,Antibodies,FALSE,orthoflavivirus ilheusense,59563,virus,flaviviridae,amarillovirales,flasuviricetes,artibeus lituratus,27634,artibeus,phyllostomidae,chiroptera,mammalia
master_92,92,Rocio,Rocio virus encephalitis,Rocio virus,species,virion,FALSE,shared_species_proxy_review,virion,orthoflavivirus ilheusense,3052466; 59563,taxid,TRUE,TRUE,Taxonomic species shared with Ilheus virus; do not treat this as Rocio-specific host evidence without review.; Local CLOVER match at the Ilheus virus/species proxy level; do not treat this as Rocio-specific host evidence without review.,Shaw,57664,Antibodies,FALSE,orthoflavivirus ilheusense,59563,virus,flaviviridae,amarillovirales,flasuviricetes,callithrix jacchus,9483,callithrix,cebidae,primates,mammalia
master_92,92,Rocio,Rocio virus encephalitis,Rocio virus,species,virion,FALSE,shared_species_proxy_review,virion,orthoflavivirus ilheusense,3052466; 59563,taxid,TRUE,TRUE,Taxonomic species shared with Ilheus virus; do not treat this as Rocio-specific host evidence without review.; Local CLOVER match at the Ilheus virus/species proxy level; do not treat this as Rocio-specific host evidence without review.,Shaw,57739,Antibodies,FALSE,orthoflavivirus ilheusense,59563,virus,flaviviridae,amarillovirales,flasuviricetes,callithrix penicillata,57378,callithrix,cebidae,primates,mammalia
master_92,92,Rocio,Rocio virus encephalitis,Rocio virus,species,virion,FALSE,shared_species_proxy_review,virion,orthoflavivirus ilheusense,3052466; 59563,taxid,TRUE,TRUE,Taxonomic species shared with Ilheus virus; do not treat this as Rocio-specific host evidence without review.; Local CLOVER match at the Ilheus virus/species proxy level; do not treat this as Rocio-specific host evidence without review.,HP3,73631,Antibodies,FALSE,orthoflavivirus ilheusense,59563,virus,flaviviridae,amarillovirales,flasuviricetes,carollia perspicillata,40233,carollia,phyllostomidae,chiroptera,mammalia
master_92,92,Rocio,Rocio virus encephalitis,Rocio virus,species,virion,FALSE,shared_species_proxy_review,virion,orthoflavivirus ilheusense,3052466; 59563,taxid,TRUE,TRUE,Taxonomic species shared with Ilheus virus; do not treat this as Rocio-specific host evidence without review.; Local CLOVER match at the Ilheus virus/species proxy level; do not treat this as Rocio-specific host evidence without review.,GenBank,74049,PCR/Sequencing,FALSE,orthoflavivirus ilheusense,3052466,virus,flaviviridae,amarillovirales,flasuviricetes,cebus sp.,9517,cebus,cebidae,primates,mammalia
master_92,92,Rocio,Rocio virus encephalitis,Rocio virus,species,virion,FALSE,shared_species_proxy_review,virion,orthoflavivirus ilheusense,3052466; 59563,taxid,TRUE,TRUE,Taxonomic species shared with Ilheus virus; do not treat this as Rocio-specific host evidence without review.; Local CLOVER match at the Ilheus virus/species proxy level; do not treat this as Rocio-specific host evidence without review.,Shaw,78060,Antibodies,FALSE,orthoflavivirus ilheusense,59563,virus,flaviviridae,amarillovirales,flasuviricetes,columbina talpacoti,504887,columbina,columbidae,columbiformes,aves
master_92,92,Rocio,Rocio virus encephalitis,Rocio virus,species,virion,FALSE,shared_species_proxy_review,virion,orthoflavivirus ilheusense,3052466; 59563,taxid,TRUE,TRUE,Taxonomic species shared with Ilheus virus; do not treat this as Rocio-specific host evidence without review.; Local CLOVER match at the Ilheus virus/species proxy level; do not treat this as Rocio-specific host evidence without review.,HP3,83058,Antibodies,FALSE,orthoflavivirus ilheusense,59563,virus,flaviviridae,amarillovirales,flasuviricetes,desmodus rotundus,9430,desmodus,phyllostomidae,chiroptera,mammalia
master_92,92,Rocio,Rocio virus encephalitis,Rocio virus,species,virion,FALSE,shared_species_proxy_review,virion,orthoflavivirus ilheusense,3052466; 59563,taxid,TRUE,TRUE,Taxonomic species shared with Ilheus virus; do not treat this as Rocio-specific host evidence without review.; Local CLOVER match at the Ilheus virus/species proxy level; do not treat this as Rocio-specific host evidence without review.,Shaw,83701,Isolation/Observation,FALSE,orthoflavivirus ilheusense,59563,virus,flaviviridae,amarillovirales,flasuviricetes,egretta caerulea,110682,egretta,ardeidae,pelecaniformes,aves
master_92,92,Rocio,Rocio virus encephalitis,Rocio virus,species,virion,FALSE,shared_species_proxy_review,virion,orthoflavivirus ilheusense,3052466; 59563,taxid,TRUE,TRUE,Taxonomic species shared with Ilheus virus; do not treat this as Rocio-specific host evidence without review.; Local CLOVER match at the Ilheus virus/species proxy level; do not treat this as Rocio-specific host evidence without review.,Shaw,83726,Antibodies,FALSE,orthoflavivirus ilheusense,59563,virus,flaviviridae,amarillovirales,flasuviricetes,egretta thula,110681,egretta,ardeidae,pelecaniformes,aves
master_92,92,Rocio,Rocio virus encephalitis,Rocio virus,species,virion,FALSE,shared_species_proxy_review,virion,orthoflavivirus ilheusense,3052466; 59563,taxid,TRUE,TRUE,Taxonomic species shared with Ilheus virus; do not treat this as Rocio-specific host evidence without review.; Local CLOVER match at the Ilheus virus/species proxy level; do not treat this as Rocio-specific host evidence without review.,HP3,89399,Antibodies,FALSE,orthoflavivirus ilheusense,59563,virus,flaviviridae,amarillovirales,flasuviricetes,equus caballus,9796,equus,equidae,perissodactyla,mammalia
master_92,92,Rocio,Rocio virus encephalitis,Rocio virus,species,virion,FALSE,shared_species_proxy_review,virion,orthoflavivirus ilheusense,3052466; 59563,taxid,TRUE,TRUE,Taxonomic species shared with Ilheus virus; do not treat this as Rocio-specific host evidence without review.; Local CLOVER match at the Ilheus virus/species proxy level; do not treat this as Rocio-specific host evidence without review.,GenBank,89397,PCR/Sequencing,FALSE,orthoflavivirus ilheusense,3052466,virus,flaviviridae,amarillovirales,flasuviricetes,equus caballus,9796,equus,equidae,perissodactyla,mammalia
master_92,92,Rocio,Rocio virus encephalitis,Rocio virus,species,virion,FALSE,shared_species_proxy_review,virion,orthoflavivirus ilheusense,3052466; 59563,taxid,TRUE,TRUE,Taxonomic species shared with Ilheus virus; do not treat this as Rocio-specific host evidence without review.; Local CLOVER match at the Ilheus virus/species proxy level; do not treat this as Rocio-specific host evidence without review.,Shaw,122243,Antibodies,FALSE,orthoflavivirus ilheusense,59563,virus,flaviviridae,amarillovirales,flasuviricetes,gallus gallus,9031,gallus,phasianidae,galliformes,aves
master_92,92,Rocio,Rocio virus encephalitis,Rocio virus,species,virion,FALSE,shared_species_proxy_review,virion,orthoflavivirus ilheusense,3052466; 59563,taxid,TRUE,TRUE,Taxonomic species shared with Ilheus virus; do not treat this as Rocio-specific host evidence without review.; Local CLOVER match at the Ilheus virus/species proxy level; do not treat this as Rocio-specific host evidence without review.,Shaw,123030,Antibodies,FALSE,orthoflavivirus ilheusense,59563,virus,flaviviridae,amarillovirales,flasuviricetes,geopelia cuneata,115648,geopelia,columbidae,columbiformes,aves
master_92,92,Rocio,Rocio virus encephalitis,Rocio virus,species,virion,FALSE,shared_species_proxy_review,virion,orthoflavivirus ilheusense,3052466; 59563,taxid,TRUE,TRUE,Taxonomic species shared with Ilheus virus; do not treat this as Rocio-specific host evidence without review.; Local CLOVER match at the Ilheus virus/species proxy level; do not treat this as Rocio-specific host evidence without review.,HP3,123356,Antibodies,FALSE,orthoflavivirus ilheusense,59563,virus,flaviviridae,amarillovirales,flasuviricetes,glossophaga soricina,27638,glossophaga,phyllostomidae,chiroptera,mammalia
master_92,92,Rocio,Rocio virus encephalitis,Rocio virus,species,virion,FALSE,shared_species_proxy_review,virion,orthoflavivirus ilheusense,3052466; 59563,taxid,TRUE,TRUE,Taxonomic species shared with Ilheus virus; do not treat this as Rocio-specific host evidence without review.; Local CLOVER match at the Ilheus virus/species proxy level; do not treat this as Rocio-specific host evidence without review.,EID2,676759,Not specified,FALSE,orthoflavivirus ilheusense,59563,virus,flaviviridae,amarillovirales,flasuviricetes,homo sapiens,9606,homo,hominidae,primates,mammalia
master_92,92,Rocio,Rocio virus encephalitis,Rocio virus,species,virion,FALSE,shared_species_proxy_review,virion,orthoflavivirus ilheusense,3052466; 59563,taxid,TRUE,TRUE,Taxonomic species shared with Ilheus virus; do not treat this as Rocio-specific host evidence without review.; Local CLOVER match at the Ilheus virus/species proxy level; do not treat this as Rocio-specific host evidence without review.,GenBank,676754,PCR/Sequencing,FALSE,orthoflavivirus ilheusense,3052466,virus,flaviviridae,amarillovirales,flasuviricetes,homo sapiens,9606,homo,hominidae,primates,mammalia
master_92,92,Rocio,Rocio virus encephalitis,Rocio virus,species,virion,FALSE,shared_species_proxy_review,virion,orthoflavivirus ilheusense,3052466; 59563,taxid,TRUE,TRUE,Taxonomic species shared with Ilheus virus; do not treat this as Rocio-specific host evidence without review.; Local CLOVER match at the Ilheus virus/species proxy level; do not treat this as Rocio-specific host evidence without review.,HP3,771190,Antibodies,FALSE,orthoflavivirus ilheusense,59563,virus,flaviviridae,amarillovirales,flasuviricetes,molossus molossus,27622,molossus,molossidae,chiroptera,mammalia
master_92,92,Rocio,Rocio virus encephalitis,Rocio virus,species,virion,FALSE,shared_species_proxy_review,virion,orthoflavivirus ilheusense,3052466; 59563,taxid,TRUE,TRUE,Taxonomic species shared with Ilheus virus; do not treat this as Rocio-specific host evidence without review.; Local CLOVER match at the Ilheus virus/species proxy level; do not treat this as Rocio-specific host evidence without review.,HP3,771246,Antibodies,FALSE,orthoflavivirus ilheusense,59563,virus,flaviviridae,amarillovirales,flasuviricetes,molossus rufus,124751,molossus,molossidae,chiroptera,mammalia
master_92,92,Rocio,Rocio virus encephalitis,Rocio virus,species,virion,FALSE,shared_species_proxy_review,virion,orthoflavivirus ilheusense,3052466; 59563,taxid,TRUE,TRUE,Taxonomic species shared with Ilheus virus; do not treat this as Rocio-specific host evidence without review.; Local CLOVER match at the Ilheus virus/species proxy level; do not treat this as Rocio-specific host evidence without review.,Shaw,771265,Isolation/Observation,FALSE,orthoflavivirus ilheusense,59563,virus,flaviviridae,amarillovirales,flasuviricetes,molothrus bonariensis,84836,molothrus,icteridae,passeriformes,aves
master_92,92,Rocio,Rocio virus encephalitis,Rocio virus,species,virion,FALSE,shared_species_proxy_review,virion,orthoflavivirus ilheusense,3052466; 59563,taxid,TRUE,TRUE,Taxonomic species shared with Ilheus virus; do not treat this as Rocio-specific host evidence without review.; Local CLOVER match at the Ilheus virus/species proxy level; do not treat this as Rocio-specific host evidence without review.,Shaw,774029,Isolation/Observation,FALSE,orthoflavivirus ilheusense,59563,virus,flaviviridae,amarillovirales,flasuviricetes,mus musculus,10090,mus,muridae,rodentia,mammalia
master_92,92,Rocio,Rocio virus encephalitis,Rocio virus,species,virion,FALSE,shared_species_proxy_review,virion,orthoflavivirus ilheusense,3052466; 59563,taxid,TRUE,TRUE,Taxonomic species shared with Ilheus virus; do not treat this as Rocio-specific host evidence without review.; Local CLOVER match at the Ilheus virus/species proxy level; do not treat this as Rocio-specific host evidence without review.,Shaw,778010,Antibodies,FALSE,orthoflavivirus ilheusense,59563,virus,flaviviridae,amarillovirales,flasuviricetes,nasua nasua,9651,nasua,procyonidae,carnivora,mammalia
master_92,92,Rocio,Rocio virus encephalitis,Rocio virus,species,virion,FALSE,shared_species_proxy_review,virion,orthoflavivirus ilheusense,3052466; 59563,taxid,TRUE,TRUE,Taxonomic species shared with Ilheus virus; do not treat this as Rocio-specific host evidence without review.; Local CLOVER match at the Ilheus virus/species proxy level; do not treat this as Rocio-specific host evidence without review.,HP3,778026,Antibodies,FALSE,orthoflavivirus ilheusense,59563,virus,flaviviridae,amarillovirales,flasuviricetes,natalus tumidirostris,59487,natalus,natalidae,chiroptera,mammalia
master_92,92,Rocio,Rocio virus encephalitis,Rocio virus,species,virion,FALSE,shared_species_proxy_review,virion,orthoflavivirus ilheusense,3052466; 59563,taxid,TRUE,TRUE,Taxonomic species shared with Ilheus virus; do not treat this as Rocio-specific host evidence without review.; Local CLOVER match at the Ilheus virus/species proxy level; do not treat this as Rocio-specific host evidence without review.,HP3,795610,Antibodies,FALSE,orthoflavivirus ilheusense,59563,virus,flaviviridae,amarillovirales,flasuviricetes,phyllostomus hastatus,9423,phyllostomus,phyllostomidae,chiroptera,mammalia
master_92,92,Rocio,Rocio virus encephalitis,Rocio virus,species,virion,FALSE,shared_species_proxy_review,virion,orthoflavivirus ilheusense,3052466; 59563,taxid,TRUE,TRUE,Taxonomic species shared with Ilheus virus; do not treat this as Rocio-specific host evidence without review.; Local CLOVER match at the Ilheus virus/species proxy level; do not treat this as Rocio-specific host evidence without review.,HP3,796635,Antibodies,FALSE,orthoflavivirus ilheusense,59563,virus,flaviviridae,amarillovirales,flasuviricetes,platyrrhinus helleri,27658,platyrrhinus,phyllostomidae,chiroptera,mammalia
master_92,92,Rocio,Rocio virus encephalitis,Rocio virus,species,virion,FALSE,shared_species_proxy_review,virion,orthoflavivirus ilheusense,3052466; 59563,taxid,TRUE,TRUE,Taxonomic species shared with Ilheus virus; do not treat this as Rocio-specific host evidence without review.; Local CLOVER match at the Ilheus virus/species proxy level; do not treat this as Rocio-specific host evidence without review.,Shaw,798680,Antibodies,FALSE,orthoflavivirus ilheusense,59563,virus,flaviviridae,amarillovirales,flasuviricetes,psarocolius wagleri,186230,psarocolius,icteridae,passeriformes,aves
master_92,92,Rocio,Rocio virus encephalitis,Rocio virus,species,virion,FALSE,shared_species_proxy_review,virion,orthoflavivirus ilheusense,3052466; 59563,taxid,TRUE,TRUE,Taxonomic species shared with Ilheus virus; do not treat this as Rocio-specific host evidence without review.; Local CLOVER match at the Ilheus virus/species proxy level; do not treat this as Rocio-specific host evidence without review.,HP3,799267,Antibodies,FALSE,orthoflavivirus ilheusense,59563,virus,flaviviridae,amarillovirales,flasuviricetes,pteronotus davyi,94956,pteronotus,mormoopidae,chiroptera,mammalia
master_92,92,Rocio,Rocio virus encephalitis,Rocio virus,species,virion,FALSE,shared_species_proxy_review,virion,orthoflavivirus ilheusense,3052466; 59563,taxid,TRUE,TRUE,Taxonomic species shared with Ilheus virus; do not treat this as Rocio-specific host evidence without review.; Local CLOVER match at the Ilheus virus/species proxy level; do not treat this as Rocio-specific host evidence without review.,HP3,799309,Antibodies,FALSE,orthoflavivirus ilheusense,59563,virus,flaviviridae,amarillovirales,flasuviricetes,pteronotus parnellii,59476,pteronotus,mormoopidae,chiroptera,mammalia
master_92,92,Rocio,Rocio virus encephalitis,Rocio virus,species,virion,FALSE,shared_species_proxy_review,virion,orthoflavivirus ilheusense,3052466; 59563,taxid,TRUE,TRUE,Taxonomic species shared with Ilheus virus; do not treat this as Rocio-specific host evidence without review.; Local CLOVER match at the Ilheus virus/species proxy level; do not treat this as Rocio-specific host evidence without review.,Shaw,801389,Isolation/Observation,FALSE,orthoflavivirus ilheusense,59563,virus,flaviviridae,amarillovirales,flasuviricetes,ramphastos sulfuratus,322582,ramphastos,ramphastidae,piciformes,aves
master_92,92,Rocio,Rocio virus encephalitis,Rocio virus,species,virion,FALSE,shared_species_proxy_review,virion,orthoflavivirus ilheusense,3052466; 59563,taxid,TRUE,TRUE,Taxonomic species shared with Ilheus virus; do not treat this as Rocio-specific host evidence without review.; Local CLOVER match at the Ilheus virus/species proxy level; do not treat this as Rocio-specific host evidence without review.,Shaw,801396,Isolation/Observation,FALSE,orthoflavivirus ilheusense,59563,virus,flaviviridae,amarillovirales,flasuviricetes,ramphocelus passerinii,36725,ramphocelus,thraupidae,passeriformes,aves
master_92,92,Rocio,Rocio virus encephalitis,Rocio virus,species,virion,FALSE,shared_species_proxy_review,virion,orthoflavivirus ilheusense,3052466; 59563,taxid,TRUE,TRUE,Taxonomic species shared with Ilheus virus; do not treat this as Rocio-specific host evidence without review.; Local CLOVER match at the Ilheus virus/species proxy level; do not treat this as Rocio-specific host evidence without review.,Shaw,811050,Antibodies,FALSE,orthoflavivirus ilheusense,59563,virus,flaviviridae,amarillovirales,flasuviricetes,sicalis flaveola,163868,sicalis,thraupidae,passeriformes,aves
master_92,92,Rocio,Rocio virus encephalitis,Rocio virus,species,virion,FALSE,shared_species_proxy_review,virion,orthoflavivirus ilheusense,3052466; 59563,taxid,TRUE,TRUE,Taxonomic species shared with Ilheus virus; do not treat this as Rocio-specific host evidence without review.; Local CLOVER match at the Ilheus virus/species proxy level; do not treat this as Rocio-specific host evidence without review.,Shaw,813448,Isolation/Observation,FALSE,orthoflavivirus ilheusense,59563,virus,flaviviridae,amarillovirales,flasuviricetes,sporophila caerulescens,256689,sporophila,thraupidae,passeriformes,aves
master_92,92,Rocio,Rocio virus encephalitis,Rocio virus,species,virion,FALSE,shared_species_proxy_review,virion,orthoflavivirus ilheusense,3052466; 59563,taxid,TRUE,TRUE,Taxonomic species shared with Ilheus virus; do not treat this as Rocio-specific host evidence without review.; Local CLOVER match at the Ilheus virus/species proxy level; do not treat this as Rocio-specific host evidence without review.,Shaw,873299,Antibodies,FALSE,orthoflavivirus ilheusense,59563,virus,flaviviridae,amarillovirales,flasuviricetes,tyrannus melancholicus,121427,tyrannus,tyrannidae,passeriformes,aves
master_92,92,Rocio,Rocio virus encephalitis,Rocio virus,species,virion,FALSE,shared_species_proxy_review,virion,orthoflavivirus ilheusense,3052466; 59563,taxid,TRUE,TRUE,Taxonomic species shared with Ilheus virus; do not treat this as Rocio-specific host evidence without review.; Local CLOVER match at the Ilheus virus/species proxy level; do not treat this as Rocio-specific host evidence without review.,Shaw,875743,Isolation/Observation,FALSE,orthoflavivirus ilheusense,59563,virus,flaviviridae,amarillovirales,flasuviricetes,zonotrichia capensis,44391,zonotrichia,passerellidae,passeriformes,aves
