Disease_name,country_standardized,country_status,records_with_country,pathogens,target_ids,in_gibb_etal,in_empres_i
Argentine hemorrhagic fever,Argentina,country,161,Mammarenavirus juninense,Mammarenavirus_juninense__Argentine_hemorrhagic_fever,TRUE,FALSE
Argentine hemorrhagic fever,Australia,country,6,Mammarenavirus juninense,Mammarenavirus_juninense__Argentine_hemorrhagic_fever,TRUE,FALSE
Argentine hemorrhagic fever,United States,country,11,Mammarenavirus juninense,Mammarenavirus_juninense__Argentine_hemorrhagic_fever,TRUE,FALSE
Chikungunya fever,Angola,country,3,Alphavirus chikungunya,Alphavirus_chikungunya__Chikungunya_fever,TRUE,FALSE
Chikungunya fever,Anguilla,territory,2,Alphavirus chikungunya,Alphavirus_chikungunya__Chikungunya_fever,TRUE,FALSE
Chikungunya fever,Antigua and Barbuda,country,1,Alphavirus chikungunya,Alphavirus_chikungunya__Chikungunya_fever,TRUE,FALSE
Chikungunya fever,Argentina,country,59,Alphavirus chikungunya,Alphavirus_chikungunya__Chikungunya_fever,TRUE,FALSE
Chikungunya fever,Aruba,territory,16,Alphavirus chikungunya,Alphavirus_chikungunya__Chikungunya_fever,TRUE,FALSE
Chikungunya fever,Australia,country,4,Alphavirus chikungunya,Alphavirus_chikungunya__Chikungunya_fever,TRUE,FALSE
Chikungunya fever,Bahamas,country,1,Alphavirus chikungunya,Alphavirus_chikungunya__Chikungunya_fever,TRUE,FALSE
Chikungunya fever,Bangladesh,country,102,Alphavirus chikungunya,Alphavirus_chikungunya__Chikungunya_fever,TRUE,FALSE
Chikungunya fever,Barbados,country,2,Alphavirus chikungunya,Alphavirus_chikungunya__Chikungunya_fever,TRUE,FALSE
Chikungunya fever,Bhutan,country,6,Alphavirus chikungunya,Alphavirus_chikungunya__Chikungunya_fever,TRUE,FALSE
Chikungunya fever,Bolivia,country,9,Alphavirus chikungunya,Alphavirus_chikungunya__Chikungunya_fever,TRUE,FALSE
Chikungunya fever,Brazil,country,1553,Alphavirus chikungunya,Alphavirus_chikungunya__Chikungunya_fever,TRUE,FALSE
Chikungunya fever,British Virgin Islands,territory,3,Alphavirus chikungunya,Alphavirus_chikungunya__Chikungunya_fever,TRUE,FALSE
Chikungunya fever,Cambodia,country,28,Alphavirus chikungunya,Alphavirus_chikungunya__Chikungunya_fever,TRUE,FALSE
Chikungunya fever,Cameroon,country,9,Alphavirus chikungunya,Alphavirus_chikungunya__Chikungunya_fever,TRUE,FALSE
Chikungunya fever,Cayman Islands,territory,2,Alphavirus chikungunya,Alphavirus_chikungunya__Chikungunya_fever,TRUE,FALSE
Chikungunya fever,Central African Republic,country,35,Alphavirus chikungunya,Alphavirus_chikungunya__Chikungunya_fever,TRUE,FALSE
Chikungunya fever,Chad,country,2,Alphavirus chikungunya,Alphavirus_chikungunya__Chikungunya_fever,TRUE,FALSE
Chikungunya fever,China,country,240,Alphavirus chikungunya,Alphavirus_chikungunya__Chikungunya_fever,TRUE,FALSE
Chikungunya fever,Colombia,country,84,Alphavirus chikungunya,Alphavirus_chikungunya__Chikungunya_fever,TRUE,FALSE
Chikungunya fever,Comoros,country,4,Alphavirus chikungunya,Alphavirus_chikungunya__Chikungunya_fever,TRUE,FALSE
Chikungunya fever,Cook Islands,territory,3,Alphavirus chikungunya,Alphavirus_chikungunya__Chikungunya_fever,TRUE,FALSE
Chikungunya fever,Cote d'Ivoire,country,9,Alphavirus chikungunya,Alphavirus_chikungunya__Chikungunya_fever,TRUE,FALSE
Chikungunya fever,Cuba,country,10,Alphavirus chikungunya,Alphavirus_chikungunya__Chikungunya_fever,TRUE,FALSE
Chikungunya fever,Democratic Republic of the Congo,country,27,Alphavirus chikungunya,Alphavirus_chikungunya__Chikungunya_fever,TRUE,FALSE
Chikungunya fever,Djibouti,country,1,Alphavirus chikungunya,Alphavirus_chikungunya__Chikungunya_fever,TRUE,FALSE
Chikungunya fever,Dominica,country,3,Alphavirus chikungunya,Alphavirus_chikungunya__Chikungunya_fever,TRUE,FALSE
Chikungunya fever,Dominican Republic,country,20,Alphavirus chikungunya,Alphavirus_chikungunya__Chikungunya_fever,TRUE,FALSE
Chikungunya fever,East Timor,country,1,Alphavirus chikungunya,Alphavirus_chikungunya__Chikungunya_fever,TRUE,FALSE
Chikungunya fever,Ecuador,country,39,Alphavirus chikungunya,Alphavirus_chikungunya__Chikungunya_fever,TRUE,FALSE
Chikungunya fever,El Salvador,country,5,Alphavirus chikungunya,Alphavirus_chikungunya__Chikungunya_fever,TRUE,FALSE
Chikungunya fever,Equatorial Guinea,country,11,Alphavirus chikungunya,Alphavirus_chikungunya__Chikungunya_fever,TRUE,FALSE
Chikungunya fever,Fiji,country,13,Alphavirus chikungunya,Alphavirus_chikungunya__Chikungunya_fever,TRUE,FALSE
Chikungunya fever,Finland,country,4,Alphavirus chikungunya,Alphavirus_chikungunya__Chikungunya_fever,TRUE,FALSE
Chikungunya fever,France,country,27,Alphavirus chikungunya,Alphavirus_chikungunya__Chikungunya_fever,TRUE,FALSE
Chikungunya fever,French Polynesia,territory,4,Alphavirus chikungunya,Alphavirus_chikungunya__Chikungunya_fever,TRUE,FALSE
Chikungunya fever,Gabon,country,9,Alphavirus chikungunya,Alphavirus_chikungunya__Chikungunya_fever,TRUE,FALSE
Chikungunya fever,Germany,country,1,Alphavirus chikungunya,Alphavirus_chikungunya__Chikungunya_fever,TRUE,FALSE
Chikungunya fever,Grenada,country,2,Alphavirus chikungunya,Alphavirus_chikungunya__Chikungunya_fever,TRUE,FALSE
Chikungunya fever,Guatemala,country,8,Alphavirus chikungunya,Alphavirus_chikungunya__Chikungunya_fever,TRUE,FALSE
Chikungunya fever,Guyana,country,5,Alphavirus chikungunya,Alphavirus_chikungunya__Chikungunya_fever,TRUE,FALSE
Chikungunya fever,Haiti,country,19,Alphavirus chikungunya,Alphavirus_chikungunya__Chikungunya_fever,TRUE,FALSE
Chikungunya fever,Honduras,country,2,Alphavirus chikungunya,Alphavirus_chikungunya__Chikungunya_fever,TRUE,FALSE
Chikungunya fever,Hong Kong,country,4,Alphavirus chikungunya,Alphavirus_chikungunya__Chikungunya_fever,TRUE,FALSE
Chikungunya fever,India,country,1594,Alphavirus chikungunya,Alphavirus_chikungunya__Chikungunya_fever,TRUE,FALSE
Chikungunya fever,Indonesia,country,218,Alphavirus chikungunya,Alphavirus_chikungunya__Chikungunya_fever,TRUE,FALSE
Chikungunya fever,Iran,country,5,Alphavirus chikungunya,Alphavirus_chikungunya__Chikungunya_fever,TRUE,FALSE
Chikungunya fever,Ireland,country,2,Alphavirus chikungunya,Alphavirus_chikungunya__Chikungunya_fever,TRUE,FALSE
Chikungunya fever,Israel,country,1,Alphavirus chikungunya,Alphavirus_chikungunya__Chikungunya_fever,TRUE,FALSE
Chikungunya fever,Italy,country,70,Alphavirus chikungunya,Alphavirus_chikungunya__Chikungunya_fever,TRUE,FALSE
Chikungunya fever,Jamaica,country,4,Alphavirus chikungunya,Alphavirus_chikungunya__Chikungunya_fever,TRUE,FALSE
Chikungunya fever,Japan,country,1,Alphavirus chikungunya,Alphavirus_chikungunya__Chikungunya_fever,TRUE,FALSE
Chikungunya fever,Kenya,country,66,Alphavirus chikungunya,Alphavirus_chikungunya__Chikungunya_fever,TRUE,FALSE
Chikungunya fever,Kiribati,country,3,Alphavirus chikungunya,Alphavirus_chikungunya__Chikungunya_fever,TRUE,FALSE
Chikungunya fever,Laos,country,62,Alphavirus chikungunya,Alphavirus_chikungunya__Chikungunya_fever,TRUE,FALSE
Chikungunya fever,Madagascar,country,2,Alphavirus chikungunya,Alphavirus_chikungunya__Chikungunya_fever,TRUE,FALSE
Chikungunya fever,Malaysia,country,180,Alphavirus chikungunya,Alphavirus_chikungunya__Chikungunya_fever,TRUE,FALSE
Chikungunya fever,Maldives,country,51,Alphavirus chikungunya,Alphavirus_chikungunya__Chikungunya_fever,TRUE,FALSE
Chikungunya fever,Mali,country,4,Alphavirus chikungunya,Alphavirus_chikungunya__Chikungunya_fever,TRUE,FALSE
Chikungunya fever,Mauritius,country,14,Alphavirus chikungunya,Alphavirus_chikungunya__Chikungunya_fever,TRUE,FALSE
Chikungunya fever,Mexico,country,133,Alphavirus chikungunya,Alphavirus_chikungunya__Chikungunya_fever,TRUE,FALSE
Chikungunya fever,Micronesia,country,7,Alphavirus chikungunya,Alphavirus_chikungunya__Chikungunya_fever,TRUE,FALSE
Chikungunya fever,Montserrat,territory,2,Alphavirus chikungunya,Alphavirus_chikungunya__Chikungunya_fever,TRUE,FALSE
Chikungunya fever,Myanmar,country,67,Alphavirus chikungunya,Alphavirus_chikungunya__Chikungunya_fever,TRUE,FALSE
Chikungunya fever,Nauru,country,2,Alphavirus chikungunya,Alphavirus_chikungunya__Chikungunya_fever,TRUE,FALSE
Chikungunya fever,New Caledonia,territory,12,Alphavirus chikungunya,Alphavirus_chikungunya__Chikungunya_fever,TRUE,FALSE
Chikungunya fever,Nicaragua,country,154,Alphavirus chikungunya,Alphavirus_chikungunya__Chikungunya_fever,TRUE,FALSE
Chikungunya fever,Nigeria,country,2,Alphavirus chikungunya,Alphavirus_chikungunya__Chikungunya_fever,TRUE,FALSE
Chikungunya fever,Niue,country,1,Alphavirus chikungunya,Alphavirus_chikungunya__Chikungunya_fever,TRUE,FALSE
Chikungunya fever,Pakistan,country,178,Alphavirus chikungunya,Alphavirus_chikungunya__Chikungunya_fever,TRUE,FALSE
Chikungunya fever,Panama,country,3,Alphavirus chikungunya,Alphavirus_chikungunya__Chikungunya_fever,TRUE,FALSE
Chikungunya fever,Papua New Guinea,country,4,Alphavirus chikungunya,Alphavirus_chikungunya__Chikungunya_fever,TRUE,FALSE
Chikungunya fever,Paraguay,country,247,Alphavirus chikungunya,Alphavirus_chikungunya__Chikungunya_fever,TRUE,FALSE
Chikungunya fever,Philippines,country,74,Alphavirus chikungunya,Alphavirus_chikungunya__Chikungunya_fever,TRUE,FALSE
Chikungunya fever,Puerto Rico,territory,7,Alphavirus chikungunya,Alphavirus_chikungunya__Chikungunya_fever,TRUE,FALSE
Chikungunya fever,Republic of the Congo,country,20,Alphavirus chikungunya,Alphavirus_chikungunya__Chikungunya_fever,TRUE,FALSE
Chikungunya fever,Russia,country,1,Alphavirus chikungunya,Alphavirus_chikungunya__Chikungunya_fever,TRUE,FALSE
Chikungunya fever,Saint Kitts and Nevis,country,1,Alphavirus chikungunya,Alphavirus_chikungunya__Chikungunya_fever,TRUE,FALSE
Chikungunya fever,Saint Lucia,country,4,Alphavirus chikungunya,Alphavirus_chikungunya__Chikungunya_fever,TRUE,FALSE
Chikungunya fever,Saint Martin,territory,6,Alphavirus chikungunya,Alphavirus_chikungunya__Chikungunya_fever,TRUE,FALSE
Chikungunya fever,Saint Vincent and the Grenadines,country,1,Alphavirus chikungunya,Alphavirus_chikungunya__Chikungunya_fever,TRUE,FALSE
Chikungunya fever,Samoa,country,5,Alphavirus chikungunya,Alphavirus_chikungunya__Chikungunya_fever,TRUE,FALSE
Chikungunya fever,Saudi Arabia,country,10,Alphavirus chikungunya,Alphavirus_chikungunya__Chikungunya_fever,TRUE,FALSE
Chikungunya fever,Senegal,country,90,Alphavirus chikungunya,Alphavirus_chikungunya__Chikungunya_fever,TRUE,FALSE
Chikungunya fever,Seychelles,country,5,Alphavirus chikungunya,Alphavirus_chikungunya__Chikungunya_fever,TRUE,FALSE
Chikungunya fever,Singapore,country,429,Alphavirus chikungunya,Alphavirus_chikungunya__Chikungunya_fever,TRUE,FALSE
Chikungunya fever,South Africa,country,3,Alphavirus chikungunya,Alphavirus_chikungunya__Chikungunya_fever,TRUE,FALSE
Chikungunya fever,South Korea,country,13,Alphavirus chikungunya,Alphavirus_chikungunya__Chikungunya_fever,TRUE,FALSE
Chikungunya fever,Spain,country,5,Alphavirus chikungunya,Alphavirus_chikungunya__Chikungunya_fever,TRUE,FALSE
Chikungunya fever,Sri Lanka,country,106,Alphavirus chikungunya,Alphavirus_chikungunya__Chikungunya_fever,TRUE,FALSE
Chikungunya fever,Sudan,country,108,Alphavirus chikungunya,Alphavirus_chikungunya__Chikungunya_fever,TRUE,FALSE
Chikungunya fever,Suriname,country,3,Alphavirus chikungunya,Alphavirus_chikungunya__Chikungunya_fever,TRUE,FALSE
Chikungunya fever,Taiwan,country,8,Alphavirus chikungunya,Alphavirus_chikungunya__Chikungunya_fever,TRUE,FALSE
Chikungunya fever,Tanzania,country,4,Alphavirus chikungunya,Alphavirus_chikungunya__Chikungunya_fever,TRUE,FALSE
Chikungunya fever,Thailand,country,891,Alphavirus chikungunya,Alphavirus_chikungunya__Chikungunya_fever,TRUE,FALSE
Chikungunya fever,Timor-Leste,country,1,Alphavirus chikungunya,Alphavirus_chikungunya__Chikungunya_fever,TRUE,FALSE
Chikungunya fever,Tonga,country,5,Alphavirus chikungunya,Alphavirus_chikungunya__Chikungunya_fever,TRUE,FALSE
Chikungunya fever,Trinidad and Tobago,country,13,Alphavirus chikungunya,Alphavirus_chikungunya__Chikungunya_fever,TRUE,FALSE
Chikungunya fever,Turks and Caicos Islands,country,2,Alphavirus chikungunya,Alphavirus_chikungunya__Chikungunya_fever,TRUE,FALSE
Chikungunya fever,Tuvalu,country,1,Alphavirus chikungunya,Alphavirus_chikungunya__Chikungunya_fever,TRUE,FALSE
Chikungunya fever,Uganda,country,1,Alphavirus chikungunya,Alphavirus_chikungunya__Chikungunya_fever,TRUE,FALSE
Chikungunya fever,United States,country,139,Alphavirus chikungunya,Alphavirus_chikungunya__Chikungunya_fever,TRUE,FALSE
Chikungunya fever,Uruguay,country,31,Alphavirus chikungunya,Alphavirus_chikungunya__Chikungunya_fever,TRUE,FALSE
Chikungunya fever,Venezuela,country,13,Alphavirus chikungunya,Alphavirus_chikungunya__Chikungunya_fever,TRUE,FALSE
Chikungunya fever,Vietnam,country,14,Alphavirus chikungunya,Alphavirus_chikungunya__Chikungunya_fever,TRUE,FALSE
Chikungunya fever,Virgin Islands,country,4,Alphavirus chikungunya,Alphavirus_chikungunya__Chikungunya_fever,TRUE,FALSE
Chikungunya fever,Yemen,country,9,Alphavirus chikungunya,Alphavirus_chikungunya__Chikungunya_fever,TRUE,FALSE
Crimean-Congo hemorrhagic fever,Afghanistan,country,16,Orthonairovirus haemorrhagiae,Orthonairovirus_haemorrhagiae__Crimean_Congo_hemorrhagic_fever,TRUE,TRUE
Crimean-Congo hemorrhagic fever,Albania,country,11,Orthonairovirus haemorrhagiae,Orthonairovirus_haemorrhagiae__Crimean_Congo_hemorrhagic_fever,TRUE,TRUE
Crimean-Congo hemorrhagic fever,Algeria,country,3,Orthonairovirus haemorrhagiae,Orthonairovirus_haemorrhagiae__Crimean_Congo_hemorrhagic_fever,TRUE,TRUE
Crimean-Congo hemorrhagic fever,Armenia,country,45,Orthonairovirus haemorrhagiae,Orthonairovirus_haemorrhagiae__Crimean_Congo_hemorrhagic_fever,TRUE,TRUE
Crimean-Congo hemorrhagic fever,Bulgaria,country,54,Orthonairovirus haemorrhagiae,Orthonairovirus_haemorrhagiae__Crimean_Congo_hemorrhagic_fever,TRUE,TRUE
Crimean-Congo hemorrhagic fever,Cameroon,country,4,Orthonairovirus haemorrhagiae,Orthonairovirus_haemorrhagiae__Crimean_Congo_hemorrhagic_fever,TRUE,TRUE
Crimean-Congo hemorrhagic fever,Central African Republic,country,1,Orthonairovirus haemorrhagiae,Orthonairovirus_haemorrhagiae__Crimean_Congo_hemorrhagic_fever,TRUE,TRUE
Crimean-Congo hemorrhagic fever,China,country,216,Orthonairovirus haemorrhagiae,Orthonairovirus_haemorrhagiae__Crimean_Congo_hemorrhagic_fever,TRUE,TRUE
Crimean-Congo hemorrhagic fever,Cote d'Ivoire,country,6,Orthonairovirus haemorrhagiae,Orthonairovirus_haemorrhagiae__Crimean_Congo_hemorrhagic_fever,TRUE,TRUE
Crimean-Congo hemorrhagic fever,Democratic Republic of the Congo,country,8,Orthonairovirus haemorrhagiae,Orthonairovirus_haemorrhagiae__Crimean_Congo_hemorrhagic_fever,TRUE,TRUE
Crimean-Congo hemorrhagic fever,Egypt,country,9,Orthonairovirus haemorrhagiae,Orthonairovirus_haemorrhagiae__Crimean_Congo_hemorrhagic_fever,TRUE,TRUE
Crimean-Congo hemorrhagic fever,France,country,66,Orthonairovirus haemorrhagiae,Orthonairovirus_haemorrhagiae__Crimean_Congo_hemorrhagic_fever,TRUE,TRUE
Crimean-Congo hemorrhagic fever,Georgia,country,3,Orthonairovirus haemorrhagiae,Orthonairovirus_haemorrhagiae__Crimean_Congo_hemorrhagic_fever,TRUE,TRUE
Crimean-Congo hemorrhagic fever,Ghana,country,6,Orthonairovirus haemorrhagiae,Orthonairovirus_haemorrhagiae__Crimean_Congo_hemorrhagic_fever,TRUE,TRUE
Crimean-Congo hemorrhagic fever,Greece,country,29,Orthonairovirus haemorrhagiae,Orthonairovirus_haemorrhagiae__Crimean_Congo_hemorrhagic_fever,TRUE,TRUE
Crimean-Congo hemorrhagic fever,Guinea,country,40,Orthonairovirus haemorrhagiae,Orthonairovirus_haemorrhagiae__Crimean_Congo_hemorrhagic_fever,TRUE,TRUE
Crimean-Congo hemorrhagic fever,India,country,237,Orthonairovirus haemorrhagiae,Orthonairovirus_haemorrhagiae__Crimean_Congo_hemorrhagic_fever,TRUE,TRUE
Crimean-Congo hemorrhagic fever,Indonesia,country,10,Orthonairovirus haemorrhagiae,Orthonairovirus_haemorrhagiae__Crimean_Congo_hemorrhagic_fever,TRUE,TRUE
Crimean-Congo hemorrhagic fever,Iran,country,177,Orthonairovirus haemorrhagiae,Orthonairovirus_haemorrhagiae__Crimean_Congo_hemorrhagic_fever,TRUE,TRUE
Crimean-Congo hemorrhagic fever,Iraq,country,6,Orthonairovirus haemorrhagiae,Orthonairovirus_haemorrhagiae__Crimean_Congo_hemorrhagic_fever,TRUE,TRUE
Crimean-Congo hemorrhagic fever,Italy,country,2,Orthonairovirus haemorrhagiae,Orthonairovirus_haemorrhagiae__Crimean_Congo_hemorrhagic_fever,TRUE,TRUE
Crimean-Congo hemorrhagic fever,Kazakhstan,country,57,Orthonairovirus haemorrhagiae,Orthonairovirus_haemorrhagiae__Crimean_Congo_hemorrhagic_fever,TRUE,TRUE
Crimean-Congo hemorrhagic fever,Kenya,country,13,Orthonairovirus haemorrhagiae,Orthonairovirus_haemorrhagiae__Crimean_Congo_hemorrhagic_fever,TRUE,TRUE
Crimean-Congo hemorrhagic fever,Kosovo,country,217,Orthonairovirus haemorrhagiae,Orthonairovirus_haemorrhagiae__Crimean_Congo_hemorrhagic_fever,TRUE,TRUE
Crimean-Congo hemorrhagic fever,Mali,country,3,Orthonairovirus haemorrhagiae,Orthonairovirus_haemorrhagiae__Crimean_Congo_hemorrhagic_fever,TRUE,TRUE
Crimean-Congo hemorrhagic fever,Mauritania,country,3,Orthonairovirus haemorrhagiae,Orthonairovirus_haemorrhagiae__Crimean_Congo_hemorrhagic_fever,TRUE,TRUE
Crimean-Congo hemorrhagic fever,Mongolia,country,4,Orthonairovirus haemorrhagiae,Orthonairovirus_haemorrhagiae__Crimean_Congo_hemorrhagic_fever,TRUE,TRUE
Crimean-Congo hemorrhagic fever,Morocco,country,1,Orthonairovirus haemorrhagiae,Orthonairovirus_haemorrhagiae__Crimean_Congo_hemorrhagic_fever,TRUE,TRUE
Crimean-Congo hemorrhagic fever,Namibia,country,16,Orthonairovirus haemorrhagiae,Orthonairovirus_haemorrhagiae__Crimean_Congo_hemorrhagic_fever,TRUE,TRUE
Crimean-Congo hemorrhagic fever,Nigeria,country,25,Orthonairovirus haemorrhagiae,Orthonairovirus_haemorrhagiae__Crimean_Congo_hemorrhagic_fever,TRUE,TRUE
Crimean-Congo hemorrhagic fever,North Macedonia,country,15,Orthonairovirus haemorrhagiae,Orthonairovirus_haemorrhagiae__Crimean_Congo_hemorrhagic_fever,TRUE,TRUE
Crimean-Congo hemorrhagic fever,Oman,country,19,Orthonairovirus haemorrhagiae,Orthonairovirus_haemorrhagiae__Crimean_Congo_hemorrhagic_fever,TRUE,TRUE
Crimean-Congo hemorrhagic fever,Pakistan,country,278,Orthonairovirus haemorrhagiae,Orthonairovirus_haemorrhagiae__Crimean_Congo_hemorrhagic_fever,TRUE,TRUE
Crimean-Congo hemorrhagic fever,Portugal,country,1,Orthonairovirus haemorrhagiae,Orthonairovirus_haemorrhagiae__Crimean_Congo_hemorrhagic_fever,TRUE,TRUE
Crimean-Congo hemorrhagic fever,Republic of the Congo,country,3,Orthonairovirus haemorrhagiae,Orthonairovirus_haemorrhagiae__Crimean_Congo_hemorrhagic_fever,TRUE,TRUE
Crimean-Congo hemorrhagic fever,Russia,country,2234,Orthonairovirus haemorrhagiae,Orthonairovirus_haemorrhagiae__Crimean_Congo_hemorrhagic_fever,TRUE,TRUE
Crimean-Congo hemorrhagic fever,Saudi Arabia,country,3,Orthonairovirus haemorrhagiae,Orthonairovirus_haemorrhagiae__Crimean_Congo_hemorrhagic_fever,TRUE,TRUE
Crimean-Congo hemorrhagic fever,Senegal,country,48,Orthonairovirus haemorrhagiae,Orthonairovirus_haemorrhagiae__Crimean_Congo_hemorrhagic_fever,TRUE,TRUE
Crimean-Congo hemorrhagic fever,South Africa,country,136,Orthonairovirus haemorrhagiae,Orthonairovirus_haemorrhagiae__Crimean_Congo_hemorrhagic_fever,TRUE,TRUE
Crimean-Congo hemorrhagic fever,Spain,country,57,Orthonairovirus haemorrhagiae,Orthonairovirus_haemorrhagiae__Crimean_Congo_hemorrhagic_fever,TRUE,TRUE
Crimean-Congo hemorrhagic fever,Sudan,country,18,Orthonairovirus haemorrhagiae,Orthonairovirus_haemorrhagiae__Crimean_Congo_hemorrhagic_fever,TRUE,TRUE
Crimean-Congo hemorrhagic fever,Syria,country,2,Orthonairovirus haemorrhagiae,Orthonairovirus_haemorrhagiae__Crimean_Congo_hemorrhagic_fever,TRUE,TRUE
Crimean-Congo hemorrhagic fever,Tajikistan,country,80,Orthonairovirus haemorrhagiae,Orthonairovirus_haemorrhagiae__Crimean_Congo_hemorrhagic_fever,TRUE,TRUE
Crimean-Congo hemorrhagic fever,Tunisia,country,5,Orthonairovirus haemorrhagiae,Orthonairovirus_haemorrhagiae__Crimean_Congo_hemorrhagic_fever,TRUE,TRUE
Crimean-Congo hemorrhagic fever,Turkey,country,996,Orthonairovirus haemorrhagiae,Orthonairovirus_haemorrhagiae__Crimean_Congo_hemorrhagic_fever,TRUE,TRUE
Crimean-Congo hemorrhagic fever,Turkmenistan,country,8,Orthonairovirus haemorrhagiae,Orthonairovirus_haemorrhagiae__Crimean_Congo_hemorrhagic_fever,TRUE,TRUE
Crimean-Congo hemorrhagic fever,Uganda,country,69,Orthonairovirus haemorrhagiae,Orthonairovirus_haemorrhagiae__Crimean_Congo_hemorrhagic_fever,TRUE,TRUE
Crimean-Congo hemorrhagic fever,United Arab Emirates,country,34,Orthonairovirus haemorrhagiae,Orthonairovirus_haemorrhagiae__Crimean_Congo_hemorrhagic_fever,TRUE,TRUE
Crimean-Congo hemorrhagic fever,United Kingdom,country,3,Orthonairovirus haemorrhagiae,Orthonairovirus_haemorrhagiae__Crimean_Congo_hemorrhagic_fever,TRUE,TRUE
Crimean-Congo hemorrhagic fever,United States,country,14,Orthonairovirus haemorrhagiae,Orthonairovirus_haemorrhagiae__Crimean_Congo_hemorrhagic_fever,TRUE,TRUE
Crimean-Congo hemorrhagic fever,Uzbekistan,country,7,Orthonairovirus haemorrhagiae,Orthonairovirus_haemorrhagiae__Crimean_Congo_hemorrhagic_fever,TRUE,TRUE
Crimean-Congo hemorrhagic fever,Zambia,country,13,Orthonairovirus haemorrhagiae,Orthonairovirus_haemorrhagiae__Crimean_Congo_hemorrhagic_fever,TRUE,TRUE
Dengue,American Samoa,territory,14,Orthoflavivirus denguei,Orthoflavivirus_denguei__Dengue,TRUE,FALSE
Dengue,Angola,country,47,Orthoflavivirus denguei,Orthoflavivirus_denguei__Dengue,TRUE,FALSE
Dengue,Anguilla,territory,1,Orthoflavivirus denguei,Orthoflavivirus_denguei__Dengue,TRUE,FALSE
Dengue,Antigua and Barbuda,country,3,Orthoflavivirus denguei,Orthoflavivirus_denguei__Dengue,TRUE,FALSE
Dengue,Argentina,country,123,Orthoflavivirus denguei,Orthoflavivirus_denguei__Dengue,TRUE,FALSE
Dengue,Aruba,territory,4,Orthoflavivirus denguei,Orthoflavivirus_denguei__Dengue,TRUE,FALSE
Dengue,Australia,country,195,Orthoflavivirus denguei,Orthoflavivirus_denguei__Dengue,TRUE,FALSE
Dengue,Bahamas,country,7,Orthoflavivirus denguei,Orthoflavivirus_denguei__Dengue,TRUE,FALSE
Dengue,Bangladesh,country,637,Orthoflavivirus denguei,Orthoflavivirus_denguei__Dengue,TRUE,FALSE
Dengue,Barbados,country,27,Orthoflavivirus denguei,Orthoflavivirus_denguei__Dengue,TRUE,FALSE
Dengue,Belize,country,8,Orthoflavivirus denguei,Orthoflavivirus_denguei__Dengue,TRUE,FALSE
Dengue,Benin,country,8,Orthoflavivirus denguei,Orthoflavivirus_denguei__Dengue,TRUE,FALSE
Dengue,Bhutan,country,132,Orthoflavivirus denguei,Orthoflavivirus_denguei__Dengue,TRUE,FALSE
Dengue,Bolivia,country,40,Orthoflavivirus denguei,Orthoflavivirus_denguei__Dengue,TRUE,FALSE
Dengue,Brazil,country,5348,Orthoflavivirus denguei,Orthoflavivirus_denguei__Dengue,TRUE,FALSE
Dengue,British Virgin Islands,territory,7,Orthoflavivirus denguei,Orthoflavivirus_denguei__Dengue,TRUE,FALSE
Dengue,Brunei,country,20,Orthoflavivirus denguei,Orthoflavivirus_denguei__Dengue,TRUE,FALSE
Dengue,Burkina Faso,country,55,Orthoflavivirus denguei,Orthoflavivirus_denguei__Dengue,TRUE,FALSE
Dengue,Cambodia,country,600,Orthoflavivirus denguei,Orthoflavivirus_denguei__Dengue,TRUE,FALSE
Dengue,Cameroon,country,44,Orthoflavivirus denguei,Orthoflavivirus_denguei__Dengue,TRUE,FALSE
Dengue,Cape Verde,country,7,Orthoflavivirus denguei,Orthoflavivirus_denguei__Dengue,TRUE,FALSE
Dengue,Chile,country,13,Orthoflavivirus denguei,Orthoflavivirus_denguei__Dengue,TRUE,FALSE
Dengue,China,country,6513,Orthoflavivirus denguei,Orthoflavivirus_denguei__Dengue,TRUE,FALSE
Dengue,Colombia,country,1138,Orthoflavivirus denguei,Orthoflavivirus_denguei__Dengue,TRUE,FALSE
Dengue,Comoros,country,2,Orthoflavivirus denguei,Orthoflavivirus_denguei__Dengue,TRUE,FALSE
Dengue,Cook Islands,territory,8,Orthoflavivirus denguei,Orthoflavivirus_denguei__Dengue,TRUE,FALSE
Dengue,Costa Rica,country,218,Orthoflavivirus denguei,Orthoflavivirus_denguei__Dengue,TRUE,FALSE
Dengue,Cote d'Ivoire,country,78,Orthoflavivirus denguei,Orthoflavivirus_denguei__Dengue,TRUE,FALSE
Dengue,Croatia,country,2,Orthoflavivirus denguei,Orthoflavivirus_denguei__Dengue,TRUE,FALSE
Dengue,Cuba,country,425,Orthoflavivirus denguei,Orthoflavivirus_denguei__Dengue,TRUE,FALSE
Dengue,Democratic Republic of the Congo,country,16,Orthoflavivirus denguei,Orthoflavivirus_denguei__Dengue,TRUE,FALSE
Dengue,Djibouti,country,11,Orthoflavivirus denguei,Orthoflavivirus_denguei__Dengue,TRUE,FALSE
Dengue,Dominica,country,13,Orthoflavivirus denguei,Orthoflavivirus_denguei__Dengue,TRUE,FALSE
Dengue,Dominican Republic,country,145,Orthoflavivirus denguei,Orthoflavivirus_denguei__Dengue,TRUE,FALSE
Dengue,East Timor,country,122,Orthoflavivirus denguei,Orthoflavivirus_denguei__Dengue,TRUE,FALSE
Dengue,Ecuador,country,121,Orthoflavivirus denguei,Orthoflavivirus_denguei__Dengue,TRUE,FALSE
Dengue,Egypt,country,1,Orthoflavivirus denguei,Orthoflavivirus_denguei__Dengue,TRUE,FALSE
Dengue,El Salvador,country,18,Orthoflavivirus denguei,Orthoflavivirus_denguei__Dengue,TRUE,FALSE
Dengue,Equatorial Guinea,country,1,Orthoflavivirus denguei,Orthoflavivirus_denguei__Dengue,TRUE,FALSE
Dengue,Eritrea,country,8,Orthoflavivirus denguei,Orthoflavivirus_denguei__Dengue,TRUE,FALSE
Dengue,Ethiopia,country,49,Orthoflavivirus denguei,Orthoflavivirus_denguei__Dengue,TRUE,FALSE
Dengue,Fiji,country,56,Orthoflavivirus denguei,Orthoflavivirus_denguei__Dengue,TRUE,FALSE
Dengue,France,country,126,Orthoflavivirus denguei,Orthoflavivirus_denguei__Dengue,TRUE,FALSE
Dengue,French Polynesia,territory,324,Orthoflavivirus denguei,Orthoflavivirus_denguei__Dengue,TRUE,FALSE
Dengue,Gabon,country,29,Orthoflavivirus denguei,Orthoflavivirus_denguei__Dengue,TRUE,FALSE
Dengue,Gambia,country,1,Orthoflavivirus denguei,Orthoflavivirus_denguei__Dengue,TRUE,FALSE
Dengue,Germany,country,2,Orthoflavivirus denguei,Orthoflavivirus_denguei__Dengue,TRUE,FALSE
Dengue,Ghana,country,16,Orthoflavivirus denguei,Orthoflavivirus_denguei__Dengue,TRUE,FALSE
Dengue,Grenada,country,23,Orthoflavivirus denguei,Orthoflavivirus_denguei__Dengue,TRUE,FALSE
Dengue,Guam,territory,2,Orthoflavivirus denguei,Orthoflavivirus_denguei__Dengue,TRUE,FALSE
Dengue,Guatemala,country,11,Orthoflavivirus denguei,Orthoflavivirus_denguei__Dengue,TRUE,FALSE
Dengue,Guinea,country,3,Orthoflavivirus denguei,Orthoflavivirus_denguei__Dengue,TRUE,FALSE
Dengue,Guyana,country,7,Orthoflavivirus denguei,Orthoflavivirus_denguei__Dengue,TRUE,FALSE
Dengue,Haiti,country,39,Orthoflavivirus denguei,Orthoflavivirus_denguei__Dengue,TRUE,FALSE
Dengue,Honduras,country,66,Orthoflavivirus denguei,Orthoflavivirus_denguei__Dengue,TRUE,FALSE
Dengue,Hungary,country,1,Orthoflavivirus denguei,Orthoflavivirus_denguei__Dengue,TRUE,FALSE
Dengue,India,country,5720,Orthoflavivirus denguei,Orthoflavivirus_denguei__Dengue,TRUE,FALSE
Dengue,Indonesia,country,1861,Orthoflavivirus denguei,Orthoflavivirus_denguei__Dengue,TRUE,FALSE
Dengue,Iran,country,5,Orthoflavivirus denguei,Orthoflavivirus_denguei__Dengue,TRUE,FALSE
Dengue,Ireland,country,5,Orthoflavivirus denguei,Orthoflavivirus_denguei__Dengue,TRUE,FALSE
Dengue,Israel,country,7,Orthoflavivirus denguei,Orthoflavivirus_denguei__Dengue,TRUE,FALSE
Dengue,Italy,country,60,Orthoflavivirus denguei,Orthoflavivirus_denguei__Dengue,TRUE,FALSE
Dengue,Jamaica,country,37,Orthoflavivirus denguei,Orthoflavivirus_denguei__Dengue,TRUE,FALSE
Dengue,Japan,country,142,Orthoflavivirus denguei,Orthoflavivirus_denguei__Dengue,TRUE,FALSE
Dengue,Kenya,country,189,Orthoflavivirus denguei,Orthoflavivirus_denguei__Dengue,TRUE,FALSE
Dengue,Kiribati,country,5,Orthoflavivirus denguei,Orthoflavivirus_denguei__Dengue,TRUE,FALSE
Dengue,Laos,country,551,Orthoflavivirus denguei,Orthoflavivirus_denguei__Dengue,TRUE,FALSE
Dengue,Madagascar,country,4,Orthoflavivirus denguei,Orthoflavivirus_denguei__Dengue,TRUE,FALSE
Dengue,Malaysia,country,1599,Orthoflavivirus denguei,Orthoflavivirus_denguei__Dengue,TRUE,FALSE
Dengue,Maldives,country,28,Orthoflavivirus denguei,Orthoflavivirus_denguei__Dengue,TRUE,FALSE
Dengue,Mali,country,114,Orthoflavivirus denguei,Orthoflavivirus_denguei__Dengue,TRUE,FALSE
Dengue,Marshall Islands,country,2,Orthoflavivirus denguei,Orthoflavivirus_denguei__Dengue,TRUE,FALSE
Dengue,Mauritania,country,12,Orthoflavivirus denguei,Orthoflavivirus_denguei__Dengue,TRUE,FALSE
Dengue,Mexico,country,587,Orthoflavivirus denguei,Orthoflavivirus_denguei__Dengue,TRUE,FALSE
Dengue,Micronesia,country,10,Orthoflavivirus denguei,Orthoflavivirus_denguei__Dengue,TRUE,FALSE
Dengue,Montserrat,territory,3,Orthoflavivirus denguei,Orthoflavivirus_denguei__Dengue,TRUE,FALSE
Dengue,Morocco,country,1,Orthoflavivirus denguei,Orthoflavivirus_denguei__Dengue,TRUE,FALSE
Dengue,Mozambique,country,7,Orthoflavivirus denguei,Orthoflavivirus_denguei__Dengue,TRUE,FALSE
Dengue,Myanmar,country,586,Orthoflavivirus denguei,Orthoflavivirus_denguei__Dengue,TRUE,FALSE
Dengue,Nauru,country,6,Orthoflavivirus denguei,Orthoflavivirus_denguei__Dengue,TRUE,FALSE
Dengue,Nepal,country,166,Orthoflavivirus denguei,Orthoflavivirus_denguei__Dengue,TRUE,FALSE
Dengue,New Caledonia,territory,283,Orthoflavivirus denguei,Orthoflavivirus_denguei__Dengue,TRUE,FALSE
Dengue,Nicaragua,country,640,Orthoflavivirus denguei,Orthoflavivirus_denguei__Dengue,TRUE,FALSE
Dengue,Niger,country,4,Orthoflavivirus denguei,Orthoflavivirus_denguei__Dengue,TRUE,FALSE
Dengue,Nigeria,country,36,Orthoflavivirus denguei,Orthoflavivirus_denguei__Dengue,TRUE,FALSE
Dengue,Niue,country,4,Orthoflavivirus denguei,Orthoflavivirus_denguei__Dengue,TRUE,FALSE
Dengue,Pakistan,country,757,Orthoflavivirus denguei,Orthoflavivirus_denguei__Dengue,TRUE,FALSE
Dengue,Palau,country,2,Orthoflavivirus denguei,Orthoflavivirus_denguei__Dengue,TRUE,FALSE
Dengue,Panama,country,187,Orthoflavivirus denguei,Orthoflavivirus_denguei__Dengue,TRUE,FALSE
Dengue,Papua New Guinea,country,88,Orthoflavivirus denguei,Orthoflavivirus_denguei__Dengue,TRUE,FALSE
Dengue,Paraguay,country,281,Orthoflavivirus denguei,Orthoflavivirus_denguei__Dengue,TRUE,FALSE
Dengue,Peru,country,452,Orthoflavivirus denguei,Orthoflavivirus_denguei__Dengue,TRUE,FALSE
Dengue,Philippines,country,1550,Orthoflavivirus denguei,Orthoflavivirus_denguei__Dengue,TRUE,FALSE
Dengue,Portugal,country,73,Orthoflavivirus denguei,Orthoflavivirus_denguei__Dengue,TRUE,FALSE
Dengue,Puerto Rico,territory,379,Orthoflavivirus denguei,Orthoflavivirus_denguei__Dengue,TRUE,FALSE
Dengue,Qatar,country,5,Orthoflavivirus denguei,Orthoflavivirus_denguei__Dengue,TRUE,FALSE
Dengue,Republic of the Congo,country,1,Orthoflavivirus denguei,Orthoflavivirus_denguei__Dengue,TRUE,FALSE
Dengue,Russia,country,38,Orthoflavivirus denguei,Orthoflavivirus_denguei__Dengue,TRUE,FALSE
Dengue,Saint Barthelemy,territory,1,Orthoflavivirus denguei,Orthoflavivirus_denguei__Dengue,TRUE,FALSE
Dengue,Saint Kitts and Nevis,country,6,Orthoflavivirus denguei,Orthoflavivirus_denguei__Dengue,TRUE,FALSE
Dengue,Saint Lucia,country,11,Orthoflavivirus denguei,Orthoflavivirus_denguei__Dengue,TRUE,FALSE
Dengue,Saint Martin,territory,3,Orthoflavivirus denguei,Orthoflavivirus_denguei__Dengue,TRUE,FALSE
Dengue,Saint Vincent and the Grenadines,country,10,Orthoflavivirus denguei,Orthoflavivirus_denguei__Dengue,TRUE,FALSE
Dengue,Samoa,country,13,Orthoflavivirus denguei,Orthoflavivirus_denguei__Dengue,TRUE,FALSE
Dengue,Saudi Arabia,country,150,Orthoflavivirus denguei,Orthoflavivirus_denguei__Dengue,TRUE,FALSE
Dengue,Senegal,country,66,Orthoflavivirus denguei,Orthoflavivirus_denguei__Dengue,TRUE,FALSE
Dengue,Seychelles,country,8,Orthoflavivirus denguei,Orthoflavivirus_denguei__Dengue,TRUE,FALSE
Dengue,Singapore,country,3823,Orthoflavivirus denguei,Orthoflavivirus_denguei__Dengue,TRUE,FALSE
Dengue,Solomon Islands,country,80,Orthoflavivirus denguei,Orthoflavivirus_denguei__Dengue,TRUE,FALSE
Dengue,Somalia,country,57,Orthoflavivirus denguei,Orthoflavivirus_denguei__Dengue,TRUE,FALSE
Dengue,South Africa,country,1,Orthoflavivirus denguei,Orthoflavivirus_denguei__Dengue,TRUE,FALSE
Dengue,South Korea,country,23,Orthoflavivirus denguei,Orthoflavivirus_denguei__Dengue,TRUE,FALSE
Dengue,Spain,country,14,Orthoflavivirus denguei,Orthoflavivirus_denguei__Dengue,TRUE,FALSE
Dengue,Sri Lanka,country,593,Orthoflavivirus denguei,Orthoflavivirus_denguei__Dengue,TRUE,FALSE
Dengue,Sudan,country,7,Orthoflavivirus denguei,Orthoflavivirus_denguei__Dengue,TRUE,FALSE
Dengue,Suriname,country,32,Orthoflavivirus denguei,Orthoflavivirus_denguei__Dengue,TRUE,FALSE
Dengue,Sweden,country,1,Orthoflavivirus denguei,Orthoflavivirus_denguei__Dengue,TRUE,FALSE
Dengue,Switzerland,country,1,Orthoflavivirus denguei,Orthoflavivirus_denguei__Dengue,TRUE,FALSE
Dengue,Taiwan,country,1712,Orthoflavivirus denguei,Orthoflavivirus_denguei__Dengue,TRUE,FALSE
Dengue,Tanzania,country,402,Orthoflavivirus denguei,Orthoflavivirus_denguei__Dengue,TRUE,FALSE
Dengue,Thailand,country,5753,Orthoflavivirus denguei,Orthoflavivirus_denguei__Dengue,TRUE,FALSE
Dengue,Timor-Leste,country,13,Orthoflavivirus denguei,Orthoflavivirus_denguei__Dengue,TRUE,FALSE
Dengue,Togo,country,5,Orthoflavivirus denguei,Orthoflavivirus_denguei__Dengue,TRUE,FALSE
Dengue,Tonga,country,17,Orthoflavivirus denguei,Orthoflavivirus_denguei__Dengue,TRUE,FALSE
Dengue,Trinidad and Tobago,country,66,Orthoflavivirus denguei,Orthoflavivirus_denguei__Dengue,TRUE,FALSE
Dengue,Tuvalu,country,4,Orthoflavivirus denguei,Orthoflavivirus_denguei__Dengue,TRUE,FALSE
Dengue,Uganda,country,2,Orthoflavivirus denguei,Orthoflavivirus_denguei__Dengue,TRUE,FALSE
Dengue,United Arab Emirates,country,1,Orthoflavivirus denguei,Orthoflavivirus_denguei__Dengue,TRUE,FALSE
Dengue,United States,country,1219,Orthoflavivirus denguei,Orthoflavivirus_denguei__Dengue,TRUE,FALSE
Dengue,Uruguay,country,90,Orthoflavivirus denguei,Orthoflavivirus_denguei__Dengue,TRUE,FALSE
Dengue,Vanuatu,country,10,Orthoflavivirus denguei,Orthoflavivirus_denguei__Dengue,TRUE,FALSE
Dengue,Venezuela,country,525,Orthoflavivirus denguei,Orthoflavivirus_denguei__Dengue,TRUE,FALSE
Dengue,Vietnam,country,4303,Orthoflavivirus denguei,Orthoflavivirus_denguei__Dengue,TRUE,FALSE
Dengue,Virgin Islands,country,6,Orthoflavivirus denguei,Orthoflavivirus_denguei__Dengue,TRUE,FALSE
Dengue,Wallis and Futuna,territory,17,Orthoflavivirus denguei,Orthoflavivirus_denguei__Dengue,TRUE,FALSE
Dengue,Yemen,country,19,Orthoflavivirus denguei,Orthoflavivirus_denguei__Dengue,TRUE,FALSE
Ebola virus disease,Canada,country,1,Orthoebolavirus zairense,Orthoebolavirus_zairense__Ebola_virus_disease,TRUE,TRUE
Ebola virus disease,Democratic Republic of the Congo,country,1111,Orthoebolavirus zairense,Orthoebolavirus_zairense__Ebola_virus_disease,TRUE,TRUE
Ebola virus disease,Gabon,country,180,Orthoebolavirus zairense,Orthoebolavirus_zairense__Ebola_virus_disease,TRUE,TRUE
Ebola virus disease,Guinea,country,449,Orthoebolavirus zairense,Orthoebolavirus_zairense__Ebola_virus_disease,TRUE,TRUE
Ebola virus disease,India,country,3,Orthoebolavirus zairense,Orthoebolavirus_zairense__Ebola_virus_disease,TRUE,TRUE
Ebola virus disease,Italy,country,4,Orthoebolavirus zairense,Orthoebolavirus_zairense__Ebola_virus_disease,TRUE,TRUE
Ebola virus disease,Liberia,country,257,Orthoebolavirus zairense,Orthoebolavirus_zairense__Ebola_virus_disease,TRUE,TRUE
Ebola virus disease,Mali,country,4,Orthoebolavirus zairense,Orthoebolavirus_zairense__Ebola_virus_disease,TRUE,TRUE
Ebola virus disease,Nigeria,country,13,Orthoebolavirus zairense,Orthoebolavirus_zairense__Ebola_virus_disease,TRUE,TRUE
Ebola virus disease,Republic of the Congo,country,3,Orthoebolavirus zairense,Orthoebolavirus_zairense__Ebola_virus_disease,TRUE,TRUE
Ebola virus disease,Russia,country,1,Orthoebolavirus zairense,Orthoebolavirus_zairense__Ebola_virus_disease,TRUE,TRUE
Ebola virus disease,Sierra Leone,country,1521,Orthoebolavirus zairense,Orthoebolavirus_zairense__Ebola_virus_disease,TRUE,TRUE
Ebola virus disease,Switzerland,country,1,Orthoebolavirus zairense,Orthoebolavirus_zairense__Ebola_virus_disease,TRUE,TRUE
Ebola virus disease,Uganda,country,4,Orthoebolavirus zairense,Orthoebolavirus_zairense__Ebola_virus_disease,TRUE,TRUE
Ebola virus disease,United Kingdom,country,6,Orthoebolavirus zairense,Orthoebolavirus_zairense__Ebola_virus_disease,TRUE,TRUE
Ebola virus disease,United States,country,2,Orthoebolavirus zairense,Orthoebolavirus_zairense__Ebola_virus_disease,TRUE,TRUE
Hemorrhagic fever with renal syndrome (Hantaan virus),China,country,1170,Orthohantavirus hantanense,Orthohantavirus_hantanense__Hemorrhagic_fever_with_renal_syndrome_Hantaan_virus,TRUE,FALSE
Hemorrhagic fever with renal syndrome (Hantaan virus),India,country,1,Orthohantavirus hantanense,Orthohantavirus_hantanense__Hemorrhagic_fever_with_renal_syndrome_Hantaan_virus,TRUE,FALSE
Hemorrhagic fever with renal syndrome (Hantaan virus),Russia,country,94,Orthohantavirus hantanense,Orthohantavirus_hantanense__Hemorrhagic_fever_with_renal_syndrome_Hantaan_virus,TRUE,FALSE
Hemorrhagic fever with renal syndrome (Hantaan virus),South Korea,country,793,Orthohantavirus hantanense,Orthohantavirus_hantanense__Hemorrhagic_fever_with_renal_syndrome_Hantaan_virus,TRUE,FALSE
Hemorrhagic fever with renal syndrome (Hantaan virus),Vietnam,country,6,Orthohantavirus hantanense,Orthohantavirus_hantanense__Hemorrhagic_fever_with_renal_syndrome_Hantaan_virus,TRUE,FALSE
Influenza (H5N1 avian influenza),Afghanistan,country,45,Alphainfluenzavirus influenzae (H5N1),Alphainfluenzavirus_influenzae_H5N1__Influenza_H5N1_avian_influenza,TRUE,TRUE
Influenza (H5N1 avian influenza),Algeria,country,11,Alphainfluenzavirus influenzae (H5N1),Alphainfluenzavirus_influenzae_H5N1__Influenza_H5N1_avian_influenza,TRUE,TRUE
Influenza (H5N1 avian influenza),Antarctica,territory,131,Alphainfluenzavirus influenzae (H5N1),Alphainfluenzavirus_influenzae_H5N1__Influenza_H5N1_avian_influenza,TRUE,TRUE
Influenza (H5N1 avian influenza),Argentina,country,142,Alphainfluenzavirus influenzae (H5N1),Alphainfluenzavirus_influenzae_H5N1__Influenza_H5N1_avian_influenza,TRUE,TRUE
Influenza (H5N1 avian influenza),Australia,country,160,Alphainfluenzavirus influenzae (H5N1),Alphainfluenzavirus_influenzae_H5N1__Influenza_H5N1_avian_influenza,TRUE,TRUE
Influenza (H5N1 avian influenza),Austria,country,64,Alphainfluenzavirus influenzae (H5N1),Alphainfluenzavirus_influenzae_H5N1__Influenza_H5N1_avian_influenza,TRUE,TRUE
Influenza (H5N1 avian influenza),Azerbaijan,country,90,Alphainfluenzavirus influenzae (H5N1),Alphainfluenzavirus_influenzae_H5N1__Influenza_H5N1_avian_influenza,TRUE,TRUE
Influenza (H5N1 avian influenza),Bangladesh,country,7285,Alphainfluenzavirus influenzae (H5N1),Alphainfluenzavirus_influenzae_H5N1__Influenza_H5N1_avian_influenza,TRUE,TRUE
Influenza (H5N1 avian influenza),Belgium,country,23,Alphainfluenzavirus influenzae (H5N1),Alphainfluenzavirus_influenzae_H5N1__Influenza_H5N1_avian_influenza,TRUE,TRUE
Influenza (H5N1 avian influenza),Benin,country,40,Alphainfluenzavirus influenzae (H5N1),Alphainfluenzavirus_influenzae_H5N1__Influenza_H5N1_avian_influenza,TRUE,TRUE
Influenza (H5N1 avian influenza),Bhutan,country,462,Alphainfluenzavirus influenzae (H5N1),Alphainfluenzavirus_influenzae_H5N1__Influenza_H5N1_avian_influenza,TRUE,TRUE
Influenza (H5N1 avian influenza),Bolivia,country,104,Alphainfluenzavirus influenzae (H5N1),Alphainfluenzavirus_influenzae_H5N1__Influenza_H5N1_avian_influenza,TRUE,TRUE
Influenza (H5N1 avian influenza),Bosnia and Herzegovina,country,8,Alphainfluenzavirus influenzae (H5N1),Alphainfluenzavirus_influenzae_H5N1__Influenza_H5N1_avian_influenza,TRUE,TRUE
Influenza (H5N1 avian influenza),Brazil,country,439,Alphainfluenzavirus influenzae (H5N1),Alphainfluenzavirus_influenzae_H5N1__Influenza_H5N1_avian_influenza,TRUE,TRUE
Influenza (H5N1 avian influenza),Bulgaria,country,9,Alphainfluenzavirus influenzae (H5N1),Alphainfluenzavirus_influenzae_H5N1__Influenza_H5N1_avian_influenza,TRUE,TRUE
Influenza (H5N1 avian influenza),Burkina Faso,country,128,Alphainfluenzavirus influenzae (H5N1),Alphainfluenzavirus_influenzae_H5N1__Influenza_H5N1_avian_influenza,TRUE,TRUE
Influenza (H5N1 avian influenza),Cambodia,country,832,Alphainfluenzavirus influenzae (H5N1),Alphainfluenzavirus_influenzae_H5N1__Influenza_H5N1_avian_influenza,TRUE,TRUE
Influenza (H5N1 avian influenza),Cameroon,country,51,Alphainfluenzavirus influenzae (H5N1),Alphainfluenzavirus_influenzae_H5N1__Influenza_H5N1_avian_influenza,TRUE,TRUE
Influenza (H5N1 avian influenza),Canada,country,23715,Alphainfluenzavirus influenzae (H5N1),Alphainfluenzavirus_influenzae_H5N1__Influenza_H5N1_avian_influenza,TRUE,TRUE
Influenza (H5N1 avian influenza),Chile,country,1774,Alphainfluenzavirus influenzae (H5N1),Alphainfluenzavirus_influenzae_H5N1__Influenza_H5N1_avian_influenza,TRUE,TRUE
Influenza (H5N1 avian influenza),China,country,7636,Alphainfluenzavirus influenzae (H5N1),Alphainfluenzavirus_influenzae_H5N1__Influenza_H5N1_avian_influenza,TRUE,TRUE
Influenza (H5N1 avian influenza),Colombia,country,48,Alphainfluenzavirus influenzae (H5N1),Alphainfluenzavirus_influenzae_H5N1__Influenza_H5N1_avian_influenza,TRUE,TRUE
Influenza (H5N1 avian influenza),Cote d'Ivoire,country,144,Alphainfluenzavirus influenzae (H5N1),Alphainfluenzavirus_influenzae_H5N1__Influenza_H5N1_avian_influenza,TRUE,TRUE
Influenza (H5N1 avian influenza),Croatia,country,9,Alphainfluenzavirus influenzae (H5N1),Alphainfluenzavirus_influenzae_H5N1__Influenza_H5N1_avian_influenza,TRUE,TRUE
Influenza (H5N1 avian influenza),Czechia,country,83,Alphainfluenzavirus influenzae (H5N1),Alphainfluenzavirus_influenzae_H5N1__Influenza_H5N1_avian_influenza,TRUE,TRUE
Influenza (H5N1 avian influenza),Denmark,country,64,Alphainfluenzavirus influenzae (H5N1),Alphainfluenzavirus_influenzae_H5N1__Influenza_H5N1_avian_influenza,TRUE,TRUE
Influenza (H5N1 avian influenza),Djibouti,country,1,Alphainfluenzavirus influenzae (H5N1),Alphainfluenzavirus_influenzae_H5N1__Influenza_H5N1_avian_influenza,TRUE,TRUE
Influenza (H5N1 avian influenza),Egypt,country,3154,Alphainfluenzavirus influenzae (H5N1),Alphainfluenzavirus_influenzae_H5N1__Influenza_H5N1_avian_influenza,TRUE,TRUE
Influenza (H5N1 avian influenza),France,country,385,Alphainfluenzavirus influenzae (H5N1),Alphainfluenzavirus_influenzae_H5N1__Influenza_H5N1_avian_influenza,TRUE,TRUE
Influenza (H5N1 avian influenza),Gabon,country,13,Alphainfluenzavirus influenzae (H5N1),Alphainfluenzavirus_influenzae_H5N1__Influenza_H5N1_avian_influenza,TRUE,TRUE
Influenza (H5N1 avian influenza),Germany,country,1943,Alphainfluenzavirus influenzae (H5N1),Alphainfluenzavirus_influenzae_H5N1__Influenza_H5N1_avian_influenza,TRUE,TRUE
Influenza (H5N1 avian influenza),Ghana,country,126,Alphainfluenzavirus influenzae (H5N1),Alphainfluenzavirus_influenzae_H5N1__Influenza_H5N1_avian_influenza,TRUE,TRUE
Influenza (H5N1 avian influenza),Greenland,territory,8,Alphainfluenzavirus influenzae (H5N1),Alphainfluenzavirus_influenzae_H5N1__Influenza_H5N1_avian_influenza,TRUE,TRUE
Influenza (H5N1 avian influenza),Hong Kong,country,625,Alphainfluenzavirus influenzae (H5N1),Alphainfluenzavirus_influenzae_H5N1__Influenza_H5N1_avian_influenza,TRUE,TRUE
Influenza (H5N1 avian influenza),Hungary,country,42,Alphainfluenzavirus influenzae (H5N1),Alphainfluenzavirus_influenzae_H5N1__Influenza_H5N1_avian_influenza,TRUE,TRUE
Influenza (H5N1 avian influenza),Iceland,country,8,Alphainfluenzavirus influenzae (H5N1),Alphainfluenzavirus_influenzae_H5N1__Influenza_H5N1_avian_influenza,TRUE,TRUE
Influenza (H5N1 avian influenza),India,country,1125,Alphainfluenzavirus influenzae (H5N1),Alphainfluenzavirus_influenzae_H5N1__Influenza_H5N1_avian_influenza,TRUE,TRUE
Influenza (H5N1 avian influenza),Indonesia,country,2586,Alphainfluenzavirus influenzae (H5N1),Alphainfluenzavirus_influenzae_H5N1__Influenza_H5N1_avian_influenza,TRUE,TRUE
Influenza (H5N1 avian influenza),Iran,country,22,Alphainfluenzavirus influenzae (H5N1),Alphainfluenzavirus_influenzae_H5N1__Influenza_H5N1_avian_influenza,TRUE,TRUE
Influenza (H5N1 avian influenza),Iraq,country,71,Alphainfluenzavirus influenzae (H5N1),Alphainfluenzavirus_influenzae_H5N1__Influenza_H5N1_avian_influenza,TRUE,TRUE
Influenza (H5N1 avian influenza),Israel,country,41,Alphainfluenzavirus influenzae (H5N1),Alphainfluenzavirus_influenzae_H5N1__Influenza_H5N1_avian_influenza,TRUE,TRUE
Influenza (H5N1 avian influenza),Italy,country,119,Alphainfluenzavirus influenzae (H5N1),Alphainfluenzavirus_influenzae_H5N1__Influenza_H5N1_avian_influenza,TRUE,TRUE
Influenza (H5N1 avian influenza),Japan,country,1024,Alphainfluenzavirus influenzae (H5N1),Alphainfluenzavirus_influenzae_H5N1__Influenza_H5N1_avian_influenza,TRUE,TRUE
Influenza (H5N1 avian influenza),Kazakhstan,country,112,Alphainfluenzavirus influenzae (H5N1),Alphainfluenzavirus_influenzae_H5N1__Influenza_H5N1_avian_influenza,TRUE,TRUE
Influenza (H5N1 avian influenza),Kuwait,country,64,Alphainfluenzavirus influenzae (H5N1),Alphainfluenzavirus_influenzae_H5N1__Influenza_H5N1_avian_influenza,TRUE,TRUE
Influenza (H5N1 avian influenza),Laos,country,636,Alphainfluenzavirus influenzae (H5N1),Alphainfluenzavirus_influenzae_H5N1__Influenza_H5N1_avian_influenza,TRUE,TRUE
Influenza (H5N1 avian influenza),Lebanon,country,8,Alphainfluenzavirus influenzae (H5N1),Alphainfluenzavirus_influenzae_H5N1__Influenza_H5N1_avian_influenza,TRUE,TRUE
Influenza (H5N1 avian influenza),Lesotho,country,16,Alphainfluenzavirus influenzae (H5N1),Alphainfluenzavirus_influenzae_H5N1__Influenza_H5N1_avian_influenza,TRUE,TRUE
Influenza (H5N1 avian influenza),Libya,country,4,Alphainfluenzavirus influenzae (H5N1),Alphainfluenzavirus_influenzae_H5N1__Influenza_H5N1_avian_influenza,TRUE,TRUE
Influenza (H5N1 avian influenza),Madagascar,country,6,Alphainfluenzavirus influenzae (H5N1),Alphainfluenzavirus_influenzae_H5N1__Influenza_H5N1_avian_influenza,TRUE,TRUE
Influenza (H5N1 avian influenza),Malaysia,country,29,Alphainfluenzavirus influenzae (H5N1),Alphainfluenzavirus_influenzae_H5N1__Influenza_H5N1_avian_influenza,TRUE,TRUE
Influenza (H5N1 avian influenza),Maldives,country,14,Alphainfluenzavirus influenzae (H5N1),Alphainfluenzavirus_influenzae_H5N1__Influenza_H5N1_avian_influenza,TRUE,TRUE
Influenza (H5N1 avian influenza),Mauritania,country,8,Alphainfluenzavirus influenzae (H5N1),Alphainfluenzavirus_influenzae_H5N1__Influenza_H5N1_avian_influenza,TRUE,TRUE
Influenza (H5N1 avian influenza),Mexico,country,57,Alphainfluenzavirus influenzae (H5N1),Alphainfluenzavirus_influenzae_H5N1__Influenza_H5N1_avian_influenza,TRUE,TRUE
Influenza (H5N1 avian influenza),Mongolia,country,107,Alphainfluenzavirus influenzae (H5N1),Alphainfluenzavirus_influenzae_H5N1__Influenza_H5N1_avian_influenza,TRUE,TRUE
Influenza (H5N1 avian influenza),Mozambique,country,5,Alphainfluenzavirus influenzae (H5N1),Alphainfluenzavirus_influenzae_H5N1__Influenza_H5N1_avian_influenza,TRUE,TRUE
Influenza (H5N1 avian influenza),Myanmar,country,120,Alphainfluenzavirus influenzae (H5N1),Alphainfluenzavirus_influenzae_H5N1__Influenza_H5N1_avian_influenza,TRUE,TRUE
Influenza (H5N1 avian influenza),Namibia,country,8,Alphainfluenzavirus influenzae (H5N1),Alphainfluenzavirus_influenzae_H5N1__Influenza_H5N1_avian_influenza,TRUE,TRUE
Influenza (H5N1 avian influenza),Nepal,country,51,Alphainfluenzavirus influenzae (H5N1),Alphainfluenzavirus_influenzae_H5N1__Influenza_H5N1_avian_influenza,TRUE,TRUE
Influenza (H5N1 avian influenza),Netherlands,country,41,Alphainfluenzavirus influenzae (H5N1),Alphainfluenzavirus_influenzae_H5N1__Influenza_H5N1_avian_influenza,TRUE,TRUE
Influenza (H5N1 avian influenza),New Zealand,country,9,Alphainfluenzavirus influenzae (H5N1),Alphainfluenzavirus_influenzae_H5N1__Influenza_H5N1_avian_influenza,TRUE,TRUE
Influenza (H5N1 avian influenza),Niger,country,76,Alphainfluenzavirus influenzae (H5N1),Alphainfluenzavirus_influenzae_H5N1__Influenza_H5N1_avian_influenza,TRUE,TRUE
Influenza (H5N1 avian influenza),Nigeria,country,1892,Alphainfluenzavirus influenzae (H5N1),Alphainfluenzavirus_influenzae_H5N1__Influenza_H5N1_avian_influenza,TRUE,TRUE
Influenza (H5N1 avian influenza),North Korea,country,1,Alphainfluenzavirus influenzae (H5N1),Alphainfluenzavirus_influenzae_H5N1__Influenza_H5N1_avian_influenza,TRUE,TRUE
Influenza (H5N1 avian influenza),Pakistan,country,171,Alphainfluenzavirus influenzae (H5N1),Alphainfluenzavirus_influenzae_H5N1__Influenza_H5N1_avian_influenza,TRUE,TRUE
Influenza (H5N1 avian influenza),Papua New Guinea,country,9,Alphainfluenzavirus influenzae (H5N1),Alphainfluenzavirus_influenzae_H5N1__Influenza_H5N1_avian_influenza,TRUE,TRUE
Influenza (H5N1 avian influenza),Peru,country,319,Alphainfluenzavirus influenzae (H5N1),Alphainfluenzavirus_influenzae_H5N1__Influenza_H5N1_avian_influenza,TRUE,TRUE
Influenza (H5N1 avian influenza),Philippines,country,26,Alphainfluenzavirus influenzae (H5N1),Alphainfluenzavirus_influenzae_H5N1__Influenza_H5N1_avian_influenza,TRUE,TRUE
Influenza (H5N1 avian influenza),Poland,country,16,Alphainfluenzavirus influenzae (H5N1),Alphainfluenzavirus_influenzae_H5N1__Influenza_H5N1_avian_influenza,TRUE,TRUE
Influenza (H5N1 avian influenza),Romania,country,61,Alphainfluenzavirus influenzae (H5N1),Alphainfluenzavirus_influenzae_H5N1__Influenza_H5N1_avian_influenza,TRUE,TRUE
Influenza (H5N1 avian influenza),Russia,country,676,Alphainfluenzavirus influenzae (H5N1),Alphainfluenzavirus_influenzae_H5N1__Influenza_H5N1_avian_influenza,TRUE,TRUE
Influenza (H5N1 avian influenza),Saudi Arabia,country,19,Alphainfluenzavirus influenzae (H5N1),Alphainfluenzavirus_influenzae_H5N1__Influenza_H5N1_avian_influenza,TRUE,TRUE
Influenza (H5N1 avian influenza),Serbia,country,32,Alphainfluenzavirus influenzae (H5N1),Alphainfluenzavirus_influenzae_H5N1__Influenza_H5N1_avian_influenza,TRUE,TRUE
Influenza (H5N1 avian influenza),Slovakia,country,27,Alphainfluenzavirus influenzae (H5N1),Alphainfluenzavirus_influenzae_H5N1__Influenza_H5N1_avian_influenza,TRUE,TRUE
Influenza (H5N1 avian influenza),Slovenia,country,28,Alphainfluenzavirus influenzae (H5N1),Alphainfluenzavirus_influenzae_H5N1__Influenza_H5N1_avian_influenza,TRUE,TRUE
Influenza (H5N1 avian influenza),Somalia,country,18,Alphainfluenzavirus influenzae (H5N1),Alphainfluenzavirus_influenzae_H5N1__Influenza_H5N1_avian_influenza,TRUE,TRUE
Influenza (H5N1 avian influenza),South Africa,country,8,Alphainfluenzavirus influenzae (H5N1),Alphainfluenzavirus_influenzae_H5N1__Influenza_H5N1_avian_influenza,TRUE,TRUE
Influenza (H5N1 avian influenza),South Korea,country,455,Alphainfluenzavirus influenzae (H5N1),Alphainfluenzavirus_influenzae_H5N1__Influenza_H5N1_avian_influenza,TRUE,TRUE
Influenza (H5N1 avian influenza),Spain,country,82,Alphainfluenzavirus influenzae (H5N1),Alphainfluenzavirus_influenzae_H5N1__Influenza_H5N1_avian_influenza,TRUE,TRUE
Influenza (H5N1 avian influenza),Sri Lanka,country,7,Alphainfluenzavirus influenzae (H5N1),Alphainfluenzavirus_influenzae_H5N1__Influenza_H5N1_avian_influenza,TRUE,TRUE
Influenza (H5N1 avian influenza),Sudan,country,51,Alphainfluenzavirus influenzae (H5N1),Alphainfluenzavirus_influenzae_H5N1__Influenza_H5N1_avian_influenza,TRUE,TRUE
Influenza (H5N1 avian influenza),Sweden,country,85,Alphainfluenzavirus influenzae (H5N1),Alphainfluenzavirus_influenzae_H5N1__Influenza_H5N1_avian_influenza,TRUE,TRUE
Influenza (H5N1 avian influenza),Switzerland,country,402,Alphainfluenzavirus influenzae (H5N1),Alphainfluenzavirus_influenzae_H5N1__Influenza_H5N1_avian_influenza,TRUE,TRUE
Influenza (H5N1 avian influenza),Taiwan,country,10,Alphainfluenzavirus influenzae (H5N1),Alphainfluenzavirus_influenzae_H5N1__Influenza_H5N1_avian_influenza,TRUE,TRUE
Influenza (H5N1 avian influenza),Thailand,country,1503,Alphainfluenzavirus influenzae (H5N1),Alphainfluenzavirus_influenzae_H5N1__Influenza_H5N1_avian_influenza,TRUE,TRUE
Influenza (H5N1 avian influenza),Togo,country,30,Alphainfluenzavirus influenzae (H5N1),Alphainfluenzavirus_influenzae_H5N1__Influenza_H5N1_avian_influenza,TRUE,TRUE
Influenza (H5N1 avian influenza),Turkey,country,247,Alphainfluenzavirus influenzae (H5N1),Alphainfluenzavirus_influenzae_H5N1__Influenza_H5N1_avian_influenza,TRUE,TRUE
Influenza (H5N1 avian influenza),Ukraine,country,39,Alphainfluenzavirus influenzae (H5N1),Alphainfluenzavirus_influenzae_H5N1__Influenza_H5N1_avian_influenza,TRUE,TRUE
Influenza (H5N1 avian influenza),United Kingdom,country,115,Alphainfluenzavirus influenzae (H5N1),Alphainfluenzavirus_influenzae_H5N1__Influenza_H5N1_avian_influenza,TRUE,TRUE
Influenza (H5N1 avian influenza),United States,country,125259,Alphainfluenzavirus influenzae (H5N1),Alphainfluenzavirus_influenzae_H5N1__Influenza_H5N1_avian_influenza,TRUE,TRUE
Influenza (H5N1 avian influenza),Uruguay,country,246,Alphainfluenzavirus influenzae (H5N1),Alphainfluenzavirus_influenzae_H5N1__Influenza_H5N1_avian_influenza,TRUE,TRUE
Influenza (H5N1 avian influenza),Venezuela,country,16,Alphainfluenzavirus influenzae (H5N1),Alphainfluenzavirus_influenzae_H5N1__Influenza_H5N1_avian_influenza,TRUE,TRUE
Influenza (H5N1 avian influenza),Vietnam,country,6264,Alphainfluenzavirus influenzae (H5N1),Alphainfluenzavirus_influenzae_H5N1__Influenza_H5N1_avian_influenza,TRUE,TRUE
Influenza (H5N1 avian influenza),Yemen,country,28,Alphainfluenzavirus influenzae (H5N1),Alphainfluenzavirus_influenzae_H5N1__Influenza_H5N1_avian_influenza,TRUE,TRUE
Lassa fever,Benin,country,32,Mammarenavirus lassaense,Mammarenavirus_lassaense__Lassa_fever,TRUE,FALSE
Lassa fever,China,country,1,Mammarenavirus lassaense,Mammarenavirus_lassaense__Lassa_fever,TRUE,FALSE
Lassa fever,Cote d'Ivoire,country,58,Mammarenavirus lassaense,Mammarenavirus_lassaense__Lassa_fever,TRUE,FALSE
Lassa fever,Ghana,country,4,Mammarenavirus lassaense,Mammarenavirus_lassaense__Lassa_fever,TRUE,FALSE
Lassa fever,Guinea,country,564,Mammarenavirus lassaense,Mammarenavirus_lassaense__Lassa_fever,TRUE,FALSE
Lassa fever,Liberia,country,83,Mammarenavirus lassaense,Mammarenavirus_lassaense__Lassa_fever,TRUE,FALSE
Lassa fever,Mali,country,27,Mammarenavirus lassaense,Mammarenavirus_lassaense__Lassa_fever,TRUE,FALSE
Lassa fever,Nigeria,country,1487,Mammarenavirus lassaense,Mammarenavirus_lassaense__Lassa_fever,TRUE,FALSE
Lassa fever,Sierra Leone,country,415,Mammarenavirus lassaense,Mammarenavirus_lassaense__Lassa_fever,TRUE,FALSE
Lassa fever,Togo,country,6,Mammarenavirus lassaense,Mammarenavirus_lassaense__Lassa_fever,TRUE,FALSE
Lassa fever,United States,country,7,Mammarenavirus lassaense,Mammarenavirus_lassaense__Lassa_fever,TRUE,FALSE
Marburg virus disease,Angola,country,14,Orthomarburgvirus marburgense,Orthomarburgvirus_marburgense__Marburg_virus_disease,TRUE,TRUE
Marburg virus disease,Canada,country,3,Orthomarburgvirus marburgense,Orthomarburgvirus_marburgense__Marburg_virus_disease,TRUE,TRUE
Marburg virus disease,Democratic Republic of the Congo,country,157,Orthomarburgvirus marburgense,Orthomarburgvirus_marburgense__Marburg_virus_disease,TRUE,TRUE
Marburg virus disease,Gabon,country,1,Orthomarburgvirus marburgense,Orthomarburgvirus_marburgense__Marburg_virus_disease,TRUE,TRUE
Marburg virus disease,Germany,country,4,Orthomarburgvirus marburgense,Orthomarburgvirus_marburgense__Marburg_virus_disease,TRUE,TRUE
Marburg virus disease,Ghana,country,2,Orthomarburgvirus marburgense,Orthomarburgvirus_marburgense__Marburg_virus_disease,TRUE,TRUE
Marburg virus disease,Guinea,country,7,Orthomarburgvirus marburgense,Orthomarburgvirus_marburgense__Marburg_virus_disease,TRUE,TRUE
Marburg virus disease,Kenya,country,11,Orthomarburgvirus marburgense,Orthomarburgvirus_marburgense__Marburg_virus_disease,TRUE,TRUE
Marburg virus disease,Netherlands,country,1,Orthomarburgvirus marburgense,Orthomarburgvirus_marburgense__Marburg_virus_disease,TRUE,TRUE
Marburg virus disease,Rwanda,country,20,Orthomarburgvirus marburgense,Orthomarburgvirus_marburgense__Marburg_virus_disease,TRUE,TRUE
Marburg virus disease,Sierra Leone,country,22,Orthomarburgvirus marburgense,Orthomarburgvirus_marburgense__Marburg_virus_disease,TRUE,TRUE
Marburg virus disease,South Africa,country,2,Orthomarburgvirus marburgense,Orthomarburgvirus_marburgense__Marburg_virus_disease,TRUE,TRUE
Marburg virus disease,Tanzania,country,5,Orthomarburgvirus marburgense,Orthomarburgvirus_marburgense__Marburg_virus_disease,TRUE,TRUE
Marburg virus disease,Uganda,country,98,Orthomarburgvirus marburgense,Orthomarburgvirus_marburgense__Marburg_virus_disease,TRUE,TRUE
Marburg virus disease,United States,country,7,Orthomarburgvirus marburgense,Orthomarburgvirus_marburgense__Marburg_virus_disease,TRUE,TRUE
Marburg virus disease,Zambia,country,4,Orthomarburgvirus marburgense,Orthomarburgvirus_marburgense__Marburg_virus_disease,TRUE,TRUE
Mpox (Monkeypox),Argentina,country,6,Orthopoxvirus monkeypox,Orthopoxvirus_monkeypox__Mpox_Monkeypox,TRUE,TRUE
Mpox (Monkeypox),Australia,country,205,Orthopoxvirus monkeypox,Orthopoxvirus_monkeypox__Mpox_Monkeypox,TRUE,TRUE
Mpox (Monkeypox),Austria,country,14,Orthopoxvirus monkeypox,Orthopoxvirus_monkeypox__Mpox_Monkeypox,TRUE,TRUE
Mpox (Monkeypox),Belgium,country,279,Orthopoxvirus monkeypox,Orthopoxvirus_monkeypox__Mpox_Monkeypox,TRUE,TRUE
Mpox (Monkeypox),Benin,country,5,Orthopoxvirus monkeypox,Orthopoxvirus_monkeypox__Mpox_Monkeypox,TRUE,TRUE
Mpox (Monkeypox),Brazil,country,27,Orthopoxvirus monkeypox,Orthopoxvirus_monkeypox__Mpox_Monkeypox,TRUE,TRUE
Mpox (Monkeypox),Cambodia,country,20,Orthopoxvirus monkeypox,Orthopoxvirus_monkeypox__Mpox_Monkeypox,TRUE,TRUE
Mpox (Monkeypox),Cameroon,country,21,Orthopoxvirus monkeypox,Orthopoxvirus_monkeypox__Mpox_Monkeypox,TRUE,TRUE
Mpox (Monkeypox),Canada,country,239,Orthopoxvirus monkeypox,Orthopoxvirus_monkeypox__Mpox_Monkeypox,TRUE,TRUE
Mpox (Monkeypox),Central African Republic,country,55,Orthopoxvirus monkeypox,Orthopoxvirus_monkeypox__Mpox_Monkeypox,TRUE,TRUE
Mpox (Monkeypox),Chile,country,9,Orthopoxvirus monkeypox,Orthopoxvirus_monkeypox__Mpox_Monkeypox,TRUE,TRUE
Mpox (Monkeypox),China,country,44,Orthopoxvirus monkeypox,Orthopoxvirus_monkeypox__Mpox_Monkeypox,TRUE,TRUE
Mpox (Monkeypox),Colombia,country,286,Orthopoxvirus monkeypox,Orthopoxvirus_monkeypox__Mpox_Monkeypox,TRUE,TRUE
Mpox (Monkeypox),Cote d'Ivoire,country,19,Orthopoxvirus monkeypox,Orthopoxvirus_monkeypox__Mpox_Monkeypox,TRUE,TRUE
Mpox (Monkeypox),Czechia,country,2,Orthopoxvirus monkeypox,Orthopoxvirus_monkeypox__Mpox_Monkeypox,TRUE,TRUE
Mpox (Monkeypox),Democratic Republic of the Congo,country,1401,Orthopoxvirus monkeypox,Orthopoxvirus_monkeypox__Mpox_Monkeypox,TRUE,TRUE
Mpox (Monkeypox),Denmark,country,7,Orthopoxvirus monkeypox,Orthopoxvirus_monkeypox__Mpox_Monkeypox,TRUE,TRUE
Mpox (Monkeypox),Egypt,country,1,Orthopoxvirus monkeypox,Orthopoxvirus_monkeypox__Mpox_Monkeypox,TRUE,TRUE
Mpox (Monkeypox),Finland,country,3,Orthopoxvirus monkeypox,Orthopoxvirus_monkeypox__Mpox_Monkeypox,TRUE,TRUE
Mpox (Monkeypox),France,country,31,Orthopoxvirus monkeypox,Orthopoxvirus_monkeypox__Mpox_Monkeypox,TRUE,TRUE
Mpox (Monkeypox),Gabon,country,3,Orthopoxvirus monkeypox,Orthopoxvirus_monkeypox__Mpox_Monkeypox,TRUE,TRUE
Mpox (Monkeypox),Germany,country,1619,Orthopoxvirus monkeypox,Orthopoxvirus_monkeypox__Mpox_Monkeypox,TRUE,TRUE
Mpox (Monkeypox),Ghana,country,18,Orthopoxvirus monkeypox,Orthopoxvirus_monkeypox__Mpox_Monkeypox,TRUE,TRUE
Mpox (Monkeypox),Guinea,country,17,Orthopoxvirus monkeypox,Orthopoxvirus_monkeypox__Mpox_Monkeypox,TRUE,TRUE
Mpox (Monkeypox),Hong Kong,country,1,Orthopoxvirus monkeypox,Orthopoxvirus_monkeypox__Mpox_Monkeypox,TRUE,TRUE
Mpox (Monkeypox),India,country,3,Orthopoxvirus monkeypox,Orthopoxvirus_monkeypox__Mpox_Monkeypox,TRUE,TRUE
Mpox (Monkeypox),Ireland,country,216,Orthopoxvirus monkeypox,Orthopoxvirus_monkeypox__Mpox_Monkeypox,TRUE,TRUE
Mpox (Monkeypox),Israel,country,3,Orthopoxvirus monkeypox,Orthopoxvirus_monkeypox__Mpox_Monkeypox,TRUE,TRUE
Mpox (Monkeypox),Italy,country,88,Orthopoxvirus monkeypox,Orthopoxvirus_monkeypox__Mpox_Monkeypox,TRUE,TRUE
Mpox (Monkeypox),Japan,country,64,Orthopoxvirus monkeypox,Orthopoxvirus_monkeypox__Mpox_Monkeypox,TRUE,TRUE
Mpox (Monkeypox),Kenya,country,1,Orthopoxvirus monkeypox,Orthopoxvirus_monkeypox__Mpox_Monkeypox,TRUE,TRUE
Mpox (Monkeypox),Liberia,country,7,Orthopoxvirus monkeypox,Orthopoxvirus_monkeypox__Mpox_Monkeypox,TRUE,TRUE
Mpox (Monkeypox),Malawi,country,3,Orthopoxvirus monkeypox,Orthopoxvirus_monkeypox__Mpox_Monkeypox,TRUE,TRUE
Mpox (Monkeypox),Mexico,country,1,Orthopoxvirus monkeypox,Orthopoxvirus_monkeypox__Mpox_Monkeypox,TRUE,TRUE
Mpox (Monkeypox),Netherlands,country,5,Orthopoxvirus monkeypox,Orthopoxvirus_monkeypox__Mpox_Monkeypox,TRUE,TRUE
Mpox (Monkeypox),Nigeria,country,195,Orthopoxvirus monkeypox,Orthopoxvirus_monkeypox__Mpox_Monkeypox,TRUE,TRUE
Mpox (Monkeypox),Peru,country,10,Orthopoxvirus monkeypox,Orthopoxvirus_monkeypox__Mpox_Monkeypox,TRUE,TRUE
Mpox (Monkeypox),Philippines,country,2,Orthopoxvirus monkeypox,Orthopoxvirus_monkeypox__Mpox_Monkeypox,TRUE,TRUE
Mpox (Monkeypox),Poland,country,1,Orthopoxvirus monkeypox,Orthopoxvirus_monkeypox__Mpox_Monkeypox,TRUE,TRUE
Mpox (Monkeypox),Portugal,country,794,Orthopoxvirus monkeypox,Orthopoxvirus_monkeypox__Mpox_Monkeypox,TRUE,TRUE
Mpox (Monkeypox),Republic of the Congo,country,1,Orthopoxvirus monkeypox,Orthopoxvirus_monkeypox__Mpox_Monkeypox,TRUE,TRUE
Mpox (Monkeypox),Romania,country,20,Orthopoxvirus monkeypox,Orthopoxvirus_monkeypox__Mpox_Monkeypox,TRUE,TRUE
Mpox (Monkeypox),Rwanda,country,1,Orthopoxvirus monkeypox,Orthopoxvirus_monkeypox__Mpox_Monkeypox,TRUE,TRUE
Mpox (Monkeypox),Sierra Leone,country,374,Orthopoxvirus monkeypox,Orthopoxvirus_monkeypox__Mpox_Monkeypox,TRUE,TRUE
Mpox (Monkeypox),Singapore,country,2,Orthopoxvirus monkeypox,Orthopoxvirus_monkeypox__Mpox_Monkeypox,TRUE,TRUE
Mpox (Monkeypox),Slovakia,country,4,Orthopoxvirus monkeypox,Orthopoxvirus_monkeypox__Mpox_Monkeypox,TRUE,TRUE
Mpox (Monkeypox),Slovenia,country,48,Orthopoxvirus monkeypox,Orthopoxvirus_monkeypox__Mpox_Monkeypox,TRUE,TRUE
Mpox (Monkeypox),South Africa,country,17,Orthopoxvirus monkeypox,Orthopoxvirus_monkeypox__Mpox_Monkeypox,TRUE,TRUE
Mpox (Monkeypox),South Korea,country,166,Orthopoxvirus monkeypox,Orthopoxvirus_monkeypox__Mpox_Monkeypox,TRUE,TRUE
Mpox (Monkeypox),Spain,country,19,Orthopoxvirus monkeypox,Orthopoxvirus_monkeypox__Mpox_Monkeypox,TRUE,TRUE
Mpox (Monkeypox),Sudan,country,2,Orthopoxvirus monkeypox,Orthopoxvirus_monkeypox__Mpox_Monkeypox,TRUE,TRUE
Mpox (Monkeypox),Switzerland,country,8,Orthopoxvirus monkeypox,Orthopoxvirus_monkeypox__Mpox_Monkeypox,TRUE,TRUE
Mpox (Monkeypox),Taiwan,country,10,Orthopoxvirus monkeypox,Orthopoxvirus_monkeypox__Mpox_Monkeypox,TRUE,TRUE
Mpox (Monkeypox),Thailand,country,16,Orthopoxvirus monkeypox,Orthopoxvirus_monkeypox__Mpox_Monkeypox,TRUE,TRUE
Mpox (Monkeypox),Togo,country,2,Orthopoxvirus monkeypox,Orthopoxvirus_monkeypox__Mpox_Monkeypox,TRUE,TRUE
Mpox (Monkeypox),Uganda,country,1,Orthopoxvirus monkeypox,Orthopoxvirus_monkeypox__Mpox_Monkeypox,TRUE,TRUE
Mpox (Monkeypox),United Kingdom,country,324,Orthopoxvirus monkeypox,Orthopoxvirus_monkeypox__Mpox_Monkeypox,TRUE,TRUE
Mpox (Monkeypox),United States,country,5001,Orthopoxvirus monkeypox,Orthopoxvirus_monkeypox__Mpox_Monkeypox,TRUE,TRUE
Mpox (Monkeypox),Vietnam,country,2,Orthopoxvirus monkeypox,Orthopoxvirus_monkeypox__Mpox_Monkeypox,TRUE,TRUE
Nipah virus disease,Bangladesh,country,135,Henipavirus nipahense,Henipavirus_nipahense__Nipah_virus_disease,TRUE,TRUE
Nipah virus disease,Cambodia,country,32,Henipavirus nipahense,Henipavirus_nipahense__Nipah_virus_disease,TRUE,TRUE
Nipah virus disease,India,country,70,Henipavirus nipahense,Henipavirus_nipahense__Nipah_virus_disease,TRUE,TRUE
Nipah virus disease,Indonesia,country,7,Henipavirus nipahense,Henipavirus_nipahense__Nipah_virus_disease,TRUE,TRUE
Nipah virus disease,Malaysia,country,17,Henipavirus nipahense,Henipavirus_nipahense__Nipah_virus_disease,TRUE,TRUE
Nipah virus disease,Sri Lanka,country,7,Henipavirus nipahense,Henipavirus_nipahense__Nipah_virus_disease,TRUE,TRUE
Nipah virus disease,Thailand,country,103,Henipavirus nipahense,Henipavirus_nipahense__Nipah_virus_disease,TRUE,TRUE
Nipah virus disease,United States,country,1,Henipavirus nipahense,Henipavirus_nipahense__Nipah_virus_disease,TRUE,TRUE
Oropouche fever,Bolivia,country,102,Orthobunyavirus oropoucheense,Orthobunyavirus_oropoucheense__Oropouche_fever,TRUE,TRUE
Oropouche fever,Brazil,country,2721,Orthobunyavirus oropoucheense,Orthobunyavirus_oropoucheense__Oropouche_fever,TRUE,TRUE
Oropouche fever,Colombia,country,101,Orthobunyavirus oropoucheense,Orthobunyavirus_oropoucheense__Oropouche_fever,TRUE,TRUE
Oropouche fever,Cuba,country,26,Orthobunyavirus oropoucheense,Orthobunyavirus_oropoucheense__Oropouche_fever,TRUE,TRUE
Oropouche fever,Ecuador,country,19,Orthobunyavirus oropoucheense,Orthobunyavirus_oropoucheense__Oropouche_fever,TRUE,TRUE
Oropouche fever,Haiti,country,3,Orthobunyavirus oropoucheense,Orthobunyavirus_oropoucheense__Oropouche_fever,TRUE,TRUE
Oropouche fever,Italy,country,7,Orthobunyavirus oropoucheense,Orthobunyavirus_oropoucheense__Oropouche_fever,TRUE,TRUE
Oropouche fever,Panama,country,18,Orthobunyavirus oropoucheense,Orthobunyavirus_oropoucheense__Oropouche_fever,TRUE,TRUE
Oropouche fever,Peru,country,121,Orthobunyavirus oropoucheense,Orthobunyavirus_oropoucheense__Oropouche_fever,TRUE,TRUE
Oropouche fever,Portugal,country,1,Orthobunyavirus oropoucheense,Orthobunyavirus_oropoucheense__Oropouche_fever,TRUE,TRUE
Oropouche fever,Spain,country,9,Orthobunyavirus oropoucheense,Orthobunyavirus_oropoucheense__Oropouche_fever,TRUE,TRUE
Oropouche fever,Trinidad and Tobago,country,6,Orthobunyavirus oropoucheense,Orthobunyavirus_oropoucheense__Oropouche_fever,TRUE,TRUE
Oropouche fever,United States,country,7,Orthobunyavirus oropoucheense,Orthobunyavirus_oropoucheense__Oropouche_fever,TRUE,TRUE
Oropouche fever,Venezuela,country,12,Orthobunyavirus oropoucheense,Orthobunyavirus_oropoucheense__Oropouche_fever,TRUE,TRUE
Plague,Angola,country,205,Yersinia pestis,Yersinia_pestis__Plague,TRUE,FALSE
Plague,Armenia,country,2401,Yersinia pestis,Yersinia_pestis__Plague,TRUE,FALSE
Plague,Azerbaijan,country,4754,Yersinia pestis,Yersinia_pestis__Plague,TRUE,FALSE
Plague,Bolivia,country,21,Yersinia pestis,Yersinia_pestis__Plague,TRUE,FALSE
Plague,Brazil,country,19,Yersinia pestis,Yersinia_pestis__Plague,TRUE,FALSE
Plague,Canada,country,1164,Yersinia pestis,Yersinia_pestis__Plague,TRUE,FALSE
Plague,China,country,52845,Yersinia pestis,Yersinia_pestis__Plague,TRUE,FALSE
Plague,Democratic Republic of the Congo,country,9,Yersinia pestis,Yersinia_pestis__Plague,TRUE,FALSE
Plague,Ecuador,country,1,Yersinia pestis,Yersinia_pestis__Plague,TRUE,FALSE
Plague,France,country,14,Yersinia pestis,Yersinia_pestis__Plague,TRUE,FALSE
Plague,Georgia,country,793,Yersinia pestis,Yersinia_pestis__Plague,TRUE,FALSE
Plague,Germany,country,8,Yersinia pestis,Yersinia_pestis__Plague,TRUE,FALSE
Plague,India,country,829,Yersinia pestis,Yersinia_pestis__Plague,TRUE,FALSE
Plague,Indonesia,country,23,Yersinia pestis,Yersinia_pestis__Plague,TRUE,FALSE
Plague,Iran,country,16,Yersinia pestis,Yersinia_pestis__Plague,TRUE,FALSE
Plague,Israel,country,1,Yersinia pestis,Yersinia_pestis__Plague,TRUE,FALSE
Plague,Italy,country,2,Yersinia pestis,Yersinia_pestis__Plague,TRUE,FALSE
Plague,Japan,country,17,Yersinia pestis,Yersinia_pestis__Plague,TRUE,FALSE
Plague,Kazakhstan,country,13464,Yersinia pestis,Yersinia_pestis__Plague,TRUE,FALSE
Plague,Kenya,country,11,Yersinia pestis,Yersinia_pestis__Plague,TRUE,FALSE
Plague,Kyrgyzstan,country,4481,Yersinia pestis,Yersinia_pestis__Plague,TRUE,FALSE
Plague,Madagascar,country,234,Yersinia pestis,Yersinia_pestis__Plague,TRUE,FALSE
Plague,Mongolia,country,7252,Yersinia pestis,Yersinia_pestis__Plague,TRUE,FALSE
Plague,Myanmar,country,2,Yersinia pestis,Yersinia_pestis__Plague,TRUE,FALSE
Plague,Netherlands,country,43,Yersinia pestis,Yersinia_pestis__Plague,TRUE,FALSE
Plague,Peru,country,34912,Yersinia pestis,Yersinia_pestis__Plague,TRUE,FALSE
Plague,Republic of the Congo,country,13,Yersinia pestis,Yersinia_pestis__Plague,TRUE,FALSE
Plague,Russia,country,17261,Yersinia pestis,Yersinia_pestis__Plague,TRUE,FALSE
Plague,Tajikistan,country,351,Yersinia pestis,Yersinia_pestis__Plague,TRUE,FALSE
Plague,Turkmenistan,country,2777,Yersinia pestis,Yersinia_pestis__Plague,TRUE,FALSE
Plague,United Kingdom,country,14,Yersinia pestis,Yersinia_pestis__Plague,TRUE,FALSE
Plague,United States,country,5112,Yersinia pestis,Yersinia_pestis__Plague,TRUE,FALSE
Plague,Uzbekistan,country,909,Yersinia pestis,Yersinia_pestis__Plague,TRUE,FALSE
Plague,Vietnam,country,1768,Yersinia pestis,Yersinia_pestis__Plague,TRUE,FALSE
Plague,Zimbabwe,country,169,Yersinia pestis,Yersinia_pestis__Plague,TRUE,FALSE
Rift Valley fever,Angola,country,5,Phlebovirus riftense,Phlebovirus_riftense__Rift_Valley_fever,TRUE,TRUE
Rift Valley fever,Botswana,country,10,Phlebovirus riftense,Phlebovirus_riftense__Rift_Valley_fever,TRUE,TRUE
Rift Valley fever,Brazil,country,3,Phlebovirus riftense,Phlebovirus_riftense__Rift_Valley_fever,TRUE,TRUE
Rift Valley fever,Burkina Faso,country,4,Phlebovirus riftense,Phlebovirus_riftense__Rift_Valley_fever,TRUE,TRUE
Rift Valley fever,Burundi,country,17,Phlebovirus riftense,Phlebovirus_riftense__Rift_Valley_fever,TRUE,TRUE
Rift Valley fever,Central African Republic,country,37,Phlebovirus riftense,Phlebovirus_riftense__Rift_Valley_fever,TRUE,TRUE
Rift Valley fever,Chad,country,5,Phlebovirus riftense,Phlebovirus_riftense__Rift_Valley_fever,TRUE,TRUE
Rift Valley fever,China,country,25,Phlebovirus riftense,Phlebovirus_riftense__Rift_Valley_fever,TRUE,TRUE
Rift Valley fever,Egypt,country,64,Phlebovirus riftense,Phlebovirus_riftense__Rift_Valley_fever,TRUE,TRUE
Rift Valley fever,Gabon,country,4,Phlebovirus riftense,Phlebovirus_riftense__Rift_Valley_fever,TRUE,TRUE
Rift Valley fever,Guinea,country,8,Phlebovirus riftense,Phlebovirus_riftense__Rift_Valley_fever,TRUE,TRUE
Rift Valley fever,Kenya,country,281,Phlebovirus riftense,Phlebovirus_riftense__Rift_Valley_fever,TRUE,TRUE
Rift Valley fever,Madagascar,country,198,Phlebovirus riftense,Phlebovirus_riftense__Rift_Valley_fever,TRUE,TRUE
Rift Valley fever,Mali,country,4,Phlebovirus riftense,Phlebovirus_riftense__Rift_Valley_fever,TRUE,TRUE
Rift Valley fever,Mauritania,country,129,Phlebovirus riftense,Phlebovirus_riftense__Rift_Valley_fever,TRUE,TRUE
Rift Valley fever,Mozambique,country,3,Phlebovirus riftense,Phlebovirus_riftense__Rift_Valley_fever,TRUE,TRUE
Rift Valley fever,Namibia,country,15,Phlebovirus riftense,Phlebovirus_riftense__Rift_Valley_fever,TRUE,TRUE
Rift Valley fever,Niger,country,4,Phlebovirus riftense,Phlebovirus_riftense__Rift_Valley_fever,TRUE,TRUE
Rift Valley fever,Nigeria,country,12,Phlebovirus riftense,Phlebovirus_riftense__Rift_Valley_fever,TRUE,TRUE
Rift Valley fever,Russia,country,3,Phlebovirus riftense,Phlebovirus_riftense__Rift_Valley_fever,TRUE,TRUE
Rift Valley fever,Rwanda,country,131,Phlebovirus riftense,Phlebovirus_riftense__Rift_Valley_fever,TRUE,TRUE
Rift Valley fever,Saudi Arabia,country,11,Phlebovirus riftense,Phlebovirus_riftense__Rift_Valley_fever,TRUE,TRUE
Rift Valley fever,Senegal,country,58,Phlebovirus riftense,Phlebovirus_riftense__Rift_Valley_fever,TRUE,TRUE
Rift Valley fever,Somalia,country,2,Phlebovirus riftense,Phlebovirus_riftense__Rift_Valley_fever,TRUE,TRUE
Rift Valley fever,South Africa,country,452,Phlebovirus riftense,Phlebovirus_riftense__Rift_Valley_fever,TRUE,TRUE
Rift Valley fever,Spain,country,5,Phlebovirus riftense,Phlebovirus_riftense__Rift_Valley_fever,TRUE,TRUE
Rift Valley fever,Sudan,country,28,Phlebovirus riftense,Phlebovirus_riftense__Rift_Valley_fever,TRUE,TRUE
Rift Valley fever,Tanzania,country,15,Phlebovirus riftense,Phlebovirus_riftense__Rift_Valley_fever,TRUE,TRUE
Rift Valley fever,Uganda,country,190,Phlebovirus riftense,Phlebovirus_riftense__Rift_Valley_fever,TRUE,TRUE
Rift Valley fever,United States,country,11,Phlebovirus riftense,Phlebovirus_riftense__Rift_Valley_fever,TRUE,TRUE
Rift Valley fever,Zambia,country,2,Phlebovirus riftense,Phlebovirus_riftense__Rift_Valley_fever,TRUE,TRUE
Rift Valley fever,Zimbabwe,country,51,Phlebovirus riftense,Phlebovirus_riftense__Rift_Valley_fever,TRUE,TRUE
Sudan virus disease (Ebola virus disease),Canada,country,1,Orthoebolavirus sudanense,Orthoebolavirus_sudanense__Sudan_virus_disease_Ebola_virus_disease,TRUE,FALSE
Sudan virus disease (Ebola virus disease),South Sudan,country,1,Orthoebolavirus sudanense,Orthoebolavirus_sudanense__Sudan_virus_disease_Ebola_virus_disease,TRUE,FALSE
Sudan virus disease (Ebola virus disease),Sudan,country,11,Orthoebolavirus sudanense,Orthoebolavirus_sudanense__Sudan_virus_disease_Ebola_virus_disease,TRUE,FALSE
Sudan virus disease (Ebola virus disease),Uganda,country,137,Orthoebolavirus sudanense,Orthoebolavirus_sudanense__Sudan_virus_disease_Ebola_virus_disease,TRUE,FALSE
Venezuelan equine encephalitis,Argentina,country,14,Alphavirus venezuelan,Alphavirus_venezuelan__Venezuelan_equine_encephalitis,FALSE,TRUE
Venezuelan equine encephalitis,Australia,country,2,Alphavirus venezuelan,Alphavirus_venezuelan__Venezuelan_equine_encephalitis,FALSE,TRUE
Venezuelan equine encephalitis,Belize,country,1,Alphavirus venezuelan,Alphavirus_venezuelan__Venezuelan_equine_encephalitis,FALSE,TRUE
Venezuelan equine encephalitis,Bolivia,country,9,Alphavirus venezuelan,Alphavirus_venezuelan__Venezuelan_equine_encephalitis,FALSE,TRUE
Venezuelan equine encephalitis,Brazil,country,5,Alphavirus venezuelan,Alphavirus_venezuelan__Venezuelan_equine_encephalitis,FALSE,TRUE
Venezuelan equine encephalitis,Colombia,country,40,Alphavirus venezuelan,Alphavirus_venezuelan__Venezuelan_equine_encephalitis,FALSE,TRUE
Venezuelan equine encephalitis,Costa Rica,country,3,Alphavirus venezuelan,Alphavirus_venezuelan__Venezuelan_equine_encephalitis,FALSE,TRUE
Venezuelan equine encephalitis,Ecuador,country,5,Alphavirus venezuelan,Alphavirus_venezuelan__Venezuelan_equine_encephalitis,FALSE,TRUE
Venezuelan equine encephalitis,Guatemala,country,19,Alphavirus venezuelan,Alphavirus_venezuelan__Venezuelan_equine_encephalitis,FALSE,TRUE
Venezuelan equine encephalitis,Honduras,country,3,Alphavirus venezuelan,Alphavirus_venezuelan__Venezuelan_equine_encephalitis,FALSE,TRUE
Venezuelan equine encephalitis,Mexico,country,67,Alphavirus venezuelan,Alphavirus_venezuelan__Venezuelan_equine_encephalitis,FALSE,TRUE
Venezuelan equine encephalitis,Nicaragua,country,1,Alphavirus venezuelan,Alphavirus_venezuelan__Venezuelan_equine_encephalitis,FALSE,TRUE
Venezuelan equine encephalitis,Panama,country,83,Alphavirus venezuelan,Alphavirus_venezuelan__Venezuelan_equine_encephalitis,FALSE,TRUE
Venezuelan equine encephalitis,Peru,country,77,Alphavirus venezuelan,Alphavirus_venezuelan__Venezuelan_equine_encephalitis,FALSE,TRUE
Venezuelan equine encephalitis,Spain,country,1,Alphavirus venezuelan,Alphavirus_venezuelan__Venezuelan_equine_encephalitis,FALSE,TRUE
Venezuelan equine encephalitis,Trinidad and Tobago,country,14,Alphavirus venezuelan,Alphavirus_venezuelan__Venezuelan_equine_encephalitis,FALSE,TRUE
Venezuelan equine encephalitis,United States,country,5,Alphavirus venezuelan,Alphavirus_venezuelan__Venezuelan_equine_encephalitis,FALSE,TRUE
Venezuelan equine encephalitis,Venezuela,country,18,Alphavirus venezuelan,Alphavirus_venezuelan__Venezuelan_equine_encephalitis,FALSE,TRUE
West Nile fever,Albania,country,1,Orthoflavivirus nilense,Orthoflavivirus_nilense__West_Nile_fever,TRUE,TRUE
West Nile fever,Argentina,country,8,Orthoflavivirus nilense,Orthoflavivirus_nilense__West_Nile_fever,TRUE,TRUE
West Nile fever,Australia,country,84,Orthoflavivirus nilense,Orthoflavivirus_nilense__West_Nile_fever,TRUE,TRUE
West Nile fever,Austria,country,66,Orthoflavivirus nilense,Orthoflavivirus_nilense__West_Nile_fever,TRUE,TRUE
West Nile fever,Azerbaijan,country,7,Orthoflavivirus nilense,Orthoflavivirus_nilense__West_Nile_fever,TRUE,TRUE
West Nile fever,Belarus,country,1,Orthoflavivirus nilense,Orthoflavivirus_nilense__West_Nile_fever,TRUE,TRUE
West Nile fever,Belgium,country,3,Orthoflavivirus nilense,Orthoflavivirus_nilense__West_Nile_fever,TRUE,TRUE
West Nile fever,Bosnia and Herzegovina,country,2,Orthoflavivirus nilense,Orthoflavivirus_nilense__West_Nile_fever,TRUE,TRUE
West Nile fever,Brazil,country,16,Orthoflavivirus nilense,Orthoflavivirus_nilense__West_Nile_fever,TRUE,TRUE
West Nile fever,British Virgin Islands,territory,1,Orthoflavivirus nilense,Orthoflavivirus_nilense__West_Nile_fever,TRUE,TRUE
West Nile fever,Bulgaria,country,4,Orthoflavivirus nilense,Orthoflavivirus_nilense__West_Nile_fever,TRUE,TRUE
West Nile fever,Canada,country,42,Orthoflavivirus nilense,Orthoflavivirus_nilense__West_Nile_fever,TRUE,TRUE
West Nile fever,Central African Republic,country,2,Orthoflavivirus nilense,Orthoflavivirus_nilense__West_Nile_fever,TRUE,TRUE
West Nile fever,China,country,6,Orthoflavivirus nilense,Orthoflavivirus_nilense__West_Nile_fever,TRUE,TRUE
West Nile fever,Colombia,country,9,Orthoflavivirus nilense,Orthoflavivirus_nilense__West_Nile_fever,TRUE,TRUE
West Nile fever,Costa Rica,country,1,Orthoflavivirus nilense,Orthoflavivirus_nilense__West_Nile_fever,TRUE,TRUE
West Nile fever,Croatia,country,24,Orthoflavivirus nilense,Orthoflavivirus_nilense__West_Nile_fever,TRUE,TRUE
West Nile fever,Cyprus,country,2,Orthoflavivirus nilense,Orthoflavivirus_nilense__West_Nile_fever,TRUE,TRUE
West Nile fever,Czechia,country,10,Orthoflavivirus nilense,Orthoflavivirus_nilense__West_Nile_fever,TRUE,TRUE
West Nile fever,Democratic Republic of the Congo,country,1,Orthoflavivirus nilense,Orthoflavivirus_nilense__West_Nile_fever,TRUE,TRUE
West Nile fever,Djibouti,country,2,Orthoflavivirus nilense,Orthoflavivirus_nilense__West_Nile_fever,TRUE,TRUE
West Nile fever,Egypt,country,3,Orthoflavivirus nilense,Orthoflavivirus_nilense__West_Nile_fever,TRUE,TRUE
West Nile fever,Estonia,country,1,Orthoflavivirus nilense,Orthoflavivirus_nilense__West_Nile_fever,TRUE,TRUE
West Nile fever,Ethiopia,country,1,Orthoflavivirus nilense,Orthoflavivirus_nilense__West_Nile_fever,TRUE,TRUE
West Nile fever,France,country,72,Orthoflavivirus nilense,Orthoflavivirus_nilense__West_Nile_fever,TRUE,TRUE
West Nile fever,Germany,country,269,Orthoflavivirus nilense,Orthoflavivirus_nilense__West_Nile_fever,TRUE,TRUE
West Nile fever,Greece,country,222,Orthoflavivirus nilense,Orthoflavivirus_nilense__West_Nile_fever,TRUE,TRUE
West Nile fever,Hungary,country,172,Orthoflavivirus nilense,Orthoflavivirus_nilense__West_Nile_fever,TRUE,TRUE
West Nile fever,India,country,87,Orthoflavivirus nilense,Orthoflavivirus_nilense__West_Nile_fever,TRUE,TRUE
West Nile fever,Iran,country,11,Orthoflavivirus nilense,Orthoflavivirus_nilense__West_Nile_fever,TRUE,TRUE
West Nile fever,Iraq,country,3,Orthoflavivirus nilense,Orthoflavivirus_nilense__West_Nile_fever,TRUE,TRUE
West Nile fever,Israel,country,144,Orthoflavivirus nilense,Orthoflavivirus_nilense__West_Nile_fever,TRUE,TRUE
West Nile fever,Italy,country,631,Orthoflavivirus nilense,Orthoflavivirus_nilense__West_Nile_fever,TRUE,TRUE
West Nile fever,Kazakhstan,country,2,Orthoflavivirus nilense,Orthoflavivirus_nilense__West_Nile_fever,TRUE,TRUE
West Nile fever,Kenya,country,16,Orthoflavivirus nilense,Orthoflavivirus_nilense__West_Nile_fever,TRUE,TRUE
West Nile fever,Kosovo,country,5,Orthoflavivirus nilense,Orthoflavivirus_nilense__West_Nile_fever,TRUE,TRUE
West Nile fever,Madagascar,country,15,Orthoflavivirus nilense,Orthoflavivirus_nilense__West_Nile_fever,TRUE,TRUE
West Nile fever,Malaysia,country,32,Orthoflavivirus nilense,Orthoflavivirus_nilense__West_Nile_fever,TRUE,TRUE
West Nile fever,Mali,country,1,Orthoflavivirus nilense,Orthoflavivirus_nilense__West_Nile_fever,TRUE,TRUE
West Nile fever,Mexico,country,36,Orthoflavivirus nilense,Orthoflavivirus_nilense__West_Nile_fever,TRUE,TRUE
West Nile fever,Moldova,country,3,Orthoflavivirus nilense,Orthoflavivirus_nilense__West_Nile_fever,TRUE,TRUE
West Nile fever,Morocco,country,3,Orthoflavivirus nilense,Orthoflavivirus_nilense__West_Nile_fever,TRUE,TRUE
West Nile fever,Namibia,country,10,Orthoflavivirus nilense,Orthoflavivirus_nilense__West_Nile_fever,TRUE,TRUE
West Nile fever,Nepal,country,4,Orthoflavivirus nilense,Orthoflavivirus_nilense__West_Nile_fever,TRUE,TRUE
West Nile fever,Netherlands,country,14,Orthoflavivirus nilense,Orthoflavivirus_nilense__West_Nile_fever,TRUE,TRUE
West Nile fever,Nigeria,country,14,Orthoflavivirus nilense,Orthoflavivirus_nilense__West_Nile_fever,TRUE,TRUE
West Nile fever,Pakistan,country,4,Orthoflavivirus nilense,Orthoflavivirus_nilense__West_Nile_fever,TRUE,TRUE
West Nile fever,Poland,country,6,Orthoflavivirus nilense,Orthoflavivirus_nilense__West_Nile_fever,TRUE,TRUE
West Nile fever,Portugal,country,4,Orthoflavivirus nilense,Orthoflavivirus_nilense__West_Nile_fever,TRUE,TRUE
West Nile fever,Puerto Rico,territory,5,Orthoflavivirus nilense,Orthoflavivirus_nilense__West_Nile_fever,TRUE,TRUE
West Nile fever,Romania,country,170,Orthoflavivirus nilense,Orthoflavivirus_nilense__West_Nile_fever,TRUE,TRUE
West Nile fever,Russia,country,255,Orthoflavivirus nilense,Orthoflavivirus_nilense__West_Nile_fever,TRUE,TRUE
West Nile fever,Senegal,country,43,Orthoflavivirus nilense,Orthoflavivirus_nilense__West_Nile_fever,TRUE,TRUE
West Nile fever,Serbia,country,92,Orthoflavivirus nilense,Orthoflavivirus_nilense__West_Nile_fever,TRUE,TRUE
West Nile fever,Singapore,country,1,Orthoflavivirus nilense,Orthoflavivirus_nilense__West_Nile_fever,TRUE,TRUE
West Nile fever,Slovakia,country,63,Orthoflavivirus nilense,Orthoflavivirus_nilense__West_Nile_fever,TRUE,TRUE
West Nile fever,Slovenia,country,2,Orthoflavivirus nilense,Orthoflavivirus_nilense__West_Nile_fever,TRUE,TRUE
West Nile fever,South Africa,country,102,Orthoflavivirus nilense,Orthoflavivirus_nilense__West_Nile_fever,TRUE,TRUE
West Nile fever,South Korea,country,1,Orthoflavivirus nilense,Orthoflavivirus_nilense__West_Nile_fever,TRUE,TRUE
West Nile fever,Spain,country,98,Orthoflavivirus nilense,Orthoflavivirus_nilense__West_Nile_fever,TRUE,TRUE
West Nile fever,Switzerland,country,8,Orthoflavivirus nilense,Orthoflavivirus_nilense__West_Nile_fever,TRUE,TRUE
West Nile fever,Tajikistan,country,2,Orthoflavivirus nilense,Orthoflavivirus_nilense__West_Nile_fever,TRUE,TRUE
West Nile fever,Tanzania,country,2,Orthoflavivirus nilense,Orthoflavivirus_nilense__West_Nile_fever,TRUE,TRUE
West Nile fever,Tunisia,country,51,Orthoflavivirus nilense,Orthoflavivirus_nilense__West_Nile_fever,TRUE,TRUE
West Nile fever,Turkey,country,68,Orthoflavivirus nilense,Orthoflavivirus_nilense__West_Nile_fever,TRUE,TRUE
West Nile fever,Uganda,country,3,Orthoflavivirus nilense,Orthoflavivirus_nilense__West_Nile_fever,TRUE,TRUE
West Nile fever,Ukraine,country,1,Orthoflavivirus nilense,Orthoflavivirus_nilense__West_Nile_fever,TRUE,TRUE
West Nile fever,United Arab Emirates,country,1,Orthoflavivirus nilense,Orthoflavivirus_nilense__West_Nile_fever,TRUE,TRUE
West Nile fever,United Kingdom,country,1,Orthoflavivirus nilense,Orthoflavivirus_nilense__West_Nile_fever,TRUE,TRUE
West Nile fever,United States,country,5261,Orthoflavivirus nilense,Orthoflavivirus_nilense__West_Nile_fever,TRUE,TRUE
West Nile fever,Vietnam,country,5,Orthoflavivirus nilense,Orthoflavivirus_nilense__West_Nile_fever,TRUE,TRUE
West Nile fever,Zambia,country,3,Orthoflavivirus nilense,Orthoflavivirus_nilense__West_Nile_fever,TRUE,TRUE
West Nile fever,Zimbabwe,country,1,Orthoflavivirus nilense,Orthoflavivirus_nilense__West_Nile_fever,TRUE,TRUE
Yellow fever,Angola,country,5,Orthoflavivirus flavi,Orthoflavivirus_flavi__Yellow_fever,TRUE,FALSE
Yellow fever,Argentina,country,27,Orthoflavivirus flavi,Orthoflavivirus_flavi__Yellow_fever,TRUE,FALSE
Yellow fever,Australia,country,2,Orthoflavivirus flavi,Orthoflavivirus_flavi__Yellow_fever,TRUE,FALSE
Yellow fever,Belgium,country,9,Orthoflavivirus flavi,Orthoflavivirus_flavi__Yellow_fever,TRUE,FALSE
Yellow fever,Bolivia,country,16,Orthoflavivirus flavi,Orthoflavivirus_flavi__Yellow_fever,TRUE,FALSE
Yellow fever,Brazil,country,1502,Orthoflavivirus flavi,Orthoflavivirus_flavi__Yellow_fever,TRUE,FALSE
Yellow fever,Burkina Faso,country,7,Orthoflavivirus flavi,Orthoflavivirus_flavi__Yellow_fever,TRUE,FALSE
Yellow fever,Cameroon,country,1,Orthoflavivirus flavi,Orthoflavivirus_flavi__Yellow_fever,TRUE,FALSE
Yellow fever,Central African Republic,country,10,Orthoflavivirus flavi,Orthoflavivirus_flavi__Yellow_fever,TRUE,FALSE
Yellow fever,China,country,23,Orthoflavivirus flavi,Orthoflavivirus_flavi__Yellow_fever,TRUE,FALSE
Yellow fever,Colombia,country,11,Orthoflavivirus flavi,Orthoflavivirus_flavi__Yellow_fever,TRUE,FALSE
Yellow fever,Cote d'Ivoire,country,7,Orthoflavivirus flavi,Orthoflavivirus_flavi__Yellow_fever,TRUE,FALSE
Yellow fever,Democratic Republic of the Congo,country,1,Orthoflavivirus flavi,Orthoflavivirus_flavi__Yellow_fever,TRUE,FALSE
Yellow fever,Ecuador,country,6,Orthoflavivirus flavi,Orthoflavivirus_flavi__Yellow_fever,TRUE,FALSE
Yellow fever,Ethiopia,country,14,Orthoflavivirus flavi,Orthoflavivirus_flavi__Yellow_fever,TRUE,FALSE
Yellow fever,France,country,33,Orthoflavivirus flavi,Orthoflavivirus_flavi__Yellow_fever,TRUE,FALSE
Yellow fever,Gambia,country,2,Orthoflavivirus flavi,Orthoflavivirus_flavi__Yellow_fever,TRUE,FALSE
Yellow fever,Germany,country,2,Orthoflavivirus flavi,Orthoflavivirus_flavi__Yellow_fever,TRUE,FALSE
Yellow fever,Ghana,country,4,Orthoflavivirus flavi,Orthoflavivirus_flavi__Yellow_fever,TRUE,FALSE
Yellow fever,Guinea,country,3,Orthoflavivirus flavi,Orthoflavivirus_flavi__Yellow_fever,TRUE,FALSE
Yellow fever,Guinea-Bissau,country,2,Orthoflavivirus flavi,Orthoflavivirus_flavi__Yellow_fever,TRUE,FALSE
Yellow fever,Kenya,country,3,Orthoflavivirus flavi,Orthoflavivirus_flavi__Yellow_fever,TRUE,FALSE
Yellow fever,Mali,country,4,Orthoflavivirus flavi,Orthoflavivirus_flavi__Yellow_fever,TRUE,FALSE
Yellow fever,Mauritania,country,1,Orthoflavivirus flavi,Orthoflavivirus_flavi__Yellow_fever,TRUE,FALSE
Yellow fever,Netherlands,country,8,Orthoflavivirus flavi,Orthoflavivirus_flavi__Yellow_fever,TRUE,FALSE
Yellow fever,Nigeria,country,51,Orthoflavivirus flavi,Orthoflavivirus_flavi__Yellow_fever,TRUE,FALSE
Yellow fever,Panama,country,5,Orthoflavivirus flavi,Orthoflavivirus_flavi__Yellow_fever,TRUE,FALSE
Yellow fever,Peru,country,60,Orthoflavivirus flavi,Orthoflavivirus_flavi__Yellow_fever,TRUE,FALSE
Yellow fever,Republic of the Congo,country,1,Orthoflavivirus flavi,Orthoflavivirus_flavi__Yellow_fever,TRUE,FALSE
Yellow fever,Russia,country,2,Orthoflavivirus flavi,Orthoflavivirus_flavi__Yellow_fever,TRUE,FALSE
Yellow fever,Senegal,country,82,Orthoflavivirus flavi,Orthoflavivirus_flavi__Yellow_fever,TRUE,FALSE
Yellow fever,Sierra Leone,country,1,Orthoflavivirus flavi,Orthoflavivirus_flavi__Yellow_fever,TRUE,FALSE
Yellow fever,Singapore,country,1,Orthoflavivirus flavi,Orthoflavivirus_flavi__Yellow_fever,TRUE,FALSE
Yellow fever,Spain,country,2,Orthoflavivirus flavi,Orthoflavivirus_flavi__Yellow_fever,TRUE,FALSE
Yellow fever,Sudan,country,15,Orthoflavivirus flavi,Orthoflavivirus_flavi__Yellow_fever,TRUE,FALSE
Yellow fever,Suriname,country,2,Orthoflavivirus flavi,Orthoflavivirus_flavi__Yellow_fever,TRUE,FALSE
Yellow fever,Trinidad and Tobago,country,25,Orthoflavivirus flavi,Orthoflavivirus_flavi__Yellow_fever,TRUE,FALSE
Yellow fever,Uganda,country,10,Orthoflavivirus flavi,Orthoflavivirus_flavi__Yellow_fever,TRUE,FALSE
Yellow fever,United Kingdom,country,1,Orthoflavivirus flavi,Orthoflavivirus_flavi__Yellow_fever,TRUE,FALSE
Yellow fever,United States,country,5,Orthoflavivirus flavi,Orthoflavivirus_flavi__Yellow_fever,TRUE,FALSE
Yellow fever,Venezuela,country,28,Orthoflavivirus flavi,Orthoflavivirus_flavi__Yellow_fever,TRUE,FALSE
Zika virus disease,Angola,country,2,Orthoflavivirus zikaense,Orthoflavivirus_zikaense__Zika_virus_disease,TRUE,FALSE
Zika virus disease,Argentina,country,3,Orthoflavivirus zikaense,Orthoflavivirus_zikaense__Zika_virus_disease,TRUE,FALSE
Zika virus disease,Australia,country,1,Orthoflavivirus zikaense,Orthoflavivirus_zikaense__Zika_virus_disease,TRUE,FALSE
Zika virus disease,Bangladesh,country,7,Orthoflavivirus zikaense,Orthoflavivirus_zikaense__Zika_virus_disease,TRUE,FALSE
Zika virus disease,Barbados,country,2,Orthoflavivirus zikaense,Orthoflavivirus_zikaense__Zika_virus_disease,TRUE,FALSE
Zika virus disease,Brazil,country,385,Orthoflavivirus zikaense,Orthoflavivirus_zikaense__Zika_virus_disease,TRUE,FALSE
Zika virus disease,Burkina Faso,country,3,Orthoflavivirus zikaense,Orthoflavivirus_zikaense__Zika_virus_disease,TRUE,FALSE
Zika virus disease,Cambodia,country,12,Orthoflavivirus zikaense,Orthoflavivirus_zikaense__Zika_virus_disease,TRUE,FALSE
Zika virus disease,Canada,country,6,Orthoflavivirus zikaense,Orthoflavivirus_zikaense__Zika_virus_disease,TRUE,FALSE
Zika virus disease,Cape Verde,country,3,Orthoflavivirus zikaense,Orthoflavivirus_zikaense__Zika_virus_disease,TRUE,FALSE
Zika virus disease,Central African Republic,country,5,Orthoflavivirus zikaense,Orthoflavivirus_zikaense__Zika_virus_disease,TRUE,FALSE
Zika virus disease,Chile,country,65,Orthoflavivirus zikaense,Orthoflavivirus_zikaense__Zika_virus_disease,TRUE,FALSE
Zika virus disease,China,country,53,Orthoflavivirus zikaense,Orthoflavivirus_zikaense__Zika_virus_disease,TRUE,FALSE
Zika virus disease,Colombia,country,121,Orthoflavivirus zikaense,Orthoflavivirus_zikaense__Zika_virus_disease,TRUE,FALSE
Zika virus disease,Cook Islands,territory,8,Orthoflavivirus zikaense,Orthoflavivirus_zikaense__Zika_virus_disease,TRUE,FALSE
Zika virus disease,Costa Rica,country,1,Orthoflavivirus zikaense,Orthoflavivirus_zikaense__Zika_virus_disease,TRUE,FALSE
Zika virus disease,Cote d'Ivoire,country,33,Orthoflavivirus zikaense,Orthoflavivirus_zikaense__Zika_virus_disease,TRUE,FALSE
Zika virus disease,Cuba,country,69,Orthoflavivirus zikaense,Orthoflavivirus_zikaense__Zika_virus_disease,TRUE,FALSE
Zika virus disease,Dominican Republic,country,31,Orthoflavivirus zikaense,Orthoflavivirus_zikaense__Zika_virus_disease,TRUE,FALSE
Zika virus disease,Ecuador,country,14,Orthoflavivirus zikaense,Orthoflavivirus_zikaense__Zika_virus_disease,TRUE,FALSE
Zika virus disease,El Salvador,country,2,Orthoflavivirus zikaense,Orthoflavivirus_zikaense__Zika_virus_disease,TRUE,FALSE
Zika virus disease,Fiji,country,6,Orthoflavivirus zikaense,Orthoflavivirus_zikaense__Zika_virus_disease,TRUE,FALSE
Zika virus disease,France,country,2,Orthoflavivirus zikaense,Orthoflavivirus_zikaense__Zika_virus_disease,TRUE,FALSE
Zika virus disease,French Polynesia,territory,25,Orthoflavivirus zikaense,Orthoflavivirus_zikaense__Zika_virus_disease,TRUE,FALSE
Zika virus disease,Gabon,country,4,Orthoflavivirus zikaense,Orthoflavivirus_zikaense__Zika_virus_disease,TRUE,FALSE
Zika virus disease,Germany,country,2,Orthoflavivirus zikaense,Orthoflavivirus_zikaense__Zika_virus_disease,TRUE,FALSE
Zika virus disease,Grenada,country,1,Orthoflavivirus zikaense,Orthoflavivirus_zikaense__Zika_virus_disease,TRUE,FALSE
Zika virus disease,Guatemala,country,6,Orthoflavivirus zikaense,Orthoflavivirus_zikaense__Zika_virus_disease,TRUE,FALSE
Zika virus disease,Guinea,country,2,Orthoflavivirus zikaense,Orthoflavivirus_zikaense__Zika_virus_disease,TRUE,FALSE
Zika virus disease,Guyana,country,1,Orthoflavivirus zikaense,Orthoflavivirus_zikaense__Zika_virus_disease,TRUE,FALSE
Zika virus disease,Haiti,country,28,Orthoflavivirus zikaense,Orthoflavivirus_zikaense__Zika_virus_disease,TRUE,FALSE
Zika virus disease,Honduras,country,36,Orthoflavivirus zikaense,Orthoflavivirus_zikaense__Zika_virus_disease,TRUE,FALSE
Zika virus disease,Hungary,country,2,Orthoflavivirus zikaense,Orthoflavivirus_zikaense__Zika_virus_disease,TRUE,FALSE
Zika virus disease,India,country,61,Orthoflavivirus zikaense,Orthoflavivirus_zikaense__Zika_virus_disease,TRUE,FALSE
Zika virus disease,Indonesia,country,2,Orthoflavivirus zikaense,Orthoflavivirus_zikaense__Zika_virus_disease,TRUE,FALSE
Zika virus disease,Israel,country,4,Orthoflavivirus zikaense,Orthoflavivirus_zikaense__Zika_virus_disease,TRUE,FALSE
Zika virus disease,Italy,country,11,Orthoflavivirus zikaense,Orthoflavivirus_zikaense__Zika_virus_disease,TRUE,FALSE
Zika virus disease,Jamaica,country,5,Orthoflavivirus zikaense,Orthoflavivirus_zikaense__Zika_virus_disease,TRUE,FALSE
Zika virus disease,Japan,country,7,Orthoflavivirus zikaense,Orthoflavivirus_zikaense__Zika_virus_disease,TRUE,FALSE
Zika virus disease,Kenya,country,3,Orthoflavivirus zikaense,Orthoflavivirus_zikaense__Zika_virus_disease,TRUE,FALSE
Zika virus disease,Malaysia,country,48,Orthoflavivirus zikaense,Orthoflavivirus_zikaense__Zika_virus_disease,TRUE,FALSE
Zika virus disease,Mexico,country,113,Orthoflavivirus zikaense,Orthoflavivirus_zikaense__Zika_virus_disease,TRUE,FALSE
Zika virus disease,Micronesia,country,1,Orthoflavivirus zikaense,Orthoflavivirus_zikaense__Zika_virus_disease,TRUE,FALSE
Zika virus disease,New Caledonia,territory,8,Orthoflavivirus zikaense,Orthoflavivirus_zikaense__Zika_virus_disease,TRUE,FALSE
Zika virus disease,New Zealand,country,2,Orthoflavivirus zikaense,Orthoflavivirus_zikaense__Zika_virus_disease,TRUE,FALSE
Zika virus disease,Nicaragua,country,142,Orthoflavivirus zikaense,Orthoflavivirus_zikaense__Zika_virus_disease,TRUE,FALSE
Zika virus disease,Nigeria,country,7,Orthoflavivirus zikaense,Orthoflavivirus_zikaense__Zika_virus_disease,TRUE,FALSE
Zika virus disease,Norway,country,1,Orthoflavivirus zikaense,Orthoflavivirus_zikaense__Zika_virus_disease,TRUE,FALSE
Zika virus disease,Pakistan,country,2,Orthoflavivirus zikaense,Orthoflavivirus_zikaense__Zika_virus_disease,TRUE,FALSE
Zika virus disease,Panama,country,16,Orthoflavivirus zikaense,Orthoflavivirus_zikaense__Zika_virus_disease,TRUE,FALSE
Zika virus disease,Peru,country,2,Orthoflavivirus zikaense,Orthoflavivirus_zikaense__Zika_virus_disease,TRUE,FALSE
Zika virus disease,Philippines,country,6,Orthoflavivirus zikaense,Orthoflavivirus_zikaense__Zika_virus_disease,TRUE,FALSE
Zika virus disease,Portugal,country,4,Orthoflavivirus zikaense,Orthoflavivirus_zikaense__Zika_virus_disease,TRUE,FALSE
Zika virus disease,Puerto Rico,territory,107,Orthoflavivirus zikaense,Orthoflavivirus_zikaense__Zika_virus_disease,TRUE,FALSE
Zika virus disease,Russia,country,27,Orthoflavivirus zikaense,Orthoflavivirus_zikaense__Zika_virus_disease,TRUE,FALSE
Zika virus disease,Samoa,country,4,Orthoflavivirus zikaense,Orthoflavivirus_zikaense__Zika_virus_disease,TRUE,FALSE
Zika virus disease,Senegal,country,89,Orthoflavivirus zikaense,Orthoflavivirus_zikaense__Zika_virus_disease,TRUE,FALSE
Zika virus disease,Seychelles,country,2,Orthoflavivirus zikaense,Orthoflavivirus_zikaense__Zika_virus_disease,TRUE,FALSE
Zika virus disease,Singapore,country,126,Orthoflavivirus zikaense,Orthoflavivirus_zikaense__Zika_virus_disease,TRUE,FALSE
Zika virus disease,Solomon Islands,country,2,Orthoflavivirus zikaense,Orthoflavivirus_zikaense__Zika_virus_disease,TRUE,FALSE
Zika virus disease,South Korea,country,4,Orthoflavivirus zikaense,Orthoflavivirus_zikaense__Zika_virus_disease,TRUE,FALSE
Zika virus disease,Spain,country,11,Orthoflavivirus zikaense,Orthoflavivirus_zikaense__Zika_virus_disease,TRUE,FALSE
Zika virus disease,Sri Lanka,country,1,Orthoflavivirus zikaense,Orthoflavivirus_zikaense__Zika_virus_disease,TRUE,FALSE
Zika virus disease,Sudan,country,11,Orthoflavivirus zikaense,Orthoflavivirus_zikaense__Zika_virus_disease,TRUE,FALSE
Zika virus disease,Suriname,country,8,Orthoflavivirus zikaense,Orthoflavivirus_zikaense__Zika_virus_disease,TRUE,FALSE
Zika virus disease,Taiwan,country,8,Orthoflavivirus zikaense,Orthoflavivirus_zikaense__Zika_virus_disease,TRUE,FALSE
Zika virus disease,Thailand,country,241,Orthoflavivirus zikaense,Orthoflavivirus_zikaense__Zika_virus_disease,TRUE,FALSE
Zika virus disease,Tonga,country,2,Orthoflavivirus zikaense,Orthoflavivirus_zikaense__Zika_virus_disease,TRUE,FALSE
Zika virus disease,Trinidad and Tobago,country,3,Orthoflavivirus zikaense,Orthoflavivirus_zikaense__Zika_virus_disease,TRUE,FALSE
Zika virus disease,Uganda,country,27,Orthoflavivirus zikaense,Orthoflavivirus_zikaense__Zika_virus_disease,TRUE,FALSE
Zika virus disease,United Kingdom,country,1,Orthoflavivirus zikaense,Orthoflavivirus_zikaense__Zika_virus_disease,TRUE,FALSE
Zika virus disease,United States,country,119,Orthoflavivirus zikaense,Orthoflavivirus_zikaense__Zika_virus_disease,TRUE,FALSE
Zika virus disease,Venezuela,country,4,Orthoflavivirus zikaense,Orthoflavivirus_zikaense__Zika_virus_disease,TRUE,FALSE
Zika virus disease,Vietnam,country,32,Orthoflavivirus zikaense,Orthoflavivirus_zikaense__Zika_virus_disease,TRUE,FALSE
Zika virus disease,Virgin Islands,country,5,Orthoflavivirus zikaense,Orthoflavivirus_zikaense__Zika_virus_disease,TRUE,FALSE
