disease_name,source_pathogen,network_pathogen,host,host_tax_id,host_role_assignment,assignment_status,assignment_confidence,evidence_record_ids,assignment_basis,needs_manual_review,review_notes
West Nile fever,Orthoflavivirus nilense,Orthoflavivirus nilense,Homo sapiens,9606,dead_end_incidental_host,draft_source_backed,high,host_role_evidence:CDC West Nile Virus Key Messages,CDC explicitly describes humans as dead-end hosts for WNV.,FALSE,Review only if assignment vocabulary changes.
West Nile fever,Orthoflavivirus nilense,Orthoflavivirus nilense,Equus caballus,9796,dead_end_host,draft_source_backed,high,host_role_evidence:WHO West Nile virus fact sheet,WHO explicitly describes horses as dead-end hosts for WNV.,FALSE,Common-name horse source matched to domestic horse candidate.
Yellow fever,Yellow fever virus,Yellow fever virus,Homo sapiens,9606,amplifying_host,draft_source_backed,medium,host_role_evidence:CDC Transmission of Yellow Fever Virus,CDC describes humans as part of the urban human-mosquito transmission cycle.,FALSE,Cycle-specific urban role; do not use as sylvatic reservoir evidence.
Dengue,Orthoflavivirus denguei,Orthoflavivirus denguei,Homo sapiens,9606,amplifying_host,draft_source_backed,high,host_role_evidence:WHO Dengue and severe dengue fact sheet,WHO describes human-to-mosquito transmission during dengue viremia.,FALSE,Urban transmission role; no non-human reservoir assignment made.
Plague,Yersinia pestis,Yersinia pestis,Rodentia,,maintenance_host,draft_source_backed,high,host_role_evidence:CDC How Plague Spreads,CDC describes natural plague maintenance in a wild rodent-flea cycle.,TRUE,Group-level assignment only; do not propagate to every rodent species.
Plague,Yersinia pestis,Yersinia pestis,Homo sapiens,9606,incidental_host,draft_source_backed,high,host_role_evidence:CDC MMWR plague treatment guidelines,CDC describes humans as incidental hosts during plague epizootic spillover.,FALSE,Human-to-human pneumonic transmission is a separate context and not a reservoir role.
Rift Valley fever,Phlebovirus riftense,Phlebovirus riftense,ruminant livestock,,amplifying_host,draft_source_backed,high,host_role_evidence:WHO Rift Valley fever fact sheet,WHO describes amplification in naive ruminants via local competent mosquitoes.,TRUE,Group-level livestock assignment only.
Rift Valley fever,Phlebovirus riftense,Phlebovirus riftense,Homo sapiens,9606,incidental_host,draft_source_backed,high,host_role_evidence:WHO Rift Valley fever fact sheet,WHO describes RVF as primarily affecting animals but also infecting humans.,FALSE,Spillover/incidental human role.
Chikungunya fever,Alphavirus chikungunya,Alphavirus chikungunya,Homo sapiens,9606,amplifying_host,draft_source_backed,high,host_role_evidence:CDC Yellow Book Chikungunya,CDC Yellow Book identifies viremic humans as likely main amplifying reservoirs for mosquito infection.,FALSE,Urban-cycle human amplification.
Zika virus disease,Orthoflavivirus zikaense,Orthoflavivirus zikaense,Homo sapiens,9606,amplifying_host,draft_source_backed,high,host_role_evidence:CDC Transmission of Zika Virus,CDC describes infected people as sources for urban Aedes transmission.,FALSE,Urban-cycle human amplification.
Venezuelan equine encephalitis,Alphavirus venezuelan,Alphavirus venezuelan,rodents,,reservoir_host_group,draft_source_backed,high,host_role_evidence:Venezuelan Equine Encephalitis - StatPearls,StatPearls describes sylvatic rodents as primary reservoir hosts for enzootic strains.,TRUE,Group-level assignment only.
Venezuelan equine encephalitis,Alphavirus venezuelan,Alphavirus venezuelan,Equus caballus,9796,amplifying_host,draft_source_backed,high,host_role_evidence:CDC MMWR Update Venezuelan Equine Encephalitis Colombia 1995,CDC describes equines as the most important vertebrate amplifying host in the epizootic cycle.,FALSE,Common equine evidence mapped to domestic horse candidate.
Crimean-Congo hemorrhagic fever,Orthonairovirus haemorrhagiae,Orthonairovirus haemorrhagiae,livestock,,amplifying_host,draft_source_backed,high,host_role_evidence:CDC Emerging Infectious Diseases CCHF Virus in Cattle and Ticks Israel,CDC EID article describes livestock as asymptomatic amplifying hosts.,TRUE,Group-level livestock assignment only.
Crimean-Congo hemorrhagic fever,Orthonairovirus haemorrhagiae,Orthonairovirus haemorrhagiae,Homo sapiens,9606,incidental_host,draft_source_backed,high,host_role_evidence:WHO Crimean-Congo haemorrhagic fever fact sheet,WHO describes human infection from ticks or infected animal blood and tissues.,FALSE,Spillover/incidental human role with nosocomial caveat.
Tick-borne encephalitis,Orthoflavivirus encephalitidis,Orthoflavivirus encephalitidis,small rodents,,amplifying_host,draft_source_backed,high,host_role_evidence:CDC Yellow Book Tick-Borne Encephalitis,CDC Yellow Book describes small rodents as primary amplifying hosts.,TRUE,Group-level assignment added despite no local host candidate row.
Severe fever with thrombocytopenia syndrome (SFTS),Bandavirus dabieense,Bandavirus dabieense,domesticated animals,,host_presence_only,defer_insufficient_evidence,medium,host_role_evidence:CDC Emerging Infectious Diseases SFTSV among Domesticated Animals China,CDC EID article supports natural infection in domesticated animals but not a clear role assignment.,TRUE,Kept as host-presence only rather than reservoir or amplification assignment.
Oropouche fever,Orthobunyavirus oropoucheense,Orthobunyavirus oropoucheense,sloths and non-human primates,,reservoir_host_group,draft_needs_review,medium,host_role_evidence:WHO Oropouche virus disease fact sheet,WHO describes sloths and non-human primates as sylvatic vertebrate hosts but source certainty remains incomplete.,TRUE,Group-level and uncertain sylvatic host assignment.
Oropouche fever,Orthobunyavirus oropoucheense,Orthobunyavirus oropoucheense,Homo sapiens,9606,amplifying_host,draft_needs_review,medium,host_role_evidence:PAHO Oropouche epidemiological update,PAHO describes humans as acting as amplifying hosts in Oropouche transmission.,TRUE,Review because Oropouche ecology is actively evolving and vector attribution is incomplete.
Ebola virus disease,Orthoebolavirus zairense,Orthoebolavirus zairense,African fruit bats,,reservoir_host_group,draft_needs_review,medium,host_role_evidence:CDC How Ebola Disease Spreads,CDC says African fruit bats are believed to be involved and may be the source of orthoebolaviruses.,TRUE,Group-level likely reservoir assignment only.
Ebola virus disease,Orthoebolavirus zairense,Orthoebolavirus zairense,Homo sapiens,9606,amplifying_host,draft_source_backed,high,host_role_evidence:WHO Ebola disease fact sheet,WHO describes human-to-human transmission via infected body fluids.,FALSE,Outbreak amplification role; not reservoir.
Sudan virus disease (Ebola virus disease),Orthoebolavirus sudanense,Orthoebolavirus sudanense,Homo sapiens,9606,amplifying_host,draft_source_backed,high,host_role_evidence:CDC Viral Hemorrhagic Fevers About,CDC describes filovirus person-to-person spread after introduction.,FALSE,Human outbreak amplification role.
Marburg virus disease,Orthomarburgvirus marburgense,Orthomarburgvirus marburgense,Rousettus aegyptiacus,9407,reservoir_host,draft_source_backed,high,host_role_evidence:WHO Marburg virus disease fact sheet,WHO identifies Rousettus aegyptiacus as natural host for Marburg virus.,FALSE,Species-level reservoir assignment.
Marburg virus disease,Orthomarburgvirus marburgense,Orthomarburgvirus marburgense,Homo sapiens,9606,amplifying_host,draft_source_backed,high,host_role_evidence:Marburg Virus Disease - StatPearls,StatPearls describes human-to-human transmission through infected bodily fluids.,FALSE,Outbreak amplification role.
Nipah virus disease,Henipavirus nipahense,Henipavirus nipahense,Pteropus spp.,pteropus spp,reservoir_host_group,draft_source_backed,high,host_role_evidence:WHO Nipah virus fact sheet,WHO identifies Pteropodidae fruit bats as natural host of Nipah virus.,TRUE,Group-level reservoir assignment only.
Nipah virus disease,Henipavirus nipahense,Henipavirus nipahense,Sus scrofa,9823,amplifying_host,draft_source_backed,high,host_role_evidence:WHO Nipah virus fact sheet,WHO describes pig-farm outbreak control and animal transmission to humans.,FALSE,Domestic pig intermediate/amplifying-host assignment.
Nipah virus disease,Henipavirus nipahense,Henipavirus nipahense,Homo sapiens,9606,amplifying_host,draft_needs_review,medium,host_role_evidence:WHO Nipah virus fact sheet,WHO notes human-to-human transmission mitigation in health-care facilities.,TRUE,Context-dependent human transmission role.
Lassa fever,Mammarenavirus lassaense,Mammarenavirus lassaense,Mastomys natalensis,10112,reservoir_host,draft_source_backed,high,host_role_evidence:WHO Lassa fever fact sheet,WHO describes Mastomys rats as the main reservoir of Lassa virus.,FALSE,Species-level reservoir assignment.
Lassa fever,Mammarenavirus lassaense,Mammarenavirus lassaense,Homo sapiens,9606,amplifying_host,draft_needs_review,medium,host_role_evidence:WHO Lassa fever fact sheet,WHO notes human-to-human transmission mitigation in health-care facilities.,TRUE,Context-dependent human transmission role.
Hemorrhagic fever with renal syndrome (Hantaan virus),Orthohantavirus hantanense,Orthohantavirus hantanense,Apodemus agrarius,39030,reservoir_host,draft_source_backed,high,host_role_evidence:CDC Emerging Infectious Diseases HFRS in US Soldiers South Korea,CDC EID article identifies Apodemus agrarius as Hantaan virus reservoir host.,FALSE,Species-level reservoir assignment.
Hemorrhagic fever with renal syndrome (Hantaan virus),Orthohantavirus hantanense,Orthohantavirus hantanense,Homo sapiens,9606,incidental_host,draft_source_backed,high,host_role_evidence:CDC HFRS Clinician Brief,CDC HFRS guidance supports rodent-associated spillover infection in humans.,FALSE,Human spillover/incidental role.
Argentine hemorrhagic fever,Mammarenavirus juninense,Mammarenavirus juninense,Calomys musculinus,56212,reservoir_host,draft_source_backed,high,host_role_evidence:UKHSA Argentine haemorrhagic fever guidance,UKHSA guidance identifies Calomys rodents as the animal reservoir for Junin virus.,FALSE,Species-level reservoir assignment.
Argentine hemorrhagic fever,Mammarenavirus juninense,Mammarenavirus juninense,Homo sapiens,9606,incidental_host,draft_source_backed,high,host_role_evidence:UKHSA Argentine haemorrhagic fever guidance,UKHSA guidance describes human-to-human transmission as very rare.,FALSE,Human spillover/incidental role.
Influenza (H5N1 avian influenza),Alphainfluenzavirus influenzae (H5N1),Alphainfluenzavirus influenzae (H5N1),wild aquatic birds,wild aquatic birds,reservoir_host_group,draft_source_backed,high,host_role_evidence:CDC Bird Flu Current Situation in Wild Birds,CDC describes wild aquatic birds as natural hosts for bird flu viruses.,TRUE,Group-level assignment only.
Influenza (H5N1 avian influenza),Alphainfluenzavirus influenzae (H5N1),Alphainfluenzavirus influenzae (H5N1),Gallus gallus,9031,amplifying_host,draft_needs_review,medium,host_role_evidence:WHO Influenza avian and other zoonotic fact sheet,WHO describes recurrent A(H5N1) epizootics and extensive poultry infections.,TRUE,Domestic poultry outbreak amplification role.
Influenza (H5N1 avian influenza),Alphainfluenzavirus influenzae (H5N1),Alphainfluenzavirus influenzae (H5N1),Bos taurus,9913,susceptible_host_only,draft_needs_review,medium,host_role_evidence:WHO Influenza avian and other zoonotic fact sheet,WHO reports A(H5N1) outbreaks in dairy cattle and exposed dairy worker infections.,TRUE,Recent cattle host evidence without reservoir assignment.
Influenza (H5N1 avian influenza),Alphainfluenzavirus influenzae (H5N1),Alphainfluenzavirus influenzae (H5N1),Homo sapiens,9606,incidental_host,draft_source_backed,high,host_role_evidence:WHO Influenza avian and other zoonotic fact sheet,WHO states zoonotic influenza human infections are sporadic and no sustained human-to-human transmission is demonstrated.,FALSE,Human spillover/incidental role.
Mpox (Monkeypox),Orthopoxvirus monkeypox,Orthopoxvirus monkeypox,Homo sapiens,9606,amplifying_host,draft_source_backed,high,host_role_evidence:WHO Mpox fact sheet,WHO states mpox spreads person to person mainly through close contact.,FALSE,Human outbreak amplification role.
Rift Valley fever,Phlebovirus riftense,Phlebovirus riftense,Capra hircus,9925,amplifying_host,draft_source_backed,high,host_role_evidence:source_check:candidate_006,Direct review support for goat as part of named amplifying livestock set.,TRUE,"source_check_candidate_id=candidate_006; caveat=Species-level row derived from livestock statement; goat-specific support is explicit but not a controlled species-only study.; decision_reason=Direct review support for goat as part of named amplifying livestock set.; source_access=abstract_only; file_name=linthicum2016.pdf; source_check_method=local_pdf_text; checked_evidence_location=linthicum2016.txt lines 58-60, 600-601"
Rift Valley fever,Phlebovirus riftense,Phlebovirus riftense,Ovis aries,9940,amplifying_host,draft_source_backed,high,host_role_evidence:source_check:candidate_007,Direct review support for sheep as part of named amplifying livestock set.,TRUE,"source_check_candidate_id=candidate_007; caveat=Species-level row derived from livestock statement; sheep-specific support is explicit and strongest among livestock.; decision_reason=Direct review support for sheep as part of named amplifying livestock set.; source_access=abstract_only; file_name=linthicum2016.pdf; source_check_method=local_pdf_text; checked_evidence_location=linthicum2016.txt lines 58-60, 600-601"
Nipah virus disease,Henipavirus nipahense,Henipavirus nipahense,Pteropus hypomelanus,9405,reservoir_host,draft_source_backed,high,host_role_evidence:source_check:candidate_012,Direct live-virus isolation from species-level bat source.,TRUE,"source_check_candidate_id=candidate_012; caveat=Malaysia/Island flying-fox context.; decision_reason=Direct live-virus isolation from species-level bat source.; source_access=abstract_only; file_name=1-s2.0-S1286457901015222-main.pdf; source_check_method=local_pdf_text; checked_evidence_location=1-s2.0-S1286457901015222-main.txt lines 24-32, 68-76, 166-167"
Nipah virus disease,Henipavirus nipahense,Henipavirus nipahense,Pteropus vampyrus,132908,reservoir_host,draft_source_backed,high,host_role_evidence:source_check:candidate_013,Direct species-level natural infection support.,TRUE,"source_check_candidate_id=candidate_013; caveat=Malaysia P. vampyrus context.; decision_reason=Direct species-level natural infection support.; source_access=official_page / abstract_only; file_name=09-1790_finalD.pdf, evidence-for-nipah-virus-recrudescence-and-serological-patterns-of-captive-pteropus-vampyrus.pdf; source_check_method=local_pdf_text; checked_evidence_location=09-1790_finalD.txt lines 28-32, 50-54; evidence-for-nipah-virus-recrudescence...txt lines 449-462, 511-513"
Plague,Yersinia pestis,Yersinia pestis,Cynomys ludovicianus,45480,amplifying_host,draft_source_backed,medium,host_role_evidence:source_check:candidate_020,Direct species-level amplifying-host wording.,TRUE,"source_check_candidate_id=candidate_020; caveat=North American prairie-dog epizootic role; not a universal plague reservoir claim.; decision_reason=Direct species-level amplifying-host wording.; source_access=full_text; file_name=jmedent40-0718.pdf; source_check_method=local_pdf_text; checked_evidence_location=jmedent40-0718.txt lines 18-24, 43-49"
West Nile fever,Orthoflavivirus nilense,Orthoflavivirus nilense,Turdus migratorius,9188,amplifying_host,draft_source_backed,medium,host_role_evidence:source_check:candidate_022,Official named-host amplifier evidence.,TRUE,source_check_candidate_id=candidate_022; caveat=Species name in guideline has OCR typo; map to Turdus migratorius with review note.; decision_reason=Official named-host amplifier evidence.; source_access=report_pdf; file_name=WestNileVirus-SurveillanceControlGuidelines_508-h.pdf; source_check_method=local_pdf_text; checked_evidence_location=WestNileVirus-SurveillanceControlGuidelines_508-h.txt lines 132-134
Rift Valley fever,Phlebovirus riftense,Phlebovirus riftense,Bos taurus,9913,amplifying_host,draft_source_backed,medium,host_role_evidence:source_check:candidate_025,Direct review support for cattle as part of named amplifying livestock set.,TRUE,"source_check_candidate_id=candidate_025; caveat=Cattle are important amplifying livestock but generally less susceptible to clinical disease than sheep/goats.; decision_reason=Direct review support for cattle as part of named amplifying livestock set.; source_access=abstract_only; file_name=linthicum2016.pdf; source_check_method=local_pdf_text; checked_evidence_location=linthicum2016.txt lines 58-60, 600-601, 858-859"
Severe fever with thrombocytopenia syndrome (SFTS),Bandavirus dabieense,Bandavirus dabieense,Erinaceus amurensis,757341,amplifying_host,draft_source_backed,medium,host_role_evidence:source_check:candidate_033,Direct species-level amplifying-host support.,TRUE,"source_check_candidate_id=candidate_033; caveat=China/endemic-area hedgehog evidence; not a global host claim.; decision_reason=Direct species-level amplifying-host support.; source_access=abstract_only; file_name=22-0668.pdf; source_check_method=local_pdf_text; checked_evidence_location=22-0668.txt lines 13-34, 80-87, 165-174"
Tick-borne encephalitis,Orthoflavivirus encephalitidis,Orthoflavivirus encephalitidis,Apodemus flavicollis,54292,reservoir_host,draft_source_backed,medium,host_role_evidence:source_check:candidate_036,Species-level TBEV host support is sufficient for candidate import.,TRUE,"source_check_candidate_id=candidate_036; caveat=Review plus experimental support; reservoir role is shared with broader small rodent community.; decision_reason=Species-level TBEV host support is sufficient for candidate import.; source_access=abstract_only; file_name=viruses-11-00669.pdf, s41598-023-47697-2.pdf; source_check_method=local_pdf_text; checked_evidence_location=viruses-11-00669.txt; s41598-023-47697-2.txt"
Tick-borne encephalitis,Orthoflavivirus encephalitidis,Orthoflavivirus encephalitidis,Myodes glareolus,447135,reservoir_host,draft_source_backed,medium,host_role_evidence:source_check:candidate_037,Species-level TBEV host support is sufficient for candidate import.,TRUE,source_check_candidate_id=candidate_037; caveat=Review-based support; reservoir role is shared with broader small rodent community.; decision_reason=Species-level TBEV host support is sufficient for candidate import.; source_access=abstract_only; file_name=viruses-11-00669.pdf; source_check_method=local_pdf_text; checked_evidence_location=viruses-11-00669.txt
Ebola virus disease,Orthoebolavirus zairense,Orthoebolavirus zairense,Gorilla gorilla,9593,spillover_host,draft_source_backed,medium,host_role_evidence:source_check:candidate_040,Direct wildlife source/species evidence with non-reservoir caveat.,TRUE,"source_check_candidate_id=candidate_040; caveat=Great apes are spillover/source animals in documented chains, not reservoir hosts.; decision_reason=Direct wildlife source/species evidence with non-reservoir caveat.; source_access=full_text / abstract_only; file_name=document_ebola1.pdf; source_check_method=local_pdf_text; checked_evidence_location=document_ebola1.txt lines 8-20, 30-36"
Ebola virus disease,Orthoebolavirus zairense,Orthoebolavirus zairense,Pan troglodytes,9598,spillover_host,draft_source_backed,medium,host_role_evidence:source_check:candidate_041,Direct wildlife source/species evidence with non-reservoir caveat.,TRUE,"source_check_candidate_id=candidate_041; caveat=Great apes are spillover/source animals in documented chains, not reservoir hosts.; decision_reason=Direct wildlife source/species evidence with non-reservoir caveat.; source_access=full_text / abstract_only; file_name=document_ebola1.pdf; source_check_method=local_pdf_text; checked_evidence_location=document_ebola1.txt lines 8-20, 30-36"
Marburg virus disease,Orthomarburgvirus marburgense,Orthomarburgvirus marburgense,Chlorocebus aethiops,9534,incidental_host,draft_source_backed,medium,host_role_evidence:source_check:candidate_042,Official historical source-animal support.,TRUE,"source_check_candidate_id=candidate_042; caveat=Historical/laboratory-associated source-animal role; not reservoir evidence.; decision_reason=Official historical source-animal support.; source_access=official_page; source_check_method=official_web; checked_evidence_location=WHO Marburg fact sheet lines 224-226, 259-264"
Nipah virus disease,Henipavirus nipahense,Henipavirus nipahense,Pteropus lylei,166054,reservoir_host,draft_source_backed,medium,host_role_evidence:source_check:candidate_043,Reasonable species-level reservoir support.,TRUE,"source_check_candidate_id=candidate_043; caveat=Cambodia/Thailand species-level support; add alongside existing Pteropus spp. group with caveat.; decision_reason=Reasonable species-level reservoir support.; source_access=abstract_only; file_name=19-1284.pdf, 10.5372_1905-7415.0706.244.pdf; source_check_method=local_pdf_text; checked_evidence_location=19-1284.txt; 10.5372_1905-7415.0706.244.txt lines 18-20, 256-258"
Nipah virus disease,Henipavirus nipahense,Henipavirus nipahense,Pteropus medius,143291,reservoir_host,draft_source_backed,medium,host_role_evidence:source_check:candidate_044,Reasonable species-level reservoir support.,TRUE,"source_check_candidate_id=candidate_044; caveat=India/Kerala species-level evidence; add alongside existing Pteropus spp. group with caveat.; decision_reason=Reasonable species-level reservoir support.; source_access=full_text / abstract_only; file_name=18-1076-1.pdf, 12879_2021_Article_5865.pdf; source_check_method=local_pdf_text; checked_evidence_location=18-1076-1.txt; 12879_2021_Article_5865.txt"
Lassa fever,Mammarenavirus lassaense,Mammarenavirus lassaense,Hylomyscus pamfi,913014,reservoir_host,draft_source_backed,medium,host_role_evidence:source_check:candidate_047,Direct species-level reservoir support.,TRUE,"source_check_candidate_id=candidate_047; caveat=Newer/additional reservoir species; region-specific and less canonical than M. natalensis.; decision_reason=Direct species-level reservoir support.; source_access=full_text; file_name=srep25280.pdf, viruses-12-00312.pdf; source_check_method=local_pdf_text; checked_evidence_location=srep25280.txt lines 13-20, 183-190, 203-207; viruses-12-00312.txt lines 475-478"
Lassa fever,Mammarenavirus lassaense,Mammarenavirus lassaense,Mastomys erythroleucus,41268,reservoir_host,draft_source_backed,medium,host_role_evidence:source_check:candidate_048,Direct species-level reservoir support.,TRUE,"source_check_candidate_id=candidate_048; caveat=Additional reservoir species; region-specific and less canonical than M. natalensis.; decision_reason=Direct species-level reservoir support.; source_access=full_text; file_name=srep25280.pdf, viruses-12-00312.pdf; source_check_method=local_pdf_text; checked_evidence_location=srep25280.txt lines 13-20, 107-118, 183-190, 203-207; viruses-12-00312.txt lines 475-478"
Influenza (H5N1 avian influenza),Alphainfluenzavirus influenzae (H5N1),Alphainfluenzavirus influenzae (H5N1),Felis catus,9685,susceptible_host_only,draft_source_backed,medium,host_role_evidence:source_check:candidate_050,Direct susceptible-host support.,TRUE,"source_check_candidate_id=candidate_050; caveat=Susceptible host evidence only; role in broader epidemiology remains uncertain.; decision_reason=Direct susceptible-host support.; source_access=abstract_only; file_name=mostafa-et-al-2024-avian-influenza-a-(h5n1)-virus-in-dairy-cattle-origin-evolution-and-cross-species-transmission.pdf, marschall-hartmann-2008-avian-influenza-a-h5n1-infections-in-cats.pdf; source_check_method=local_pdf_text; checked_evidence_location=marschall-hartmann-2008...txt lines 11-22, 31-38, 90-118"
Mpox (Monkeypox),Orthopoxvirus monkeypox,Orthopoxvirus monkeypox,Cercocebus atys,9531,spillover_host,draft_source_backed,medium,host_role_evidence:source_check:candidate_051,Accept as caveated spillover host.,TRUE,"source_check_candidate_id=candidate_051; caveat=Single-chain/specific-event evidence; not reservoir evidence.; decision_reason=Accept as caveated spillover host.; source_access=full_text; file_name=ofae503.pdf, s41586-025-10086-y.pdf; source_check_method=local_pdf_text; checked_evidence_location=s41586-025-10086-y.txt; ofae503.txt"
Mpox (Monkeypox),Orthopoxvirus monkeypox,Orthopoxvirus monkeypox,Cynomys ludovicianus,45480,amplifying_host,draft_source_backed,medium,host_role_evidence:source_check:candidate_052,Direct outbreak and experimental transmission support.,TRUE,"source_check_candidate_id=candidate_052; caveat=Prairie dogs were outbreak amplification/transmission hosts in 2003 US context; not natural reservoir evidence.; decision_reason=Direct outbreak and experimental transmission support.; source_access=report_pdf | abstract_only | full_text; file_name=cdc_132180_DS1.pdf, 10.1056/NEJMoa032299, 07-0175_finalR.pdf, mpox_dog.pdf; source_check_method=local_pdf_text; checked_evidence_location=cdc_132180_DS1.txt lines 29-43; NEJMoa032299.txt lines 44-57, 240-264; mpox_dog.txt lines 395-398, 430-432"
