analysis_unit_id,readiness_disease_name,disease_name,species_name,tax_id,vector_group,vector_taxon_rank,vector_join_key,has_disease_vector_evidence,has_host_vector_evidence,has_competence_evidence,best_evidence_level,best_evidence_basis,vector_record_sources,bites_humans,bites_humans_basis,vector_competence_status,transmission_demonstrated,natural_infection_reported,vector_role_hint,uncertainty_reason,taxonomy_caution
master_17,Plague,Plague,aetheca wagneri,,flea,species,aetheca wagneri,TRUE,FALSE,TRUE,confirmed,review,lit_review,,,competent,yes,,,,FALSE
master_17,Plague,Plague,citellophilus tesquorum,,flea,species,citellophilus tesquorum,TRUE,FALSE,TRUE,probable,review,lit_review,,,mixed,,,,temperature_dependent,FALSE
master_17,Plague,Plague,citellophilus tesquorum altaicus,,flea,infraspecific,citellophilus tesquorum altaicus,TRUE,FALSE,TRUE,confirmed,review,lit_review,,,mixed,yes,yes,,,FALSE
master_17,Plague,Plague,ctenocephalides felis,,flea,species,ctenocephalides felis,TRUE,TRUE,TRUE,confirmed,review,lit_review,TRUE,on_host_occurrence,mixed,mixed,yes,,,TRUE
master_17,Plague,Plague,echidnophaga gallinaceus,,flea,species,echidnophaga gallinaceus,TRUE,FALSE,TRUE,confirmed,review,lit_review,,,competent,yes,,,,FALSE
master_17,Plague,Plague,epitedia eumolpi,,flea,species,epitedia eumolpi,TRUE,FALSE,TRUE,confirmed,review,lit_review,,,competent,yes,,,,FALSE
master_17,Plague,Plague,epitedia wenmanni,,flea,species,epitedia wenmanni,TRUE,FALSE,TRUE,confirmed,review,lit_review,,,competent,yes,,,,FALSE
master_17,Plague,Plague,hoplopsyllus anomalus,,flea,species,hoplopsyllus anomalus,TRUE,FALSE,TRUE,confirmed,review,lit_review,,,competent,yes,,,,FALSE
master_17,Plague,Plague,hystrichopsylla linsdalei,,flea,species,hystrichopsylla linsdalei,TRUE,FALSE,TRUE,confirmed,review,lit_review,,,competent,yes,,,,FALSE
master_17,Plague,Plague,malaraeus telchinum,,flea,species,malaraeus telchinum,TRUE,FALSE,TRUE,confirmed,review,lit_review,,,mixed,yes,,,,FALSE
master_17,Plague,Plague,megabothris abantis,,flea,species,megabothris abantis,TRUE,TRUE,TRUE,confirmed,review,lit_review,FALSE,,competent,yes,,,,FALSE
master_17,Plague,Plague,neopsylla setosa,,flea,species,neopsylla setosa,TRUE,FALSE,TRUE,probable,review,lit_review,,,unclear,,,,limited_or_indirect_support,FALSE
master_17,Plague,Plague,nosopsyllus fasciatus,,flea,species,nosopsyllus fasciatus,TRUE,FALSE,TRUE,confirmed,review,lit_review,,,competent,yes,,,,FALSE
master_17,Plague,Plague,opisodasys nesiotis,,flea,species,opisodasys nesiotis,TRUE,FALSE,TRUE,confirmed,review,lit_review,,,competent,yes,,,spelling_or_ocr_issue,FALSE
master_17,Plague,Plague,orchopeas sexdentatus,,flea,species,orchopeas sexdentatus,TRUE,FALSE,TRUE,confirmed,review,lit_review,,,competent,yes,,,,FALSE
master_17,Plague,Plague,oropsylla bruneri,,flea,species,oropsylla bruneri,TRUE,TRUE,TRUE,confirmed,review,lit_review,TRUE,on_host_occurrence,competent,yes,,,,FALSE
master_17,Plague,Plague,oropsylla hirsuta,,flea,species,oropsylla hirsuta,TRUE,TRUE,TRUE,confirmed,review,lit_review,FALSE,,mixed,yes,,,low_competence_or_efficiency,FALSE
master_17,Plague,Plague,oropsylla idahoensis,,flea,species,oropsylla idahoensis,TRUE,FALSE,TRUE,confirmed,review,lit_review,,,mixed,yes,,,,FALSE
master_17,Plague,Plague,oropsylla labis,,flea,species,oropsylla labis,TRUE,FALSE,TRUE,confirmed,review,lit_review,,,competent,yes,,,,FALSE
master_17,Plague,Plague,oropsylla montana,,flea,species,oropsylla montana,TRUE,TRUE,TRUE,confirmed,review,lit_review,FALSE,,mixed,yes,,,,FALSE
master_17,Plague,Plague,oropsylla rupestris,,flea,species,oropsylla rupestris,TRUE,FALSE,TRUE,confirmed,review,lit_review,FALSE,,competent,yes,,,,FALSE
master_17,Plague,Plague,oropsylla tuberculata,,flea,species,oropsylla tuberculata,TRUE,TRUE,TRUE,confirmed,review,lit_review,FALSE,,competent,yes,,,,TRUE
master_17,Plague,Plague,oropsylla tuberculata cynomuris,,flea,infraspecific,oropsylla tuberculata cynomuris,TRUE,FALSE,TRUE,confirmed,review,lit_review,,,mixed,yes,,,,FALSE
master_17,Plague,Plague,paradoxopsyllus curvispinus,,flea,species,paradoxopsyllus curvispinus,TRUE,FALSE,TRUE,weak,review,lit_review,,,unclear,,yes,,mixed_or_debated_evidence,FALSE
master_17,Plague,Plague,paradoxopsyllus custodis,,flea,species,paradoxopsyllus custodis,TRUE,FALSE,TRUE,candidate,review,lit_review,,,unclear,,yes,epizootic_vector,,FALSE
master_17,Plague,Plague,paradoxopsyllus dashidorzhii,,flea,species,paradoxopsyllus dashidorzhii,TRUE,FALSE,TRUE,confirmed,review,lit_review,,,mixed,mixed,yes,primary_vector,no_transmission_demonstrated,FALSE
master_17,Plague,Plague,paradoxopsyllus hesperius kalabukhovi,,flea,infraspecific,paradoxopsyllus hesperius kalabukhovi,TRUE,FALSE,TRUE,confirmed,review,lit_review,,,unclear,,yes,secondary_vector,field_detection_only,FALSE
master_17,Plague,Plague,paradoxopsyllus repandus,,flea,species,paradoxopsyllus repandus,TRUE,FALSE,TRUE,confirmed,review,lit_review,,,mixed,yes,yes,,temperature_dependent,FALSE
master_17,Plague,Plague,paradoxopsyllus scorodumovi,,flea,species,paradoxopsyllus scorodumovi,TRUE,FALSE,TRUE,confirmed,review,lit_review,,,mixed,mixed,yes,primary_vector,,FALSE
master_17,Plague,Plague,paradoxopsyllus teretifrons,,flea,species,paradoxopsyllus teretifrons,TRUE,FALSE,TRUE,confirmed,review,lit_review,,,mixed,yes,yes,,,FALSE
master_17,Plague,Plague,pleochaetis exilis,,flea,species,pleochaetis exilis,TRUE,FALSE,TRUE,confirmed,review,lit_review,,,competent,yes,,,,FALSE
master_17,Plague,Plague,polygenis bohlsi bohlsi,,flea,infraspecific,polygenis bohlsi bohlsi,TRUE,FALSE,TRUE,candidate,review,lit_review,,,unclear,,yes,,,FALSE
master_17,Plague,Plague,polygenis bohlsi jordani,,flea,infraspecific,polygenis bohlsi jordani,TRUE,FALSE,TRUE,confirmed,review,lit_review,,,competent,yes,yes,,,FALSE
master_17,Plague,Plague,polygenis gwyni,,flea,species,polygenis gwyni,TRUE,TRUE,TRUE,confirmed,review,lit_review,FALSE,,competent,yes,,,,FALSE
master_17,Plague,Plague,polygenis tripus,,flea,species,polygenis tripus,TRUE,TRUE,TRUE,confirmed,review,lit_review,FALSE,,mixed,yes,yes,,limited_or_indirect_support,FALSE
master_17,Plague,Plague,pulex irritans,,flea,species,pulex irritans,TRUE,TRUE,TRUE,confirmed,review,lit_review,FALSE,,mixed,yes,yes,,low_competence_or_efficiency,FALSE
master_17,Plague,Plague,rhadinopsylla daurica,,flea,species,rhadinopsylla daurica,TRUE,FALSE,TRUE,probable,review,lit_review,,,mixed,yes,,,,FALSE
master_17,Plague,Plague,rhadinopsylla rothschildi,,flea,species,rhadinopsylla rothschildi,TRUE,FALSE,TRUE,probable,review,lit_review,,,mixed,yes,,,,FALSE
master_17,Plague,Plague,thrassis acamantis,,flea,species,thrassis acamantis,TRUE,FALSE,TRUE,confirmed,review,lit_review,,,competent,yes,,,,FALSE
master_17,Plague,Plague,thrassis arizonensis,,flea,species,thrassis arizonensis,TRUE,FALSE,TRUE,confirmed,review,lit_review,,,competent,yes,,,,FALSE
master_17,Plague,Plague,thrassis bacchi,,flea,species,thrassis bacchi,TRUE,TRUE,TRUE,confirmed,review,lit_review,FALSE,,competent,yes,,,,TRUE
master_17,Plague,Plague,thrassis fotus,,flea,species,thrassis fotus,TRUE,FALSE,TRUE,confirmed,review,lit_review,,,competent,yes,,,,FALSE
master_17,Plague,Plague,thrassis francisi,,flea,species,thrassis francisi,TRUE,FALSE,TRUE,confirmed,review,lit_review,,,competent,yes,,,,FALSE
master_17,Plague,Plague,thrassis pandorae,,flea,species,thrassis pandorae,TRUE,FALSE,TRUE,confirmed,review,lit_review,,,competent,yes,,,,FALSE
master_17,Plague,Plague,xenopsylla astia,,flea,species,xenopsylla astia,TRUE,FALSE,TRUE,probable,review,lit_review,,,mixed,yes,,,,FALSE
master_17,Plague,Plague,xenopsylla brasiliensis,,flea,species,xenopsylla brasiliensis,TRUE,FALSE,TRUE,candidate,review,lit_review,,,unclear,,,,,FALSE
master_17,Plague,Plague,xenopsylla cheopis,,flea,species,xenopsylla cheopis,TRUE,TRUE,TRUE,confirmed,review,lit_review,FALSE,,competent,yes,yes,primary_vector,,FALSE
master_2,Dengue,Dengue,aedes aegypti,,mosquito,species,aedes aegypti,TRUE,TRUE,TRUE,confirmed,review,lit_review,TRUE,blood_meal,mixed,mixed,yes,primary_vector|urban_vector,temperature_dependent,FALSE
master_2,Dengue,Dengue,aedes albopictus,,mosquito,species,aedes albopictus,TRUE,TRUE,TRUE,confirmed,review,lit_review,TRUE,blood_meal,mixed,mixed,yes,primary_vector|secondary_vector,temperature_dependent,FALSE
master_2,Dengue,Dengue,aedes cretinus,,mosquito,species,aedes cretinus,TRUE,FALSE,TRUE,candidate,review,lit_review,,,unclear,,,,,FALSE
master_2,Dengue,Dengue,aedes furcifer,,mosquito,species,aedes furcifer,TRUE,FALSE,TRUE,confirmed,review,lit_review,,,mixed,,,primary_vector,,FALSE
master_2,Dengue,Dengue,aedes hensilli,,mosquito,species,aedes hensilli,TRUE,FALSE,FALSE,weak,field+lab,lit_review,,,,,,,,FALSE
master_2,Dengue,Dengue,aedes japonicus,,mosquito,species,aedes japonicus,TRUE,TRUE,TRUE,candidate,review,lit_review,TRUE,blood_meal,competent,,,,,FALSE
master_2,Dengue,Dengue,aedes luteocephalus,,mosquito,species,aedes luteocephalus,TRUE,FALSE,TRUE,confirmed,review,lit_review,,,mixed,,,primary_vector,,FALSE
master_2,Dengue,Dengue,aedes malayensis,,mosquito,species,aedes malayensis,TRUE,FALSE,TRUE,confirmed,review,lit_review,,,competent,,,candidate_vector,,FALSE
master_2,Dengue,Dengue,aedes mediovittatus,,mosquito,species,aedes mediovittatus,TRUE,FALSE,TRUE,probable,lab,lit_review,FALSE,,mixed,yes,,candidate_vector,,FALSE
master_2,Dengue,Dengue,aedes niveus,,mosquito,species,aedes niveus,TRUE,FALSE,TRUE,probable,review,lit_review,,,unclear,,,secondary_vector,,FALSE
master_2,Dengue,Dengue,aedes polynesiensis,,mosquito,species,aedes polynesiensis,TRUE,FALSE,TRUE,confirmed,review,lit_review,,,competent,yes,,primary_vector|secondary_vector,,FALSE
master_2,Dengue,Dengue,aedes pseudoscutellaris,,mosquito,species,aedes pseudoscutellaris,TRUE,FALSE,TRUE,candidate,review,lit_review,,,unclear,,,,,FALSE
master_2,Dengue,Dengue,aedes scutellaris,,mosquito,species,aedes scutellaris,TRUE,FALSE,TRUE,candidate,review,lit_review,,,unclear,,,candidate_vector,,FALSE
master_2,Dengue,Dengue,aedes taylori,,mosquito,species,aedes taylori,TRUE,TRUE,TRUE,confirmed,review,lit_review,TRUE,blood_meal,mixed,,,primary_vector,,FALSE
master_2,Dengue,Dengue,aedes vittatus,,mosquito,species,aedes vittatus,TRUE,TRUE,TRUE,confirmed,review,lit_review,TRUE,blood_meal,mixed,,,primary_vector,,FALSE
master_2,Dengue,Dengue,culex quinquefasciatus,,mosquito,species,culex quinquefasciatus,TRUE,TRUE,TRUE,weak,review,lit_review,TRUE,blood_meal,not_competent,,yes,,,FALSE
master_23,Tick-borne encephalitis,Tick-borne encephalitis,dermacentor marginatus,,tick,species,dermacentor marginatus,TRUE,TRUE,TRUE,confirmed,review,lit_review,TRUE,on_host_occurrence,competent,yes,yes,,,FALSE
master_23,Tick-borne encephalitis,Tick-borne encephalitis,dermacentor reticulatus,,tick,species,dermacentor reticulatus,TRUE,FALSE,TRUE,confirmed,review,lit_review,FALSE,,competent,yes,yes,,limited_or_indirect_support,FALSE
master_23,Tick-borne encephalitis,Tick-borne encephalitis,haemaphysalis concinna,,tick,species,haemaphysalis concinna,TRUE,TRUE,TRUE,confirmed,review,lit_review,TRUE,on_host_occurrence,competent,yes,yes,primary_vector,,FALSE
master_23,Tick-borne encephalitis,Tick-borne encephalitis,haemaphysalis inermis,,tick,species,haemaphysalis inermis,TRUE,FALSE,TRUE,probable,review,lit_review,,,competent,yes,,,,FALSE
master_23,Tick-borne encephalitis,Tick-borne encephalitis,haemaphysalis punctata,,tick,species,haemaphysalis punctata,TRUE,TRUE,TRUE,confirmed,review,lit_review,TRUE,on_host_occurrence,competent,yes,yes,,spelling_or_ocr_issue,FALSE
master_23,Tick-borne encephalitis,Tick-borne encephalitis,ixodes arboricola,,tick,species,ixodes arboricola,TRUE,FALSE,TRUE,confirmed,review,lit_review,,,competent,yes,yes,,,FALSE
master_23,Tick-borne encephalitis,Tick-borne encephalitis,ixodes gibbosus,,tick,species,ixodes gibbosus,TRUE,FALSE,TRUE,weak,review,lit_review,,,unclear,,,,,FALSE
master_23,Tick-borne encephalitis,Tick-borne encephalitis,ixodes hexagonus,,tick,species,ixodes hexagonus,TRUE,TRUE,TRUE,confirmed,review,lit_review,TRUE,on_host_occurrence,competent,yes,yes,,,FALSE
master_23,Tick-borne encephalitis,Tick-borne encephalitis,ixodes persulcatus,,tick,species,ixodes persulcatus,TRUE,FALSE,TRUE,confirmed,review,lit_review,,,competent,yes,yes,primary_vector,,FALSE
master_23,Tick-borne encephalitis,Tick-borne encephalitis,ixodes ricinus,,tick,species,ixodes ricinus,TRUE,TRUE,TRUE,confirmed,field+lab,lit_review,TRUE,on_host_occurrence,competent,yes,yes,primary_vector,field_detection_only|strain_dependent,FALSE
master_23,Tick-borne encephalitis,Tick-borne encephalitis,ixodes scapularis,,tick,species,ixodes scapularis,TRUE,TRUE,TRUE,weak,lab,lit_review,TRUE,on_host_occurrence,unclear,yes,,,,FALSE
master_3,Zika virus disease,Zika virus disease,aedes aegypti,,mosquito,species,aedes aegypti,TRUE,TRUE,TRUE,confirmed,review,lit_review,TRUE,blood_meal,mixed,mixed,yes,primary_vector|urban_vector,temperature_dependent,FALSE
master_3,Zika virus disease,Zika virus disease,aedes africanus,,mosquito,species,aedes africanus,TRUE,TRUE,TRUE,probable,review,lit_review,TRUE,blood_meal,unclear,,yes,,field_detection_only,FALSE
master_3,Zika virus disease,Zika virus disease,aedes albopictus,,mosquito,species,aedes albopictus,TRUE,TRUE,TRUE,confirmed,review,lit_review,TRUE,blood_meal,mixed,mixed,yes,primary_vector|secondary_vector,mixed_or_debated_evidence|temperature_dependent,FALSE
master_3,Zika virus disease,Zika virus disease,aedes apicoargenteus,,mosquito,species,aedes apicoargenteus,TRUE,TRUE,TRUE,candidate,review,lit_review,TRUE,blood_meal,unclear,,yes,,,FALSE
master_3,Zika virus disease,Zika virus disease,aedes bromeliae,,mosquito,species,aedes bromeliae,TRUE,FALSE,FALSE,candidate,review,lit_review,,,,,,,,FALSE
master_3,Zika virus disease,Zika virus disease,aedes camptorhynchus,,mosquito,species,aedes camptorhynchus,TRUE,TRUE,TRUE,probable,review,lit_review,TRUE,blood_meal,mixed,yes,,,,FALSE
master_3,Zika virus disease,Zika virus disease,aedes dalzieli,,mosquito,species,aedes dalzieli,TRUE,FALSE,FALSE,probable,review,lit_review,,,,,,,,FALSE
master_3,Zika virus disease,Zika virus disease,aedes detritus,,mosquito,species,aedes detritus,TRUE,TRUE,TRUE,probable,review,lit_review,TRUE,blood_meal,mixed,yes,,,temperature_dependent,FALSE
master_3,Zika virus disease,Zika virus disease,aedes flavicollis,,mosquito,species,aedes flavicollis,TRUE,FALSE,FALSE,candidate; weak,review,lit_review,,,,,,,,FALSE
master_3,Zika virus disease,Zika virus disease,aedes fowleri,,mosquito,species,aedes fowleri,TRUE,FALSE,FALSE,candidate,review,lit_review,,,,,,,,FALSE
master_3,Zika virus disease,Zika virus disease,aedes furcifer,,mosquito,species,aedes furcifer,TRUE,FALSE,TRUE,confirmed,review,lit_review,,,competent,yes,,,,FALSE
master_3,Zika virus disease,Zika virus disease,aedes grahamii,,mosquito,species,aedes grahamii,TRUE,FALSE,FALSE,weak,review,lit_review,,,,,,,,FALSE
master_3,Zika virus disease,Zika virus disease,aedes hensilli,,mosquito,species,aedes hensilli,TRUE,FALSE,TRUE,confirmed,review,lit_review,,,mixed,mixed,mixed,,field_detection_only|no_transmission_demonstrated,FALSE
master_3,Zika virus disease,Zika virus disease,aedes hirsutus,,mosquito,species,aedes hirsutus,TRUE,TRUE,FALSE,candidate,review,lit_review,TRUE,blood_meal,,,,,,FALSE
master_3,Zika virus disease,Zika virus disease,aedes jamoti,,mosquito,species,aedes jamoti,TRUE,FALSE,FALSE,weak,review,lit_review,,,,,,,,FALSE
master_3,Zika virus disease,Zika virus disease,aedes japonicus,,mosquito,species,aedes japonicus,TRUE,TRUE,TRUE,probable,review,lit_review,TRUE,blood_meal,mixed,yes,,,temperature_dependent,FALSE
master_3,Zika virus disease,Zika virus disease,aedes luteocephalus,,mosquito,species,aedes luteocephalus,TRUE,FALSE,TRUE,confirmed,review,lit_review,,,competent,yes,yes,,,FALSE
master_3,Zika virus disease,Zika virus disease,aedes metallicus,,mosquito,species,aedes metallicus,TRUE,FALSE,FALSE,candidate,review,lit_review,FALSE,,,,,,,FALSE
master_3,Zika virus disease,Zika virus disease,aedes minutus,,mosquito,species,aedes minutus,TRUE,FALSE,FALSE,candidate,review,lit_review,,,,,,,,FALSE
master_3,Zika virus disease,Zika virus disease,aedes neoafricanus,,mosquito,species,aedes neoafricanus,TRUE,FALSE,FALSE,candidate,review,lit_review,,,,,,,,FALSE
master_3,Zika virus disease,Zika virus disease,aedes notoscriptus,,mosquito,species,aedes notoscriptus,TRUE,TRUE,TRUE,probable,review,lit_review,TRUE,blood_meal,mixed,mixed,,,mixed_or_debated_evidence,FALSE
master_3,Zika virus disease,Zika virus disease,aedes occidentalis,,mosquito,species,aedes occidentalis,TRUE,FALSE,FALSE,candidate,review,lit_review,,,,,,,,FALSE
master_3,Zika virus disease,Zika virus disease,aedes opok,,mosquito,species,aedes opok,TRUE,FALSE,FALSE,candidate,review,lit_review,,,,,,,,FALSE
master_3,Zika virus disease,Zika virus disease,aedes polynesiensis,,mosquito,species,aedes polynesiensis,TRUE,FALSE,TRUE,candidate,review,lit_review,,,mixed,mixed,yes,,low_competence_or_efficiency|no_transmission_demonstrated,FALSE
master_3,Zika virus disease,Zika virus disease,aedes scapularis,,mosquito,species,aedes scapularis,TRUE,TRUE,FALSE,candidate,review,lit_review,TRUE,blood_meal,,,,,,FALSE
master_3,Zika virus disease,Zika virus disease,aedes scutellaris,,mosquito,species,aedes scutellaris,TRUE,FALSE,FALSE,candidate,review,lit_review,,,,,,,,FALSE
master_3,Zika virus disease,Zika virus disease,aedes serratus,,mosquito,species,aedes serratus,TRUE,TRUE,FALSE,candidate,review,lit_review,TRUE,blood_meal,,,,,,FALSE
master_3,Zika virus disease,Zika virus disease,aedes taeniarostris,,mosquito,species,aedes taeniarostris,TRUE,FALSE,FALSE,weak,review,lit_review,,,,,,,,FALSE
master_3,Zika virus disease,Zika virus disease,aedes taylori,,mosquito,species,aedes taylori,TRUE,TRUE,TRUE,confirmed,review,lit_review,TRUE,blood_meal,competent,yes,,,,FALSE
master_3,Zika virus disease,Zika virus disease,aedes triseriatus,,mosquito,species,aedes triseriatus,TRUE,TRUE,FALSE,weak,review,lit_review,TRUE,blood_meal,,,,,,FALSE
master_3,Zika virus disease,Zika virus disease,aedes unilineatus,,mosquito,species,aedes unilineatus,TRUE,FALSE,FALSE,weak,review,lit_review,,,,,,,,FALSE
master_3,Zika virus disease,Zika virus disease,aedes vexans,,mosquito,species,aedes vexans,TRUE,TRUE,TRUE,probable,review,lit_review,TRUE,blood_meal,mixed,mixed,yes,,temperature_dependent,FALSE
master_3,Zika virus disease,Zika virus disease,aedes vigilax,,mosquito,species,aedes vigilax,TRUE,TRUE,FALSE,candidate,review,lit_review,TRUE,blood_meal,,,,,,FALSE
master_3,Zika virus disease,Zika virus disease,aedes vittatus,,mosquito,species,aedes vittatus,TRUE,TRUE,TRUE,confirmed,review,lit_review,TRUE,blood_meal,competent,yes,yes,,,FALSE
master_3,Zika virus disease,Zika virus disease,anopheles coustani,,mosquito,species,anopheles coustani,TRUE,TRUE,FALSE,candidate,review,lit_review,TRUE,blood_meal,,,,,,FALSE
master_3,Zika virus disease,Zika virus disease,anopheles freeborni,,mosquito,species,anopheles freeborni,TRUE,TRUE,TRUE,weak,lab,lit_review,TRUE,blood_meal,not_competent,no,,,no_infection_detected,FALSE
master_3,Zika virus disease,Zika virus disease,anopheles gambiae,,mosquito,species,anopheles gambiae,TRUE,TRUE,FALSE,weak,review,lit_review,TRUE,blood_meal,,,,,,FALSE
master_3,Zika virus disease,Zika virus disease,anopheles gambiae s l,,mosquito,sensu_lato,anopheles gambiae s l,TRUE,FALSE,TRUE,weak,review,lit_review,,,unclear,,yes,,,FALSE
master_3,Zika virus disease,Zika virus disease,anopheles quadrimaculatus,,mosquito,species,anopheles quadrimaculatus,TRUE,TRUE,TRUE,weak,lab,lit_review,TRUE,blood_meal,not_competent,no,,,no_infection_detected,FALSE
master_3,Zika virus disease,Zika virus disease,culex annulirostris,,mosquito,species,culex annulirostris,TRUE,TRUE,FALSE,candidate,review,lit_review,TRUE,blood_meal,,,,,,FALSE
master_3,Zika virus disease,Zika virus disease,culex coronator,,mosquito,species,culex coronator,TRUE,TRUE,TRUE,weak,review,lit_review,TRUE,blood_meal,unclear,,yes,,field_detection_only,FALSE
master_3,Zika virus disease,Zika virus disease,culex neavei,,mosquito,species,culex neavei,TRUE,TRUE,FALSE,candidate,review,lit_review,TRUE,blood_meal,,,,,,FALSE
master_3,Zika virus disease,Zika virus disease,culex perfuscus,,mosquito,species,culex perfuscus,TRUE,FALSE,FALSE,candidate,review,lit_review,,,,,,,,FALSE
master_3,Zika virus disease,Zika virus disease,culex pipiens,,mosquito,species,culex pipiens,TRUE,TRUE,TRUE,candidate,review,lit_review,TRUE,blood_meal,not_competent,no,no,,limited_or_indirect_support|population_dependent|predicted_only|temperature_dependent,FALSE
master_3,Zika virus disease,Zika virus disease,culex pipiens biotype molestus,,mosquito,infraspecific,culex pipiens biotype molestus,TRUE,FALSE,TRUE,weak,review,lit_review,,,not_competent,no,,,temperature_dependent,FALSE
master_3,Zika virus disease,Zika virus disease,culex pipiens biotype pipiens,,mosquito,infraspecific,culex pipiens biotype pipiens,TRUE,FALSE,TRUE,weak,review,lit_review,,,not_competent,no,,,temperature_dependent,FALSE
master_3,Zika virus disease,Zika virus disease,culex pipiens molestus,,mosquito,infraspecific,culex pipiens molestus,TRUE,TRUE,FALSE,candidate,review,lit_review,TRUE,blood_meal,,,,,,TRUE
master_3,Zika virus disease,Zika virus disease,culex quinquefasciatus,,mosquito,species,culex quinquefasciatus,TRUE,TRUE,TRUE,candidate,review,lit_review,TRUE,blood_meal,mixed,mixed,mixed,,limited_or_indirect_support|mixed_or_debated_evidence|population_dependent|predicted_only,FALSE
master_3,Zika virus disease,Zika virus disease,culex rubinotus,,mosquito,species,culex rubinotus,TRUE,FALSE,FALSE,candidate,review,lit_review,,,,,,,,FALSE
master_3,Zika virus disease,Zika virus disease,culex tarsalis,,mosquito,species,culex tarsalis,TRUE,TRUE,TRUE,candidate,review,lit_review,TRUE,blood_meal,not_competent,no,yes,,field_detection_only|no_infection_detected,FALSE
master_3,Zika virus disease,Zika virus disease,culex torrentium,,mosquito,species,culex torrentium,TRUE,FALSE,TRUE,weak,review,lit_review,,,not_competent,no,,,temperature_dependent,FALSE
master_3,Zika virus disease,Zika virus disease,eretmapodites inornatus,,mosquito,species,eretmapodites inornatus,TRUE,FALSE,FALSE,weak,review,lit_review,,,,,,,,FALSE
master_3,Zika virus disease,Zika virus disease,eretmapodites quinquevittatus,,mosquito,species,eretmapodites quinquevittatus,TRUE,FALSE,FALSE,weak,review,lit_review,,,,,,,,FALSE
master_3,Zika virus disease,Zika virus disease,mansonia uniformis,,mosquito,infraspecific,mansonia uniformis,TRUE,TRUE,FALSE,candidate,review,lit_review,TRUE,blood_meal,,,,,,TRUE
master_3,Zika virus disease,Zika virus disease,psorophora ferox,,mosquito,species,psorophora ferox,TRUE,TRUE,TRUE,candidate,review,lit_review,TRUE,blood_meal,unclear,,no,,limited_or_indirect_support|predicted_only,FALSE
master_3,Zika virus disease,Zika virus disease,runchomyia frontosa,,mosquito,species,runchomyia frontosa,TRUE,FALSE,TRUE,candidate,review,lit_review,,,unclear,,no,,limited_or_indirect_support|predicted_only,FALSE
master_4,Chikungunya fever,Chikungunya fever,aedes aegypti,,mosquito,species,aedes aegypti,TRUE,TRUE,TRUE,confirmed,review,lit_review,TRUE,blood_meal,competent,yes,,,,FALSE
master_4,Chikungunya fever,Chikungunya fever,aedes africanus,,mosquito,species,aedes africanus,TRUE,TRUE,FALSE,probable,review,lit_review,TRUE,blood_meal,,,,,,FALSE
master_4,Chikungunya fever,Chikungunya fever,aedes albopictus,,mosquito,species,aedes albopictus,TRUE,TRUE,TRUE,confirmed,review,lit_review,TRUE,blood_meal,competent,yes,,,,FALSE
master_4,Chikungunya fever,Chikungunya fever,aedes fulgens,,mosquito,species,aedes fulgens,TRUE,FALSE,TRUE,candidate,review,lit_review,,,competent,yes,,,,FALSE
master_4,Chikungunya fever,Chikungunya fever,aedes furcifer,,mosquito,species,aedes furcifer,TRUE,FALSE,TRUE,candidate,review,lit_review,,,competent,yes,,sylvatic_vector,,FALSE
master_4,Chikungunya fever,Chikungunya fever,aedes furcifer taylori,,mosquito,infraspecific,aedes furcifer taylori,TRUE,FALSE,FALSE,probable,review,lit_review,,,,,,,,FALSE
master_4,Chikungunya fever,Chikungunya fever,aedes hensilli,,mosquito,species,aedes hensilli,TRUE,FALSE,TRUE,probable,review,lit_review,,,unclear,,no,,no_transmission_demonstrated,FALSE
master_4,Chikungunya fever,Chikungunya fever,aedes luteocephalus,,mosquito,species,aedes luteocephalus,TRUE,FALSE,FALSE,probable,review,lit_review,,,,,,,,FALSE
master_4,Chikungunya fever,Chikungunya fever,aedes notoscriptus,,mosquito,species,aedes notoscriptus,TRUE,TRUE,TRUE,candidate,lab,lit_review,TRUE,blood_meal,competent,yes,,,,FALSE
master_4,Chikungunya fever,Chikungunya fever,aedes procax,,mosquito,species,aedes procax,TRUE,FALSE,TRUE,probable,lab,lit_review,FALSE,,competent,yes,,,,FALSE
master_4,Chikungunya fever,Chikungunya fever,aedes togoi,,mosquito,species,aedes togoi,TRUE,FALSE,FALSE,candidate,review,lit_review,,,,,,,,FALSE
master_4,Chikungunya fever,Chikungunya fever,aedes triseriatus,,mosquito,species,aedes triseriatus,TRUE,TRUE,FALSE,candidate,review,lit_review,TRUE,blood_meal,,,,,,FALSE
master_4,Chikungunya fever,Chikungunya fever,aedes vexans,,mosquito,species,aedes vexans,TRUE,TRUE,FALSE,candidate,review,lit_review,TRUE,blood_meal,,,,,,FALSE
master_4,Chikungunya fever,Chikungunya fever,aedes vigilax,,mosquito,species,aedes vigilax,TRUE,TRUE,TRUE,probable,lab,lit_review,TRUE,blood_meal,competent,yes,,,,FALSE
master_4,Chikungunya fever,Chikungunya fever,aedes vittatus,,mosquito,species,aedes vittatus,TRUE,TRUE,TRUE,candidate,review,lit_review,TRUE,blood_meal,competent,yes,,,,FALSE
master_4,Chikungunya fever,Chikungunya fever,coquillettidia linealis,,mosquito,species,coquillettidia linealis,TRUE,TRUE,TRUE,probable,lab,lit_review,TRUE,blood_meal,competent,yes,,,,FALSE
master_4,Chikungunya fever,Chikungunya fever,culex annulirostris,,mosquito,species,culex annulirostris,TRUE,TRUE,TRUE,weak,lab,lit_review,TRUE,blood_meal,competent,yes,,,low_competence_or_efficiency,FALSE
master_4,Chikungunya fever,Chikungunya fever,culex sitiens,,mosquito,species,culex sitiens,TRUE,TRUE,TRUE,weak,lab,lit_review,TRUE,blood_meal,competent,yes,,,low_competence_or_efficiency,FALSE
master_4,Chikungunya fever,Chikungunya fever,eretmapodites chrysogaster,,mosquito,species,eretmapodites chrysogaster,TRUE,FALSE,TRUE,candidate,review,lit_review,,,competent,yes,,,,FALSE
master_4,Chikungunya fever,Chikungunya fever,opifex fuscus,,mosquito,species,opifex fuscus,TRUE,FALSE,TRUE,candidate,review,lit_review,,,competent,yes,,,,FALSE
master_4,Chikungunya fever,Chikungunya fever,verrallina funerea,,mosquito,species,verrallina funerea,TRUE,TRUE,TRUE,candidate,lab,lit_review,TRUE,blood_meal,competent,yes,,,,FALSE
master_5,Yellow fever,Yellow fever,aedes aegypti,,mosquito,species,aedes aegypti,TRUE,TRUE,TRUE,confirmed,review,lit_review,TRUE,blood_meal,mixed,mixed,no,primary_vector|urban_vector,mixed_or_debated_evidence|population_dependent|strain_dependent,FALSE
master_5,Yellow fever,Yellow fever,aedes africanus,,mosquito,species,aedes africanus,TRUE,TRUE,TRUE,confirmed,review,lit_review,TRUE,blood_meal,competent,yes,,primary_vector|sylvatic_vector,,FALSE
master_5,Yellow fever,Yellow fever,aedes albopictus,,mosquito,species,aedes albopictus,TRUE,TRUE,TRUE,confirmed,lab,lit_review,TRUE,blood_meal,mixed,mixed,no,bridge_vector,,FALSE
master_5,Yellow fever,Yellow fever,aedes bromeliae,,mosquito,species,aedes bromeliae,TRUE,FALSE,TRUE,confirmed,review,lit_review,,,competent,yes,,bridge_vector|semidomestic_vector,,FALSE
master_5,Yellow fever,Yellow fever,aedes centropunctatus,,mosquito,species,aedes centropunctatus,TRUE,FALSE,TRUE,candidate,review,lit_review,,,unclear,,yes,,field_detection_only,FALSE
master_5,Yellow fever,Yellow fever,aedes dalzieli,,mosquito,species,aedes dalzieli,TRUE,FALSE,TRUE,candidate,review,lit_review,,,unclear,,yes,,field_detection_only,FALSE
master_5,Yellow fever,Yellow fever,aedes furcifer,,mosquito,species,aedes furcifer,TRUE,FALSE,TRUE,confirmed,review,lit_review,,,competent,yes,yes,bridge_vector|primary_vector|semidomestic_vector|sylvatic_vector,field_detection_only,FALSE
master_5,Yellow fever,Yellow fever,aedes furcifer taylori,,mosquito,infraspecific,aedes furcifer taylori,TRUE,FALSE,TRUE,confirmed,review,lit_review,,,competent,yes,,primary_vector|sylvatic_vector,,FALSE
master_5,Yellow fever,Yellow fever,aedes keniensis,,mosquito,species,aedes keniensis,TRUE,FALSE,TRUE,confirmed,review,lit_review,,,competent,yes,,bridge_vector,,FALSE
master_5,Yellow fever,Yellow fever,aedes luteocephalus,,mosquito,species,aedes luteocephalus,TRUE,FALSE,TRUE,confirmed,review,lit_review,,,competent,yes,,primary_vector|semidomestic_vector|sylvatic_vector,,FALSE
master_5,Yellow fever,Yellow fever,aedes mcintoshi,,mosquito,species,aedes mcintoshi,TRUE,TRUE,TRUE,candidate,review,lit_review,TRUE,blood_meal,unclear,,yes,,field_detection_only,FALSE
master_5,Yellow fever,Yellow fever,aedes metallicus,,mosquito,species,aedes metallicus,TRUE,FALSE,TRUE,confirmed,review,lit_review,FALSE,,competent,yes,,primary_vector|sylvatic_vector,,FALSE
master_5,Yellow fever,Yellow fever,aedes opok,,mosquito,species,aedes opok,TRUE,FALSE,TRUE,confirmed,review,lit_review,,,competent,yes,,primary_vector|sylvatic_vector,,FALSE
master_5,Yellow fever,Yellow fever,aedes scapularis,,mosquito,species,aedes scapularis,TRUE,TRUE,TRUE,candidate,field,lit_review,TRUE,blood_meal,unclear,,yes,secondary_vector,,FALSE
master_5,Yellow fever,Yellow fever,aedes simpsoni,,mosquito,species,aedes simpsoni,TRUE,FALSE,TRUE,confirmed,review,lit_review,,,competent,yes,,sylvatic_vector,,FALSE
master_5,Yellow fever,Yellow fever,aedes simpsoni complex,,mosquito,complex,aedes simpsoni complex,TRUE,FALSE,TRUE,candidate,review,lit_review,,,unclear,,,,,FALSE
master_5,Yellow fever,Yellow fever,aedes taeniorhynchus,,mosquito,species,aedes taeniorhynchus,TRUE,TRUE,TRUE,candidate,field,lit_review,TRUE,blood_meal,unclear,,yes,secondary_vector,,FALSE
master_5,Yellow fever,Yellow fever,aedes taylori,,mosquito,species,aedes taylori,TRUE,TRUE,TRUE,confirmed,review,lit_review,TRUE,blood_meal,competent,yes,,primary_vector|sylvatic_vector,,FALSE
master_5,Yellow fever,Yellow fever,aedes vittatus,,mosquito,species,aedes vittatus,TRUE,TRUE,TRUE,confirmed,review,lit_review,TRUE,blood_meal,competent,yes,,bridge_vector|primary_vector|sylvatic_vector,,FALSE
master_5,Yellow fever,Yellow fever,anopheles funestus,,mosquito,species,anopheles funestus,TRUE,TRUE,TRUE,candidate,review,lit_review,TRUE,blood_meal,unclear,,yes,,field_detection_only,FALSE
master_5,Yellow fever,Yellow fever,haemagogus capricorni,,mosquito,species,haemagogus capricorni,TRUE,FALSE,TRUE,probable,review,lit_review,,,competent,yes,,sylvatic_vector,,FALSE
master_5,Yellow fever,Yellow fever,haemagogus equines,,mosquito,species,haemagogus equines,TRUE,FALSE,TRUE,probable,review,lit_review,,,competent,yes,,sylvatic_vector,,FALSE
master_5,Yellow fever,Yellow fever,haemagogus janthinomys,,mosquito,species,haemagogus janthinomys,TRUE,TRUE,TRUE,confirmed,field,lit_review,TRUE,blood_meal,competent,yes,yes,primary_vector|sylvatic_vector,,FALSE
master_5,Yellow fever,Yellow fever,haemagogus leucocelaenus,,mosquito,species,haemagogus leucocelaenus,TRUE,TRUE,TRUE,confirmed,field,lit_review,TRUE,blood_meal,competent,yes,yes,primary_vector|sylvatic_vector,,FALSE
master_5,Yellow fever,Yellow fever,haemagogus mesodentatus,,mosquito,species,haemagogus mesodentatus,TRUE,FALSE,TRUE,probable,review,lit_review,,,competent,yes,,sylvatic_vector,,FALSE
master_5,Yellow fever,Yellow fever,haemagogus spegazzinii,,mosquito,species,haemagogus spegazzinii,TRUE,FALSE,TRUE,probable,review,lit_review,,,competent,yes,,sylvatic_vector,,FALSE
master_5,Yellow fever,Yellow fever,sabethes albipivus,,mosquito,species,sabethes albipivus,TRUE,FALSE,FALSE,confirmed,review,lit_review,,,,,,,,FALSE
master_5,Yellow fever,Yellow fever,sabethes chloropterus,,mosquito,species,sabethes chloropterus,TRUE,TRUE,TRUE,confirmed,review,lit_review,TRUE,blood_meal,competent,yes,yes,secondary_vector|sylvatic_vector,,FALSE
master_5,Yellow fever,Yellow fever,sabethes cyaneus,,mosquito,species,sabethes cyaneus,TRUE,FALSE,FALSE,probable,review,lit_review,,,,,,,,FALSE
master_5,Yellow fever,Yellow fever,sabethes soperi,,mosquito,species,sabethes soperi,TRUE,FALSE,FALSE,probable,review,lit_review,,,,,,,,FALSE
master_6,West Nile fever,West Nile fever,aedes albopictus,,mosquito,species,aedes albopictus,TRUE,TRUE,TRUE,confirmed,review,EFSA; lit_review,TRUE,blood_meal,competent,yes,,,,FALSE
master_6,West Nile fever,West Nile fever,aedes alternans,,mosquito,species,aedes alternans,TRUE,FALSE,TRUE,candidate,field,lit_review,,,unclear,,,secondary_vector,,FALSE
master_6,West Nile fever,West Nile fever,aedes australis,,mosquito,species,aedes australis,TRUE,FALSE,FALSE,candidate,efsa_appendix_g,EFSA,,,,,,,,FALSE
master_6,West Nile fever,West Nile fever,aedes canadensis,,mosquito,species,aedes canadensis,TRUE,TRUE,FALSE,candidate,efsa_appendix_g,EFSA,TRUE,blood_meal,,,,,,FALSE
master_6,West Nile fever,West Nile fever,aedes cantans,,mosquito,species,aedes cantans,TRUE,TRUE,FALSE,candidate,review,lit_review,TRUE,blood_meal,,,,,,FALSE
master_6,West Nile fever,West Nile fever,aedes caspius,,mosquito,species,aedes caspius,TRUE,TRUE,TRUE,candidate,review,lit_review,TRUE,blood_meal,not_competent,no,,,mixed_or_debated_evidence|no_transmission_demonstrated,FALSE
master_6,West Nile fever,West Nile fever,aedes detritus,,mosquito,species,aedes detritus,TRUE,TRUE,TRUE,confirmed,review,EFSA; lit_review,TRUE,blood_meal,competent,yes,,,,FALSE
master_6,West Nile fever,West Nile fever,aedes dorsalis,,mosquito,species,aedes dorsalis,TRUE,TRUE,FALSE,candidate,efsa_appendix_g,EFSA,TRUE,blood_meal,,,,,,FALSE
master_6,West Nile fever,West Nile fever,aedes excrucians,,mosquito,species,aedes excrucians,TRUE,TRUE,FALSE,candidate,review,lit_review,TRUE,blood_meal,,,,,,FALSE
master_6,West Nile fever,West Nile fever,aedes geniculatus,,mosquito,species,aedes geniculatus,TRUE,TRUE,TRUE,candidate,review,lit_review,FALSE,,competent,yes,,,,FALSE
master_6,West Nile fever,West Nile fever,aedes japonicus,,mosquito,species,aedes japonicus,TRUE,TRUE,FALSE,candidate,efsa_appendix_g,EFSA,TRUE,blood_meal,,,,,,FALSE
master_6,West Nile fever,West Nile fever,aedes japonicus japonicus,,mosquito,infraspecific,aedes japonicus japonicus,TRUE,FALSE,TRUE,weak,review,lit_review,,,not_competent,no,,,no_infection_detected,FALSE
master_6,West Nile fever,West Nile fever,aedes kochi,,mosquito,species,aedes kochi,TRUE,FALSE,FALSE,candidate,efsa_appendix_g,EFSA,,,,,,,,FALSE
master_6,West Nile fever,West Nile fever,aedes melanimon,,mosquito,species,aedes melanimon,TRUE,TRUE,FALSE,candidate,efsa_appendix_g,EFSA,FALSE,,,,,,,FALSE
master_6,West Nile fever,West Nile fever,aedes normanensis,,mosquito,species,aedes normanensis,TRUE,TRUE,TRUE,candidate,field,lit_review,FALSE,,unclear,,,secondary_vector,,FALSE
master_6,West Nile fever,West Nile fever,aedes notoscriptus,,mosquito,species,aedes notoscriptus,TRUE,TRUE,TRUE,candidate,review,EFSA; lit_review,TRUE,blood_meal,unclear,,,bridge_vector|candidate_vector,,FALSE
master_6,West Nile fever,West Nile fever,aedes procax,,mosquito,species,aedes procax,TRUE,TRUE,FALSE,candidate,efsa_appendix_g,EFSA,FALSE,,,,,,,FALSE
master_6,West Nile fever,West Nile fever,aedes rusticus,,mosquito,species,aedes rusticus,TRUE,FALSE,TRUE,probable,lab,lit_review,,,competent,yes,,candidate_vector,,FALSE
master_6,West Nile fever,West Nile fever,aedes sierrensis,,mosquito,species,aedes sierrensis,TRUE,TRUE,FALSE,candidate,efsa_appendix_g,EFSA,TRUE,blood_meal,,,,,,FALSE
master_6,West Nile fever,West Nile fever,aedes spp,,mosquito,genus_only,aedes spp,TRUE,FALSE,TRUE,candidate,review,lit_review,,,unclear,,,,,FALSE
master_6,West Nile fever,West Nile fever,aedes taeniorhynchus,,mosquito,species,aedes taeniorhynchus,TRUE,TRUE,FALSE,candidate,efsa_appendix_g,EFSA,TRUE,blood_meal,,,,,,FALSE
master_6,West Nile fever,West Nile fever,aedes tremulus,,mosquito,species,aedes tremulus,TRUE,FALSE,FALSE,candidate,field,lit_review,,,,,,,,FALSE
master_6,West Nile fever,West Nile fever,aedes triseriatus,,mosquito,species,aedes triseriatus,TRUE,TRUE,FALSE,candidate,efsa_appendix_g,EFSA,TRUE,blood_meal,,,,,,FALSE
master_6,West Nile fever,West Nile fever,aedes vexans,,mosquito,species,aedes vexans,TRUE,TRUE,TRUE,candidate,review,EFSA; lit_review,TRUE,blood_meal,competent,yes,,secondary_vector,,FALSE
master_6,West Nile fever,West Nile fever,aedes vigilax,,mosquito,species,aedes vigilax,TRUE,TRUE,TRUE,candidate,review,EFSA; lit_review,TRUE,blood_meal,unclear,,,bridge_vector|candidate_vector,,FALSE
master_6,West Nile fever,West Nile fever,anopheles amictus,,mosquito,species,anopheles amictus,TRUE,TRUE,TRUE,weak,field,lit_review,TRUE,blood_meal,unclear,,,,,FALSE
master_6,West Nile fever,West Nile fever,anopheles atroparvus,,mosquito,species,anopheles atroparvus,TRUE,TRUE,FALSE,candidate,review,lit_review,TRUE,blood_meal,,,,,,FALSE
master_6,West Nile fever,West Nile fever,anopheles maculipennis s s,,mosquito,infraspecific,anopheles maculipennis s s,TRUE,FALSE,FALSE,candidate,review,lit_review,,,,,,,,FALSE
master_6,West Nile fever,West Nile fever,anopheles plumbeus,,mosquito,species,anopheles plumbeus,TRUE,TRUE,TRUE,candidate,review,lit_review,TRUE,blood_meal,mixed,mixed,,,limited_or_indirect_support|no_transmission_demonstrated,FALSE
master_6,West Nile fever,West Nile fever,coquillettidia linealis,,mosquito,species,coquillettidia linealis,TRUE,TRUE,FALSE,candidate,efsa_appendix_g,EFSA,TRUE,blood_meal,,,,,,FALSE
master_6,West Nile fever,West Nile fever,coquillettidia perturbans,,mosquito,species,coquillettidia perturbans,TRUE,TRUE,FALSE,candidate,efsa_appendix_g,EFSA,TRUE,blood_meal,,,,,,FALSE
master_6,West Nile fever,West Nile fever,coquillettidia richiardii,,mosquito,species,coquillettidia richiardii,TRUE,TRUE,FALSE,candidate,review,lit_review,TRUE,blood_meal,,,,,,FALSE
master_6,West Nile fever,West Nile fever,culex annulirostris,,mosquito,species,culex annulirostris,TRUE,TRUE,TRUE,confirmed,field+lab,EFSA; lit_review,TRUE,blood_meal,competent,yes,,primary_vector,,FALSE
master_6,West Nile fever,West Nile fever,culex australicus,,mosquito,species,culex australicus,TRUE,TRUE,TRUE,candidate,field,lit_review,FALSE,,unclear,,,candidate_vector,,FALSE
master_6,West Nile fever,West Nile fever,culex bitaeniorhynchus,,mosquito,species,culex bitaeniorhynchus,TRUE,TRUE,FALSE,candidate,efsa_appendix_g,EFSA,TRUE,blood_meal,,,,,,FALSE
master_6,West Nile fever,West Nile fever,culex erythrothorax,,mosquito,species,culex erythrothorax,TRUE,TRUE,TRUE,probable,lab,EFSA; lit_review,FALSE,,competent,yes,,bridge_vector,,FALSE
master_6,West Nile fever,West Nile fever,culex gelidus,,mosquito,species,culex gelidus,TRUE,TRUE,TRUE,candidate,lab,EFSA; lit_review,TRUE,blood_meal,competent,yes,,,,FALSE
master_6,West Nile fever,West Nile fever,culex incidens,,mosquito,species,culex incidens,TRUE,FALSE,FALSE,candidate,efsa_appendix_g,EFSA,,,,,,,,FALSE
master_6,West Nile fever,West Nile fever,culex modestus,,mosquito,species,culex modestus,TRUE,TRUE,TRUE,confirmed,review,EFSA; lit_review,TRUE,blood_meal,competent,yes,,primary_vector,field_detection_only,FALSE
master_6,West Nile fever,West Nile fever,culex molestus,,mosquito,species,culex molestus,TRUE,TRUE,FALSE,candidate,review,lit_review,TRUE,blood_meal,,,,,,FALSE
master_6,West Nile fever,West Nile fever,culex neavei group,,mosquito,group,culex neavei group,TRUE,FALSE,FALSE,candidate,efsa_appendix_g,EFSA,,,,,,,,FALSE
master_6,West Nile fever,West Nile fever,culex nigripalpus,,mosquito,species,culex nigripalpus,TRUE,TRUE,FALSE,candidate,efsa_appendix_g,EFSA,TRUE,blood_meal,,,,,,FALSE
master_6,West Nile fever,West Nile fever,culex perexiguus,,mosquito,species,culex perexiguus,TRUE,TRUE,TRUE,confirmed,review,lit_review,TRUE,blood_meal,competent,yes,,primary_vector,field_detection_only,FALSE
master_6,West Nile fever,West Nile fever,culex pervigilans,,mosquito,species,culex pervigilans,TRUE,FALSE,FALSE,candidate,efsa_appendix_g,EFSA,,,,,,,,FALSE
master_6,West Nile fever,West Nile fever,culex pipiens,,mosquito,species,culex pipiens,TRUE,TRUE,TRUE,confirmed,review,EFSA; lit_review,TRUE,blood_meal,mixed,mixed,,primary_vector,field_detection_only|population_dependent,FALSE
master_6,West Nile fever,West Nile fever,culex pipiens biotype molestus,,mosquito,infraspecific,culex pipiens biotype molestus,TRUE,FALSE,TRUE,probable,review,EFSA; lit_review,,,mixed,mixed,,,mixed_or_debated_evidence|strain_dependent|temperature_dependent,FALSE
master_6,West Nile fever,West Nile fever,culex pipiens biotype molestus x culex quinquefasciatus,,mosquito,hybrid,culex pipiens biotype molestus x culex quinquefasciatus,TRUE,FALSE,FALSE,candidate,efsa_appendix_g,EFSA,,,,,,,,FALSE
master_6,West Nile fever,West Nile fever,culex pipiens biotype pipiens,,mosquito,infraspecific,culex pipiens biotype pipiens,TRUE,FALSE,TRUE,probable,review,EFSA; lit_review,,,competent,yes,,,strain_dependent,FALSE
master_6,West Nile fever,West Nile fever,culex pipiens biotype pipiens x biotype molestus,,mosquito,hybrid,culex pipiens biotype pipiens x biotype molestus,TRUE,FALSE,TRUE,candidate,efsa_appendix_g,EFSA,,,mixed,mixed,,,mixed_or_debated_evidence|temperature_dependent,FALSE
master_6,West Nile fever,West Nile fever,culex pipiens biotype pipiens x culex quinquefasciatus,,mosquito,hybrid,culex pipiens biotype pipiens x culex quinquefasciatus,TRUE,FALSE,FALSE,candidate,efsa_appendix_g,EFSA,,,,,,,,FALSE
master_6,West Nile fever,West Nile fever,culex pipiens pipiens,,mosquito,infraspecific,culex pipiens pipiens,TRUE,FALSE,TRUE,probable,lab,lit_review,,,mixed,mixed,,,mixed_or_debated_evidence|temperature_dependent,FALSE
master_6,West Nile fever,West Nile fever,culex pipiens quinquefasciatus,,mosquito,infraspecific,culex pipiens quinquefasciatus,TRUE,FALSE,TRUE,candidate,lab,lit_review,,,mixed,mixed,,,population_dependent,FALSE
master_6,West Nile fever,West Nile fever,culex pipiens restuans,,mosquito,infraspecific,culex pipiens restuans,TRUE,FALSE,FALSE,candidate,efsa_appendix_g,EFSA,,,,,,,,FALSE
master_6,West Nile fever,West Nile fever,culex pipiens s l,,mosquito,sensu_lato,culex pipiens s l,TRUE,FALSE,TRUE,confirmed,review,EFSA; lit_review,,,mixed,mixed,yes,bridge_vector|primary_vector,strain_dependent,FALSE
master_6,West Nile fever,West Nile fever,culex quinquefasciatus,,mosquito,species,culex quinquefasciatus,TRUE,TRUE,TRUE,probable,field+lab,EFSA; lit_review,TRUE,blood_meal,competent,yes,,candidate_vector|enzootic_vector|primary_vector,,FALSE
master_6,West Nile fever,West Nile fever,culex restuans,,mosquito,species,culex restuans,TRUE,TRUE,FALSE,probable,efsa_appendix_g,EFSA,TRUE,blood_meal,,,,,,FALSE
master_6,West Nile fever,West Nile fever,culex salinarius,,mosquito,species,culex salinarius,TRUE,TRUE,FALSE,candidate,efsa_appendix_g,EFSA,TRUE,blood_meal,,,,,,FALSE
master_6,West Nile fever,West Nile fever,culex sitiens,,mosquito,species,culex sitiens,TRUE,TRUE,TRUE,candidate,efsa_appendix_g,EFSA; lit_review,TRUE,blood_meal,unclear,yes,,candidate_vector,low_competence_or_efficiency,FALSE
master_6,West Nile fever,West Nile fever,culex spp,,mosquito,genus_only,culex spp,TRUE,FALSE,TRUE,confirmed,review,lit_review,,,competent,yes,,primary_vector,,FALSE
master_6,West Nile fever,West Nile fever,culex squamosus,,mosquito,species,culex squamosus,TRUE,FALSE,TRUE,candidate,field,lit_review,,,unclear,,,candidate_vector,,FALSE
master_6,West Nile fever,West Nile fever,culex stigmatosoma,,mosquito,species,culex stigmatosoma,TRUE,TRUE,TRUE,probable,lab,EFSA; lit_review,TRUE,blood_meal,competent,yes,,,,FALSE
master_6,West Nile fever,West Nile fever,culex tarsalis,,mosquito,species,culex tarsalis,TRUE,TRUE,TRUE,confirmed,review,EFSA; lit_review,TRUE,blood_meal,competent,yes,,primary_vector,,FALSE
master_6,West Nile fever,West Nile fever,culex thriambus,,mosquito,species,culex thriambus,TRUE,TRUE,FALSE,candidate,efsa_appendix_g,EFSA,FALSE,,,,,,,FALSE
master_6,West Nile fever,West Nile fever,culex torrentium,,mosquito,species,culex torrentium,TRUE,FALSE,TRUE,probable,review,EFSA; lit_review,,,competent,yes,,,no_transmission_demonstrated|strain_dependent,FALSE
master_6,West Nile fever,West Nile fever,culex univittatus,,mosquito,species,culex univittatus,TRUE,TRUE,FALSE,probable,efsa_appendix_g,EFSA; lit_review,TRUE,blood_meal,,,,,,FALSE
master_6,West Nile fever,West Nile fever,culex vansomereni,,mosquito,species,culex vansomereni,TRUE,TRUE,FALSE,candidate,efsa_appendix_g,EFSA,TRUE,blood_meal,,,,,,FALSE
master_6,West Nile fever,West Nile fever,culiseta inornata,,mosquito,species,culiseta inornata,TRUE,TRUE,TRUE,candidate,lab,EFSA; lit_review,TRUE,blood_meal,competent,yes,,secondary_vector,,FALSE
master_6,West Nile fever,West Nile fever,culiseta melanura,,mosquito,species,culiseta melanura,TRUE,TRUE,FALSE,candidate,efsa_appendix_g,EFSA,FALSE,,,,,,,FALSE
master_6,West Nile fever,West Nile fever,ochlerotatus caspius,,mosquito,species,ochlerotatus caspius,TRUE,FALSE,TRUE,weak,field,lit_review,,,unclear,,,,field_detection_only,FALSE
master_6,West Nile fever,West Nile fever,ochlerotatus dorsalis,,mosquito,species,ochlerotatus dorsalis,TRUE,FALSE,TRUE,candidate,lab,lit_review,,,competent,yes,,,low_competence_or_efficiency,FALSE
master_6,West Nile fever,West Nile fever,ochlerotatus melanimon,,mosquito,species,ochlerotatus melanimon,TRUE,FALSE,TRUE,candidate,lab,lit_review,,,competent,yes,,,low_competence_or_efficiency,FALSE
master_6,West Nile fever,West Nile fever,ochlerotatus sierrensis,,mosquito,species,ochlerotatus sierrensis,TRUE,FALSE,TRUE,weak,lab,lit_review,,,competent,yes,,,low_competence_or_efficiency,FALSE
master_6,West Nile fever,West Nile fever,verrallina carmenti,,mosquito,species,verrallina carmenti,TRUE,TRUE,FALSE,candidate,efsa_appendix_g,EFSA,TRUE,blood_meal,,,,,,FALSE
master_6,West Nile fever,West Nile fever,verrallina funerea,,mosquito,species,verrallina funerea,TRUE,TRUE,FALSE,candidate,efsa_appendix_g,EFSA,TRUE,blood_meal,,,,,,FALSE
master_6,West Nile fever,West Nile fever,verrallina lineato,,mosquito,species,verrallina lineato,TRUE,FALSE,FALSE,candidate,efsa_appendix_g,EFSA,,,,,,,,TRUE
master_7,Crimean-Congo hemorrhagic fever,Crimean-Congo hemorrhagic fever,amblyomma lepidum,,tick,species,amblyomma lepidum,TRUE,TRUE,TRUE,candidate,review,lit_review,FALSE,,unclear,,,,,FALSE
master_7,Crimean-Congo hemorrhagic fever,Crimean-Congo hemorrhagic fever,amblyomma variegatum,,tick,species,amblyomma variegatum,TRUE,TRUE,TRUE,confirmed,review,lit_review,TRUE,on_host_occurrence,competent,,,,,FALSE
master_7,Crimean-Congo hemorrhagic fever,Crimean-Congo hemorrhagic fever,dermacentor marginatus,,tick,species,dermacentor marginatus,TRUE,TRUE,TRUE,candidate,review,lit_review,TRUE,on_host_occurrence,unclear,,,candidate_vector,limited_or_indirect_support,FALSE
master_7,Crimean-Congo hemorrhagic fever,Crimean-Congo hemorrhagic fever,dermacentor niveus,,tick,species,dermacentor niveus,TRUE,TRUE,FALSE,candidate,review,lit_review,TRUE,on_host_occurrence,,,,,,FALSE
master_7,Crimean-Congo hemorrhagic fever,Crimean-Congo hemorrhagic fever,dermacentor nuttalli,,tick,species,dermacentor nuttalli,TRUE,TRUE,TRUE,candidate,review,lit_review,FALSE,,unclear,,,candidate_vector,,FALSE
master_7,Crimean-Congo hemorrhagic fever,Crimean-Congo hemorrhagic fever,haemaphysalis concinna,,tick,species,haemaphysalis concinna,TRUE,TRUE,FALSE,candidate,review,lit_review,TRUE,on_host_occurrence,,,,,,FALSE
master_7,Crimean-Congo hemorrhagic fever,Crimean-Congo hemorrhagic fever,haemaphysalis inermis,,tick,species,haemaphysalis inermis,TRUE,FALSE,FALSE,candidate,review,lit_review,,,,,,,,FALSE
master_7,Crimean-Congo hemorrhagic fever,Crimean-Congo hemorrhagic fever,haemaphysalis parva,,tick,species,haemaphysalis parva,TRUE,TRUE,FALSE,candidate,review,lit_review,TRUE,on_host_occurrence,,,,,,FALSE
master_7,Crimean-Congo hemorrhagic fever,Crimean-Congo hemorrhagic fever,haemaphysalis punctata,,tick,species,haemaphysalis punctata,TRUE,TRUE,TRUE,candidate,review,lit_review,TRUE,on_host_occurrence,unclear,,,candidate_vector,field_detection_only,FALSE
master_7,Crimean-Congo hemorrhagic fever,Crimean-Congo hemorrhagic fever,haemaphysalis sulcata,,tick,species,haemaphysalis sulcata,TRUE,TRUE,FALSE,candidate,review,lit_review,TRUE,on_host_occurrence,,,,,,FALSE
master_7,Crimean-Congo hemorrhagic fever,Crimean-Congo hemorrhagic fever,hyalomma aegyptium,,tick,species,hyalomma aegyptium,TRUE,TRUE,TRUE,confirmed,review,EFSA; lit_review,TRUE,on_host_occurrence,competent,,,,field_detection_only,FALSE
master_7,Crimean-Congo hemorrhagic fever,Crimean-Congo hemorrhagic fever,hyalomma anatolicum,,tick,species,hyalomma anatolicum,TRUE,TRUE,TRUE,confirmed,review,EFSA; lit_review,TRUE,on_host_occurrence,competent,,,candidate_vector|primary_vector,,FALSE
master_7,Crimean-Congo hemorrhagic fever,Crimean-Congo hemorrhagic fever,hyalomma asiaticum,,tick,species,hyalomma asiaticum,TRUE,FALSE,TRUE,confirmed,review,EFSA; lit_review,,,competent,,,primary_vector,,FALSE
master_7,Crimean-Congo hemorrhagic fever,Crimean-Congo hemorrhagic fever,hyalomma asiaticum kozlovi,,tick,infraspecific,hyalomma asiaticum kozlovi,TRUE,FALSE,FALSE,confirmed,review,lit_review,,,,,,,,FALSE
master_7,Crimean-Congo hemorrhagic fever,Crimean-Congo hemorrhagic fever,hyalomma detritum,,tick,species,hyalomma detritum,TRUE,FALSE,FALSE,confirmed,review,lit_review,,,,,,,,FALSE
master_7,Crimean-Congo hemorrhagic fever,Crimean-Congo hemorrhagic fever,hyalomma dromedarii,,tick,species,hyalomma dromedarii,TRUE,TRUE,TRUE,confirmed,review,lit_review,TRUE,on_host_occurrence,competent,,,candidate_vector|primary_vector,field_detection_only,FALSE
master_7,Crimean-Congo hemorrhagic fever,Crimean-Congo hemorrhagic fever,hyalomma excavatum,,tick,species,hyalomma excavatum,TRUE,TRUE,TRUE,confirmed,review,lit_review,TRUE,on_host_occurrence,competent,,,candidate_vector,,FALSE
master_7,Crimean-Congo hemorrhagic fever,Crimean-Congo hemorrhagic fever,hyalomma impeltatum,,tick,species,hyalomma impeltatum,TRUE,TRUE,TRUE,confirmed,review,lit_review,TRUE,on_host_occurrence,competent,yes,,primary_vector,,FALSE
master_7,Crimean-Congo hemorrhagic fever,Crimean-Congo hemorrhagic fever,hyalomma impressum,,tick,species,hyalomma impressum,TRUE,TRUE,FALSE,probable,review,lit_review,TRUE,on_host_occurrence,,,,,,FALSE
master_7,Crimean-Congo hemorrhagic fever,Crimean-Congo hemorrhagic fever,hyalomma isaaci,,tick,species,hyalomma isaaci,TRUE,TRUE,FALSE,candidate,review,lit_review,TRUE,on_host_occurrence,,,,,,FALSE
master_7,Crimean-Congo hemorrhagic fever,Crimean-Congo hemorrhagic fever,hyalomma lusitanicum,,tick,species,hyalomma lusitanicum,TRUE,TRUE,TRUE,probable,review,lit_review,TRUE,on_host_occurrence,unclear,,,candidate_vector,,FALSE
master_7,Crimean-Congo hemorrhagic fever,Crimean-Congo hemorrhagic fever,hyalomma marginatum,,tick,species,hyalomma marginatum,TRUE,TRUE,TRUE,confirmed,review,EFSA; lit_review,TRUE,on_host_occurrence,competent,,,primary_vector,,FALSE
master_7,Crimean-Congo hemorrhagic fever,Crimean-Congo hemorrhagic fever,hyalomma nitidum,,tick,species,hyalomma nitidum,TRUE,FALSE,FALSE,probable,review,lit_review,,,,,,,,FALSE
master_7,Crimean-Congo hemorrhagic fever,Crimean-Congo hemorrhagic fever,hyalomma onatoli,,tick,species,hyalomma onatoli,TRUE,FALSE,TRUE,candidate,review,lit_review,,,unclear,,,,spelling_or_ocr_issue,TRUE
master_7,Crimean-Congo hemorrhagic fever,Crimean-Congo hemorrhagic fever,hyalomma rufipes,,tick,species,hyalomma rufipes,TRUE,TRUE,TRUE,confirmed,review,lit_review,TRUE,on_host_occurrence,competent,mixed,,primary_vector,field_detection_only,FALSE
master_7,Crimean-Congo hemorrhagic fever,Crimean-Congo hemorrhagic fever,hyalomma schulzei,,tick,species,hyalomma schulzei,TRUE,FALSE,TRUE,confirmed,review,lit_review,,,competent,,,,,FALSE
master_7,Crimean-Congo hemorrhagic fever,Crimean-Congo hemorrhagic fever,hyalomma scupense,,tick,species,hyalomma scupense,TRUE,TRUE,TRUE,probable,review,lit_review,TRUE,on_host_occurrence,unclear,,,candidate_vector,,FALSE
master_7,Crimean-Congo hemorrhagic fever,Crimean-Congo hemorrhagic fever,hyalomma spp,,tick,genus_only,hyalomma spp,TRUE,FALSE,TRUE,confirmed,review,lit_review,,,competent,,,primary_vector,taxon_level_not_specific,FALSE
master_7,Crimean-Congo hemorrhagic fever,Crimean-Congo hemorrhagic fever,hyalomma truncatum,,tick,species,hyalomma truncatum,TRUE,TRUE,TRUE,confirmed,review,lit_review,TRUE,on_host_occurrence,competent,yes,,primary_vector,field_detection_only,FALSE
master_7,Crimean-Congo hemorrhagic fever,Crimean-Congo hemorrhagic fever,hyalomma turanicum,,tick,species,hyalomma turanicum,TRUE,TRUE,TRUE,confirmed,review,lit_review,TRUE,on_host_occurrence,competent,,,primary_vector,field_detection_only,FALSE
master_7,Crimean-Congo hemorrhagic fever,Crimean-Congo hemorrhagic fever,ixodes ricinus,,tick,species,ixodes ricinus,TRUE,TRUE,TRUE,candidate,review,lit_review,TRUE,on_host_occurrence,unclear,,,,limited_or_indirect_support,FALSE
master_7,Crimean-Congo hemorrhagic fever,Crimean-Congo hemorrhagic fever,ornithodoros lahorensis,,tick,species,ornithodoros lahorensis,TRUE,FALSE,FALSE,candidate,review,lit_review,,,,,,,,FALSE
master_7,Crimean-Congo hemorrhagic fever,Crimean-Congo hemorrhagic fever,rhipicephalus annulatus,,tick,species,rhipicephalus annulatus,TRUE,TRUE,TRUE,candidate,review,lit_review,TRUE,on_host_occurrence,unclear,,,,field_detection_only,FALSE
master_7,Crimean-Congo hemorrhagic fever,Crimean-Congo hemorrhagic fever,rhipicephalus appendiculatus,,tick,species,rhipicephalus appendiculatus,TRUE,TRUE,FALSE,candidate,review,lit_review,TRUE,on_host_occurrence,,,,,,FALSE
master_7,Crimean-Congo hemorrhagic fever,Crimean-Congo hemorrhagic fever,rhipicephalus boophilus annulatus,,tick,infraspecific,rhipicephalus boophilus annulatus,TRUE,FALSE,FALSE,candidate,review,lit_review,,,,,,,,FALSE
master_7,Crimean-Congo hemorrhagic fever,Crimean-Congo hemorrhagic fever,rhipicephalus boophilus decoloratus,,tick,infraspecific,rhipicephalus boophilus decoloratus,TRUE,FALSE,FALSE,candidate,review,lit_review,,,,,,,,FALSE
master_7,Crimean-Congo hemorrhagic fever,Crimean-Congo hemorrhagic fever,rhipicephalus bursa,,tick,species,rhipicephalus bursa,TRUE,TRUE,TRUE,confirmed,review,lit_review,TRUE,on_host_occurrence,competent,,yes,candidate_vector,field_detection_only,FALSE
master_7,Crimean-Congo hemorrhagic fever,Crimean-Congo hemorrhagic fever,rhipicephalus decoloratus,,tick,species,rhipicephalus decoloratus,TRUE,TRUE,FALSE,candidate,review,lit_review,FALSE,,,,,,,FALSE
master_7,Crimean-Congo hemorrhagic fever,Crimean-Congo hemorrhagic fever,rhipicephalus evertsi,,tick,species,rhipicephalus evertsi,TRUE,TRUE,TRUE,candidate,review,lit_review,FALSE,,unclear,no,,,field_detection_only,TRUE
master_7,Crimean-Congo hemorrhagic fever,Crimean-Congo hemorrhagic fever,rhipicephalus evertsi evertsi,,tick,infraspecific,rhipicephalus evertsi evertsi,TRUE,FALSE,TRUE,candidate,review,lit_review,,,unclear,,,,field_detection_only,FALSE
master_7,Crimean-Congo hemorrhagic fever,Crimean-Congo hemorrhagic fever,rhipicephalus geigyi,,tick,species,rhipicephalus geigyi,TRUE,TRUE,FALSE,candidate,review,lit_review,FALSE,,,,,,,FALSE
master_7,Crimean-Congo hemorrhagic fever,Crimean-Congo hemorrhagic fever,rhipicephalus guilhoni,,tick,species,rhipicephalus guilhoni,TRUE,TRUE,FALSE,candidate,review,lit_review,FALSE,,,,,,,FALSE
master_7,Crimean-Congo hemorrhagic fever,Crimean-Congo hemorrhagic fever,rhipicephalus microplus,,tick,species,rhipicephalus microplus,TRUE,TRUE,FALSE,candidate,review,lit_review,FALSE,,,,,,,FALSE
master_7,Crimean-Congo hemorrhagic fever,Crimean-Congo hemorrhagic fever,rhipicephalus pulchellus,,tick,species,rhipicephalus pulchellus,TRUE,TRUE,TRUE,candidate,review,lit_review,TRUE,on_host_occurrence,unclear,,,,,FALSE
master_7,Crimean-Congo hemorrhagic fever,Crimean-Congo hemorrhagic fever,rhipicephalus pumilio,,tick,species,rhipicephalus pumilio,TRUE,FALSE,TRUE,candidate,review,lit_review,,,unclear,,,,field_detection_only,FALSE
master_7,Crimean-Congo hemorrhagic fever,Crimean-Congo hemorrhagic fever,rhipicephalus rossicus,,tick,species,rhipicephalus rossicus,TRUE,TRUE,TRUE,candidate,review,lit_review,FALSE,,unclear,,,,field_detection_only,FALSE
master_7,Crimean-Congo hemorrhagic fever,Crimean-Congo hemorrhagic fever,rhipicephalus sanguineus,,tick,species,rhipicephalus sanguineus,TRUE,TRUE,TRUE,candidate,review,lit_review,TRUE,on_host_occurrence,mixed,mixed,mixed,,field_detection_only|mixed_or_debated_evidence,FALSE
master_7,Crimean-Congo hemorrhagic fever,Crimean-Congo hemorrhagic fever,rhipicephalus spp,,tick,genus_only,rhipicephalus spp,TRUE,FALSE,FALSE,candidate,review,lit_review,,,,,,,,FALSE
master_7,Crimean-Congo hemorrhagic fever,Crimean-Congo hemorrhagic fever,rhipicephalus turanicus,,tick,species,rhipicephalus turanicus,TRUE,TRUE,TRUE,candidate,review,lit_review,TRUE,on_host_occurrence,unclear,,,,field_detection_only,FALSE
master_8,Rift Valley fever,Rift Valley fever,aedes aedimorphus dentatus,,mosquito,infraspecific,aedes aedimorphus dentatus,TRUE,FALSE,TRUE,probable,review,lit_review,,,competent,yes,yes,,,FALSE
master_8,Rift Valley fever,Rift Valley fever,aedes aedimorphus vexans arabiensis,,mosquito,infraspecific,aedes aedimorphus vexans arabiensis,TRUE,FALSE,TRUE,probable,review,lit_review,,,competent,yes,yes,maintenance_vector,,FALSE
master_8,Rift Valley fever,Rift Valley fever,aedes aegypti,,mosquito,species,aedes aegypti,TRUE,TRUE,TRUE,probable,review,EFSA; lit_review,TRUE,blood_meal,mixed,mixed,yes,candidate_vector|primary_vector,field_detection_only|low_competence_or_efficiency|no_transmission_demonstrated,FALSE
master_8,Rift Valley fever,Rift Valley fever,aedes africanus,,mosquito,species,aedes africanus,TRUE,TRUE,TRUE,weak,review,lit_review,TRUE,blood_meal,unclear,,yes,candidate_vector,,FALSE
master_8,Rift Valley fever,Rift Valley fever,aedes albopictus,,mosquito,species,aedes albopictus,TRUE,TRUE,TRUE,probable,lab; review,EFSA; lit_review; lit_review,TRUE,blood_meal,competent,yes,,,,FALSE
master_8,Rift Valley fever,Rift Valley fever,aedes atlanticus,,mosquito,species,aedes atlanticus,TRUE,TRUE,TRUE,candidate,review,lit_review,TRUE,blood_meal,competent,yes,,,,FALSE
master_8,Rift Valley fever,Rift Valley fever,aedes calceatus,,mosquito,species,aedes calceatus,TRUE,FALSE,TRUE,weak,lab,lit_review,,,not_competent,no,,,no_transmission_demonstrated,FALSE
master_8,Rift Valley fever,Rift Valley fever,aedes canadensis,,mosquito,species,aedes canadensis,TRUE,TRUE,TRUE,probable,review,lit_review,TRUE,blood_meal,competent,yes,,,,FALSE
master_8,Rift Valley fever,Rift Valley fever,aedes cantator,,mosquito,species,aedes cantator,TRUE,TRUE,TRUE,candidate,review,lit_review,TRUE,blood_meal,competent,yes,,,,FALSE
master_8,Rift Valley fever,Rift Valley fever,aedes caspius,,mosquito,species,aedes caspius,TRUE,TRUE,TRUE,probable,review,EFSA; lit_review,TRUE,blood_meal,competent,yes,,,,FALSE
master_8,Rift Valley fever,Rift Valley fever,aedes circumluteolus,,mosquito,species,aedes circumluteolus,TRUE,FALSE,TRUE,confirmed; probable,review,lit_review,,,mixed,mixed,yes,maintenance_vector,field_detection_only|population_dependent,FALSE
master_8,Rift Valley fever,Rift Valley fever,aedes detritus,,mosquito,species,aedes detritus,TRUE,TRUE,TRUE,probable,review,EFSA; lit_review,TRUE,blood_meal,competent,yes,,,,FALSE
master_8,Rift Valley fever,Rift Valley fever,aedes durbanensis,,mosquito,species,aedes durbanensis,TRUE,FALSE,TRUE,candidate,review,EFSA; lit_review,,,unclear,,yes,,,FALSE
master_8,Rift Valley fever,Rift Valley fever,aedes excrucians,,mosquito,species,aedes excrucians,TRUE,TRUE,TRUE,probable,review,lit_review,TRUE,blood_meal,competent,yes,,,,FALSE
master_8,Rift Valley fever,Rift Valley fever,aedes japonicus japonicus,,mosquito,infraspecific,aedes japonicus japonicus,TRUE,FALSE,TRUE,probable,review,lit_review,,,competent,yes,,,,FALSE
master_8,Rift Valley fever,Rift Valley fever,aedes mcintoshi,,mosquito,species,aedes mcintoshi,TRUE,TRUE,TRUE,confirmed; probable,review,lit_review,TRUE,blood_meal,mixed,mixed,yes,maintenance_vector,field_detection_only|population_dependent,FALSE
master_8,Rift Valley fever,Rift Valley fever,aedes melanimon,,mosquito,species,aedes melanimon,TRUE,TRUE,FALSE,candidate,efsa_appendix_g,EFSA,FALSE,,,,,,,FALSE
master_8,Rift Valley fever,Rift Valley fever,aedes ochraceus,,mosquito,species,aedes ochraceus,TRUE,TRUE,TRUE,probable,review,lit_review,TRUE,blood_meal,unclear,,yes,,field_detection_only,FALSE
master_8,Rift Valley fever,Rift Valley fever,aedes palpalis,,mosquito,species,aedes palpalis,TRUE,FALSE,TRUE,probable,lab,lit_review,,,competent,yes,,,,FALSE
master_8,Rift Valley fever,Rift Valley fever,aedes palpalis group,,mosquito,group,aedes palpalis group,TRUE,FALSE,TRUE,weak,review,lit_review,,,mixed,mixed,yes,,mixed_or_debated_evidence,FALSE
master_8,Rift Valley fever,Rift Valley fever,aedes pembaensis,,mosquito,species,aedes pembaensis,TRUE,FALSE,TRUE,probable,review,lit_review,,,unclear,,yes,,field_detection_only,FALSE
master_8,Rift Valley fever,Rift Valley fever,aedes sollicitans,,mosquito,species,aedes sollicitans,TRUE,TRUE,TRUE,probable,review,lit_review,TRUE,blood_meal,competent,yes,,,,FALSE
master_8,Rift Valley fever,Rift Valley fever,aedes spp,,mosquito,genus_only,aedes spp,TRUE,FALSE,TRUE,candidate,review,lit_review,,,unclear,,yes,,taxon_level_not_specific,FALSE
master_8,Rift Valley fever,Rift Valley fever,aedes sudanensis,,mosquito,species,aedes sudanensis,TRUE,TRUE,TRUE,candidate,review,lit_review,TRUE,blood_meal,unclear,,yes,,,FALSE
master_8,Rift Valley fever,Rift Valley fever,aedes taeniorhynchus,,mosquito,species,aedes taeniorhynchus,TRUE,TRUE,TRUE,candidate,review,lit_review,TRUE,blood_meal,competent,yes,yes,,temperature_dependent,FALSE
master_8,Rift Valley fever,Rift Valley fever,aedes triseriatus,,mosquito,species,aedes triseriatus,TRUE,TRUE,TRUE,probable,review,lit_review,TRUE,blood_meal,competent,yes,,,,FALSE
master_8,Rift Valley fever,Rift Valley fever,aedes vexans,,mosquito,species,aedes vexans,TRUE,TRUE,TRUE,probable,field+lab,EFSA; lit_review,TRUE,blood_meal,competent,yes,,,low_competence_or_efficiency|population_dependent,FALSE
master_8,Rift Valley fever,Rift Valley fever,aedes vexans meigen,,mosquito,infraspecific,aedes vexans meigen,TRUE,FALSE,TRUE,probable,field+lab,lit_review,,,mixed,mixed,,,strain_dependent,FALSE
master_8,Rift Valley fever,Rift Valley fever,amblyomma variegatum,,tick,species,amblyomma variegatum,TRUE,TRUE,TRUE,weak,review,lit_review,TRUE,on_host_occurrence,unclear,,yes,,field_detection_only,FALSE
master_8,Rift Valley fever,Rift Valley fever,anopheles bradleyi crucians,,mosquito,infraspecific,anopheles bradleyi crucians,TRUE,FALSE,TRUE,weak,review,lit_review,,,unclear,,,,low_competence_or_efficiency,FALSE
master_8,Rift Valley fever,Rift Valley fever,anopheles coustani,,mosquito,species,anopheles coustani,TRUE,TRUE,TRUE,candidate,review,EFSA; lit_review,TRUE,blood_meal,unclear,,yes,candidate_vector,field_detection_only|mixed_or_debated_evidence,FALSE
master_8,Rift Valley fever,Rift Valley fever,anopheles funestus,,mosquito,species,anopheles funestus,TRUE,TRUE,TRUE,weak,review,lit_review,TRUE,blood_meal,unclear,,yes,candidate_vector,,FALSE
master_8,Rift Valley fever,Rift Valley fever,anopheles gambiae,,mosquito,species,anopheles gambiae,TRUE,TRUE,TRUE,candidate,review,lit_review,TRUE,blood_meal,unclear,,yes,,,FALSE
master_8,Rift Valley fever,Rift Valley fever,anopheles gambiae arabiensis,,mosquito,infraspecific,anopheles gambiae arabiensis,TRUE,FALSE,TRUE,candidate,review,lit_review,,,unclear,,yes,,field_detection_only,FALSE
master_8,Rift Valley fever,Rift Valley fever,anopheles gambiae sensu lato,,mosquito,sensu_lato,anopheles gambiae sensu lato,TRUE,FALSE,TRUE,candidate,field,lit_review,,,unclear,,yes,,field_detection_only,FALSE
master_8,Rift Valley fever,Rift Valley fever,anopheles pharoensis,,mosquito,species,anopheles pharoensis,TRUE,TRUE,TRUE,candidate,review,lit_review,TRUE,blood_meal,unclear,,yes,,,FALSE
master_8,Rift Valley fever,Rift Valley fever,anopheles rufipes,,mosquito,species,anopheles rufipes,TRUE,TRUE,TRUE,weak,review,lit_review,TRUE,blood_meal,unclear,,yes,candidate_vector,,FALSE
master_8,Rift Valley fever,Rift Valley fever,anopheles spp,,mosquito,genus_only,anopheles spp,TRUE,FALSE,TRUE,candidate,review,lit_review,,,unclear,,yes,,taxon_level_not_specific,FALSE
master_8,Rift Valley fever,Rift Valley fever,anopheles squamosus,,mosquito,species,anopheles squamosus,TRUE,TRUE,TRUE,probable,review,lit_review,TRUE,blood_meal,unclear,,yes,candidate_vector,field_detection_only,FALSE
master_8,Rift Valley fever,Rift Valley fever,anopheles ziemanni,,mosquito,species,anopheles ziemanni,TRUE,FALSE,TRUE,candidate,field,lit_review,,,unclear,,yes,,field_detection_only,FALSE
master_8,Rift Valley fever,Rift Valley fever,coquillettidia perturbans,,mosquito,species,coquillettidia perturbans,TRUE,TRUE,TRUE,probable,review,lit_review,TRUE,blood_meal,competent,yes,,,,FALSE
master_8,Rift Valley fever,Rift Valley fever,culex annulioris,,mosquito,species,culex annulioris,TRUE,TRUE,TRUE,weak,review,lit_review,TRUE,blood_meal,unclear,,yes,candidate_vector,,FALSE
master_8,Rift Valley fever,Rift Valley fever,culex antennatus,,mosquito,species,culex antennatus,TRUE,TRUE,TRUE,candidate; confirmed,review,EFSA; lit_review; lit_review,TRUE,blood_meal,competent,yes,yes,primary_vector,low_competence_or_efficiency,FALSE
master_8,Rift Valley fever,Rift Valley fever,culex bitaeniorhynchus,,mosquito,species,culex bitaeniorhynchus,TRUE,TRUE,TRUE,probable,review,lit_review,TRUE,blood_meal,unclear,,yes,,field_detection_only,FALSE
master_8,Rift Valley fever,Rift Valley fever,culex erraticus,,mosquito,species,culex erraticus,TRUE,TRUE,TRUE,candidate,efsa_appendix_g,EFSA; lit_review,TRUE,blood_meal,unclear,,,,low_competence_or_efficiency,FALSE
master_8,Rift Valley fever,Rift Valley fever,culex erythrothorax,,mosquito,species,culex erythrothorax,TRUE,FALSE,TRUE,candidate,efsa_appendix_g,EFSA; lit_review,FALSE,,unclear,,,,low_competence_or_efficiency,FALSE
master_8,Rift Valley fever,Rift Valley fever,culex neavei,,mosquito,species,culex neavei,TRUE,TRUE,TRUE,candidate,review,lit_review,TRUE,blood_meal,unclear,,yes,,limited_or_indirect_support,FALSE
master_8,Rift Valley fever,Rift Valley fever,culex nigripalpus,,mosquito,species,culex nigripalpus,TRUE,TRUE,TRUE,candidate,efsa_appendix_g,EFSA; lit_review,TRUE,blood_meal,not_competent,no,,,low_competence_or_efficiency,FALSE
master_8,Rift Valley fever,Rift Valley fever,culex pipiens,,mosquito,species,culex pipiens,TRUE,TRUE,TRUE,confirmed; probable,review,EFSA; lit_review; lit_review,TRUE,blood_meal,mixed,mixed,yes,candidate_vector|primary_vector,population_dependent|temperature_dependent,FALSE
master_8,Rift Valley fever,Rift Valley fever,culex pipiens biotype molestus,,mosquito,infraspecific,culex pipiens biotype molestus,TRUE,FALSE,FALSE,candidate,efsa_appendix_g,EFSA,,,,,,,,FALSE
master_8,Rift Valley fever,Rift Valley fever,culex pipiens biotype pipiens,,mosquito,infraspecific,culex pipiens biotype pipiens,TRUE,FALSE,FALSE,candidate,efsa_appendix_g,EFSA,,,,,,,,FALSE
master_8,Rift Valley fever,Rift Valley fever,culex pipiens biotype pipiens x biotype molestus,,mosquito,hybrid,culex pipiens biotype pipiens x biotype molestus,TRUE,FALSE,FALSE,candidate,efsa_appendix_g,EFSA,,,,,,,,FALSE
master_8,Rift Valley fever,Rift Valley fever,culex pipiens complex,,mosquito,complex,culex pipiens complex,TRUE,FALSE,TRUE,candidate,field,lit_review,,,unclear,,yes,,field_detection_only,FALSE
master_8,Rift Valley fever,Rift Valley fever,culex pipiens form molestus,,mosquito,infraspecific,culex pipiens form molestus,TRUE,FALSE,TRUE,weak,lab,lit_review,,,not_competent,no,,,,FALSE
master_8,Rift Valley fever,Rift Valley fever,culex pipiens hybrid form,,mosquito,infraspecific,culex pipiens hybrid form,TRUE,FALSE,TRUE,probable,lab,lit_review,,,competent,yes,,,,FALSE
master_8,Rift Valley fever,Rift Valley fever,culex pipiens s l,,mosquito,sensu_lato,culex pipiens s l,TRUE,FALSE,FALSE,candidate,efsa_appendix_g,EFSA,,,,,,,,FALSE
master_8,Rift Valley fever,Rift Valley fever,culex poicilipes,,mosquito,species,culex poicilipes,TRUE,TRUE,TRUE,confirmed; probable,review,EFSA; lit_review; lit_review,TRUE,blood_meal,competent,yes,yes,candidate_vector,field_detection_only|mixed_or_debated_evidence,FALSE
master_8,Rift Valley fever,Rift Valley fever,culex poicilipes theobald,,mosquito,infraspecific,culex poicilipes theobald,TRUE,FALSE,TRUE,confirmed,field+lab,lit_review,,,mixed,mixed,,,strain_dependent,FALSE
master_8,Rift Valley fever,Rift Valley fever,culex quinquefasciatus,,mosquito,species,culex quinquefasciatus,TRUE,TRUE,TRUE,probable,review,EFSA; lit_review,TRUE,blood_meal,not_competent,no,yes,candidate_vector,field_detection_only|low_competence_or_efficiency|no_transmission_demonstrated,FALSE
master_8,Rift Valley fever,Rift Valley fever,culex quinquefasciatus say,,mosquito,infraspecific,culex quinquefasciatus say,TRUE,FALSE,TRUE,candidate,lab,lit_review,,,mixed,mixed,,,strain_dependent,FALSE
master_8,Rift Valley fever,Rift Valley fever,culex salinarius,,mosquito,species,culex salinarius,TRUE,TRUE,TRUE,candidate,review,lit_review,TRUE,blood_meal,competent,yes,,,,FALSE
master_8,Rift Valley fever,Rift Valley fever,culex spp,,mosquito,genus_only,culex spp,TRUE,FALSE,TRUE,candidate,review,lit_review,,,unclear,,yes,,taxon_level_not_specific,FALSE
master_8,Rift Valley fever,Rift Valley fever,culex tarsalis,,mosquito,species,culex tarsalis,TRUE,TRUE,TRUE,probable,review,EFSA; lit_review,TRUE,blood_meal,competent,yes,,,,FALSE
master_8,Rift Valley fever,Rift Valley fever,culex territans,,mosquito,species,culex territans,TRUE,TRUE,TRUE,candidate,review,lit_review,FALSE,,unclear,,,,,FALSE
master_8,Rift Valley fever,Rift Valley fever,culex theileri,,mosquito,species,culex theileri,TRUE,TRUE,TRUE,candidate; probable,review,lit_review,TRUE,blood_meal,competent,yes,yes,,,FALSE
master_8,Rift Valley fever,Rift Valley fever,culex tritaeniorhynchus,,mosquito,species,culex tritaeniorhynchus,TRUE,TRUE,TRUE,candidate; probable,review,EFSA; lit_review; lit_review,TRUE,blood_meal,competent,yes,yes,candidate_vector,,FALSE
master_8,Rift Valley fever,Rift Valley fever,culex univittatus,,mosquito,species,culex univittatus,TRUE,TRUE,TRUE,probable,review,lit_review,TRUE,blood_meal,unclear,,yes,candidate_vector,field_detection_only,FALSE
master_8,Rift Valley fever,Rift Valley fever,culex zombaensis,,mosquito,species,culex zombaensis,TRUE,FALSE,TRUE,candidate,efsa_appendix_g; review,EFSA; lit_review,,,unclear,,yes,,limited_or_indirect_support,FALSE
master_8,Rift Valley fever,Rift Valley fever,culiseta inornata,,mosquito,species,culiseta inornata,TRUE,TRUE,FALSE,candidate,efsa_appendix_g,EFSA,TRUE,blood_meal,,,,,,FALSE
master_8,Rift Valley fever,Rift Valley fever,eretmapodites chrysogaster sensu lato,,mosquito,sensu_lato,eretmapodites chrysogaster sensu lato,TRUE,FALSE,TRUE,weak,review,lit_review,,,unclear,,yes,,limited_or_indirect_support,FALSE
master_8,Rift Valley fever,Rift Valley fever,eretmapodites quinquevittatus,,mosquito,species,eretmapodites quinquevittatus,TRUE,FALSE,TRUE,candidate,review,lit_review,,,unclear,,yes,candidate_vector,mixed_or_debated_evidence,FALSE
master_8,Rift Valley fever,Rift Valley fever,mansonia africana,,mosquito,species,mansonia africana,TRUE,TRUE,TRUE,probable,review,lit_review,TRUE,blood_meal,unclear,,yes,candidate_vector,field_detection_only,FALSE
master_8,Rift Valley fever,Rift Valley fever,mansonia dyari,,mosquito,species,mansonia dyari,TRUE,FALSE,TRUE,candidate,review,lit_review,,,competent,yes,,,,FALSE
master_8,Rift Valley fever,Rift Valley fever,mansonia uniformis,,mosquito,infraspecific,mansonia uniformis,TRUE,TRUE,TRUE,probable,review,lit_review,TRUE,blood_meal,unclear,,yes,candidate_vector,field_detection_only,TRUE
master_8,Rift Valley fever,Rift Valley fever,ochlerotatus caballus,,mosquito,species,ochlerotatus caballus,TRUE,FALSE,TRUE,weak,review,lit_review,,,unclear,,yes,,,FALSE
master_8,Rift Valley fever,Rift Valley fever,ochlerotatus juppi,,mosquito,species,ochlerotatus juppi,TRUE,FALSE,TRUE,weak,review,lit_review,,,unclear,,yes,,limited_or_indirect_support,FALSE
master_8,Rift Valley fever,Rift Valley fever,psorophora ferox,,mosquito,species,psorophora ferox,TRUE,TRUE,TRUE,probable,review,lit_review,TRUE,blood_meal,competent,yes,,,,FALSE
master_8,Rift Valley fever,Rift Valley fever,rhipicephalus appendiculatus,,tick,species,rhipicephalus appendiculatus,TRUE,TRUE,TRUE,weak,review,lit_review,TRUE,on_host_occurrence,unclear,,yes,,,FALSE
master_18,Oropouche fever,Oropouche fever,aedes aegypti,,mosquito,species,aedes aegypti,TRUE,TRUE,TRUE,candidate,field,lit_review,TRUE,blood_meal,mixed,mixed,yes,,limited_or_indirect_support|low_competence_or_efficiency,FALSE
master_18,Oropouche fever,Oropouche fever,aedes albopictus,,mosquito,species,aedes albopictus,TRUE,TRUE,TRUE,candidate,review,lit_review,TRUE,blood_meal,mixed,mixed,yes,,field_detection_only|mixed_or_debated_evidence|no_transmission_demonstrated,FALSE
master_18,Oropouche fever,Oropouche fever,aedes scapularis,,mosquito,species,aedes scapularis,TRUE,TRUE,TRUE,weak,review,lit_review,TRUE,blood_meal,not_competent,no,,,no_transmission_demonstrated,FALSE
master_18,Oropouche fever,Oropouche fever,aedes serratus,,mosquito,species,aedes serratus,TRUE,TRUE,TRUE,candidate; probable,review,lit_review,TRUE,blood_meal,unclear,,yes,candidate_vector|secondary_vector|sylvatic_vector,limited_or_indirect_support,FALSE
master_18,Oropouche fever,Oropouche fever,coquillettidia venezuelensis,,mosquito,species,coquillettidia venezuelensis,TRUE,TRUE,TRUE,probable,review,lit_review,TRUE,blood_meal,unclear,,yes,candidate_vector|secondary_vector|sylvatic_vector,limited_or_indirect_support,FALSE
master_18,Oropouche fever,Oropouche fever,culex pipiens,,mosquito,species,culex pipiens,TRUE,TRUE,TRUE,weak,lab,lit_review,TRUE,blood_meal,not_competent,no,,,no_infection_detected,FALSE
master_18,Oropouche fever,Oropouche fever,culex quinquefasciatus,,mosquito,species,culex quinquefasciatus,TRUE,TRUE,TRUE,probable,review,lit_review,TRUE,blood_meal,mixed,mixed,yes,candidate_vector|secondary_vector,limited_or_indirect_support|low_competence_or_efficiency,FALSE
master_18,Oropouche fever,Oropouche fever,culex tarsalis,,mosquito,species,culex tarsalis,TRUE,TRUE,TRUE,candidate,review,lit_review,TRUE,blood_meal,not_competent,no,,,low_competence_or_efficiency|no_transmission_demonstrated,FALSE
master_18,Oropouche fever,Oropouche fever,culicoides,,midge,genus_only,culicoides,TRUE,FALSE,TRUE,candidate,review,lit_review,,,unclear,,,candidate_vector|sylvatic_vector,taxon_level_not_specific,FALSE
master_18,Oropouche fever,Oropouche fever,culicoides insignis,,midge,species,culicoides insignis,TRUE,FALSE,TRUE,candidate,review,lit_review,,,unclear,,yes,,,FALSE
master_18,Oropouche fever,Oropouche fever,culicoides paraensis,,midge,species,culicoides paraensis,TRUE,FALSE,TRUE,confirmed,review,lit_review,,,competent,yes,,primary_vector|urban_vector,,FALSE
master_18,Oropouche fever,Oropouche fever,culicoides sonorensis,,midge,species,culicoides sonorensis,TRUE,FALSE,TRUE,probable,review,lit_review,,,competent,yes,,candidate_vector,,FALSE
master_18,Oropouche fever,Oropouche fever,limatus durhamii,,mosquito,species,limatus durhamii,TRUE,TRUE,TRUE,weak,review,lit_review,TRUE,blood_meal,unclear,,yes,,,FALSE
master_18,Oropouche fever,Oropouche fever,ochlerotatus serratus,,mosquito,species,ochlerotatus serratus,TRUE,FALSE,TRUE,candidate,review,lit_review,,,unclear,,yes,,field_detection_only,FALSE
master_18,Oropouche fever,Oropouche fever,psorophora ferox,,mosquito,species,psorophora ferox,TRUE,TRUE,TRUE,weak,review,lit_review,TRUE,blood_meal,not_competent,no,,,no_transmission_demonstrated,FALSE
master_24,Severe fever with thrombocytopenia syndrome (SFTS),Severe fever with thrombocytopenia syndrome (SFTS),amblyomma testudinarium,,tick,species,amblyomma testudinarium,TRUE,TRUE,TRUE,confirmed,field,lit_review,FALSE,,competent,yes,yes,primary_vector,field_detection_only,FALSE
master_24,Severe fever with thrombocytopenia syndrome (SFTS),Severe fever with thrombocytopenia syndrome (SFTS),dermacentor nuttalli,,tick,species,dermacentor nuttalli,TRUE,TRUE,TRUE,weak,review,lit_review,FALSE,,unclear,,yes,,field_detection_only,FALSE
master_24,Severe fever with thrombocytopenia syndrome (SFTS),Severe fever with thrombocytopenia syndrome (SFTS),dermacentor silvarum,,tick,species,dermacentor silvarum,TRUE,FALSE,TRUE,weak,lab,lit_review,,,mixed,mixed,yes,,field_detection_only,FALSE
master_24,Severe fever with thrombocytopenia syndrome (SFTS),Severe fever with thrombocytopenia syndrome (SFTS),haemaphysalis concinna,,tick,species,haemaphysalis concinna,TRUE,TRUE,TRUE,weak,review,lit_review,TRUE,on_host_occurrence,unclear,,yes,,field_detection_only,FALSE
master_24,Severe fever with thrombocytopenia syndrome (SFTS),Severe fever with thrombocytopenia syndrome (SFTS),haemaphysalis flava,,tick,species,haemaphysalis flava,TRUE,TRUE,TRUE,confirmed,review,lit_review,TRUE,on_host_occurrence,competent,yes,yes,,field_detection_only,FALSE
master_24,Severe fever with thrombocytopenia syndrome (SFTS),Severe fever with thrombocytopenia syndrome (SFTS),haemaphysalis formosensis,,tick,infraspecific,haemaphysalis formosensis,TRUE,FALSE,TRUE,candidate,field,lit_review,,,unclear,,yes,maintenance_vector,field_detection_only,FALSE
master_24,Severe fever with thrombocytopenia syndrome (SFTS),Severe fever with thrombocytopenia syndrome (SFTS),haemaphysalis hystricis,,tick,species,haemaphysalis hystricis,TRUE,FALSE,TRUE,probable,field,lit_review,,,unclear,,yes,candidate_vector,field_detection_only,FALSE
master_24,Severe fever with thrombocytopenia syndrome (SFTS),Severe fever with thrombocytopenia syndrome (SFTS),haemaphysalis japonica,,tick,species,haemaphysalis japonica,TRUE,FALSE,TRUE,weak,review,lit_review,,,unclear,,yes,,field_detection_only,FALSE
master_24,Severe fever with thrombocytopenia syndrome (SFTS),Severe fever with thrombocytopenia syndrome (SFTS),haemaphysalis longicornis,,tick,species,haemaphysalis longicornis,TRUE,TRUE,TRUE,confirmed,review,lit_review,TRUE,on_host_occurrence,competent,yes,yes,candidate_vector|primary_vector,population_dependent,FALSE
master_24,Severe fever with thrombocytopenia syndrome (SFTS),Severe fever with thrombocytopenia syndrome (SFTS),haemaphysalis megaspinosa,,tick,species,haemaphysalis megaspinosa,TRUE,FALSE,TRUE,candidate,field,lit_review,,,unclear,,yes,maintenance_vector,field_detection_only,FALSE
master_24,Severe fever with thrombocytopenia syndrome (SFTS),Severe fever with thrombocytopenia syndrome (SFTS),hyalomma asiaticum,,tick,species,hyalomma asiaticum,TRUE,FALSE,TRUE,weak,review,lit_review,,,unclear,,yes,,field_detection_only,FALSE
master_24,Severe fever with thrombocytopenia syndrome (SFTS),Severe fever with thrombocytopenia syndrome (SFTS),ixodes nipponensis,,tick,species,ixodes nipponensis,TRUE,TRUE,TRUE,confirmed,review,lit_review,FALSE,,competent,yes,yes,,field_detection_only,FALSE
master_24,Severe fever with thrombocytopenia syndrome (SFTS),Severe fever with thrombocytopenia syndrome (SFTS),ixodes persulcatus,,tick,species,ixodes persulcatus,TRUE,FALSE,TRUE,weak,lab,lit_review,,,not_competent,no,yes,,field_detection_only|spelling_or_ocr_issue,FALSE
master_24,Severe fever with thrombocytopenia syndrome (SFTS),Severe fever with thrombocytopenia syndrome (SFTS),ixodes sinensis,,tick,species,ixodes sinensis,TRUE,FALSE,TRUE,confirmed,review,lit_review,,,competent,yes,yes,,,FALSE
master_24,Severe fever with thrombocytopenia syndrome (SFTS),Severe fever with thrombocytopenia syndrome (SFTS),rhipicephalus microplus,,tick,species,rhipicephalus microplus,TRUE,TRUE,TRUE,weak,review,lit_review,FALSE,,unclear,,yes,,field_detection_only,FALSE
master_25,Venezuelan equine encephalitis,Venezuelan equine encephalitis,aedes angustivittatus,,mosquito,species,aedes angustivittatus,TRUE,FALSE,TRUE,candidate,review,lit_review,,,unclear,,yes,,field_detection_only,FALSE
master_25,Venezuelan equine encephalitis,Venezuelan equine encephalitis,aedes detritus,,mosquito,species,aedes detritus,TRUE,TRUE,FALSE,candidate,efsa_appendix_g,EFSA,TRUE,blood_meal,,,,,,FALSE
master_25,Venezuelan equine encephalitis,Venezuelan equine encephalitis,aedes fulvus,,mosquito,species,aedes fulvus,TRUE,TRUE,TRUE,candidate,review,lit_review,FALSE,,unclear,,,,,FALSE
master_25,Venezuelan equine encephalitis,Venezuelan equine encephalitis,aedes scapularis,,mosquito,species,aedes scapularis,TRUE,TRUE,TRUE,probable,review,lit_review,TRUE,blood_meal,competent,yes,,,,FALSE
master_25,Venezuelan equine encephalitis,Venezuelan equine encephalitis,aedes serratus,,mosquito,species,aedes serratus,TRUE,TRUE,TRUE,candidate,review,lit_review,TRUE,blood_meal,unclear,,,,,FALSE
master_25,Venezuelan equine encephalitis,Venezuelan equine encephalitis,aedes taeniorhynchus,,mosquito,species,aedes taeniorhynchus,TRUE,TRUE,TRUE,confirmed; probable,review,lit_review,TRUE,blood_meal,competent,yes,,epizootic_vector|primary_vector,,FALSE
master_25,Venezuelan equine encephalitis,Venezuelan equine encephalitis,anopheles pseudopunctipennis,,mosquito,species,anopheles pseudopunctipennis,TRUE,FALSE,TRUE,probable,review,lit_review,,,unclear,,yes,,strain_dependent,FALSE
master_25,Venezuelan equine encephalitis,Venezuelan equine encephalitis,coquillettidia venezuelensis,,mosquito,species,coquillettidia venezuelensis,TRUE,TRUE,TRUE,probable,review,lit_review,TRUE,blood_meal,competent,yes,,,,FALSE
master_25,Venezuelan equine encephalitis,Venezuelan equine encephalitis,culex adamesi,,mosquito,species,culex adamesi,TRUE,FALSE,TRUE,candidate; confirmed,field; review,lit_review,,,competent,yes,yes,secondary_vector,field_detection_only|strain_dependent,FALSE
master_25,Venezuelan equine encephalitis,Venezuelan equine encephalitis,culex aikenii sensu lato,,mosquito,sensu_lato,culex aikenii sensu lato,TRUE,FALSE,FALSE,confirmed,review,lit_review,,,,,,,,FALSE
master_25,Venezuelan equine encephalitis,Venezuelan equine encephalitis,culex cedecei,,mosquito,species,culex cedecei,TRUE,TRUE,TRUE,candidate,review,lit_review,TRUE,blood_meal,competent,yes,,,strain_dependent,FALSE
master_25,Venezuelan equine encephalitis,Venezuelan equine encephalitis,culex cedeci,,mosquito,species,culex cedeci,TRUE,FALSE,TRUE,confirmed,review,lit_review,,,competent,yes,,,spelling_or_ocr_issue|strain_dependent,FALSE
master_25,Venezuelan equine encephalitis,Venezuelan equine encephalitis,culex crybda,,mosquito,species,culex crybda,TRUE,FALSE,TRUE,candidate,review,lit_review,,,unclear,,,,,FALSE
master_25,Venezuelan equine encephalitis,Venezuelan equine encephalitis,culex declarator,,mosquito,species,culex declarator,TRUE,TRUE,TRUE,candidate,review,lit_review,TRUE,blood_meal,unclear,,,,,FALSE
master_25,Venezuelan equine encephalitis,Venezuelan equine encephalitis,culex delpontei,,mosquito,species,culex delpontei,TRUE,FALSE,TRUE,candidate,review,lit_review,,,unclear,,,,,FALSE
master_25,Venezuelan equine encephalitis,Venezuelan equine encephalitis,culex dunni,,mosquito,species,culex dunni,TRUE,TRUE,TRUE,candidate,review,lit_review,TRUE,blood_meal,unclear,,,,,FALSE
master_25,Venezuelan equine encephalitis,Venezuelan equine encephalitis,culex erraticus,,mosquito,species,culex erraticus,TRUE,TRUE,TRUE,probable,review,lit_review,TRUE,blood_meal,unclear,,yes,,,FALSE
master_25,Venezuelan equine encephalitis,Venezuelan equine encephalitis,culex gnomatos,,mosquito,species,culex gnomatos,TRUE,FALSE,TRUE,candidate,review,EFSA; lit_review,,,unclear,,,,,FALSE
master_25,Venezuelan equine encephalitis,Venezuelan equine encephalitis,culex gnomatos vomerifer,,mosquito,infraspecific,culex gnomatos vomerifer,TRUE,FALSE,FALSE,candidate,efsa_appendix_g,EFSA,,,,,,,,FALSE
master_25,Venezuelan equine encephalitis,Venezuelan equine encephalitis,culex nigripalpus,,mosquito,species,culex nigripalpus,TRUE,TRUE,TRUE,candidate,review,lit_review,TRUE,blood_meal,unclear,,,,,FALSE
master_25,Venezuelan equine encephalitis,Venezuelan equine encephalitis,culex ocossa,,mosquito,species,culex ocossa,TRUE,TRUE,TRUE,candidate; probable,review,lit_review,TRUE,blood_meal,unclear,,yes,,,FALSE
master_25,Venezuelan equine encephalitis,Venezuelan equine encephalitis,culex panocossa,,mosquito,species,culex panocossa,TRUE,FALSE,TRUE,probable,review,lit_review,,,competent,yes,,,,FALSE
master_25,Venezuelan equine encephalitis,Venezuelan equine encephalitis,culex pedroi,,mosquito,species,culex pedroi,TRUE,TRUE,TRUE,candidate; confirmed,field; review,lit_review,TRUE,blood_meal,competent,yes,yes,primary_vector,field_detection_only|strain_dependent,FALSE
master_25,Venezuelan equine encephalitis,Venezuelan equine encephalitis,culex portesi,,mosquito,species,culex portesi,TRUE,FALSE,TRUE,candidate; confirmed,review,lit_review,,,competent,yes,,,strain_dependent,FALSE
master_25,Venezuelan equine encephalitis,Venezuelan equine encephalitis,culex spissipes,,mosquito,species,culex spissipes,TRUE,FALSE,TRUE,candidate,review,lit_review,FALSE,,unclear,,,,,FALSE
master_25,Venezuelan equine encephalitis,Venezuelan equine encephalitis,culex taeniopus,,mosquito,species,culex taeniopus,TRUE,TRUE,TRUE,candidate; confirmed,review,EFSA; lit_review; lit_review,TRUE,blood_meal,competent,yes,,enzootic_vector|primary_vector,strain_dependent,FALSE
master_25,Venezuelan equine encephalitis,Venezuelan equine encephalitis,culex vomerifer,,mosquito,species,culex vomerifer,TRUE,FALSE,TRUE,candidate; confirmed,field; review,lit_review,,,competent,yes,yes,primary_vector,,FALSE
master_25,Venezuelan equine encephalitis,Venezuelan equine encephalitis,mansonia dyari,,mosquito,species,mansonia dyari,TRUE,FALSE,TRUE,probable,review,lit_review,,,unclear,,yes,,strain_dependent,FALSE
master_25,Venezuelan equine encephalitis,Venezuelan equine encephalitis,mansonia indubitans,,mosquito,species,mansonia indubitans,TRUE,TRUE,TRUE,probable,review,lit_review,FALSE,,unclear,,yes,,strain_dependent,FALSE
master_25,Venezuelan equine encephalitis,Venezuelan equine encephalitis,mansonia titillans,,mosquito,species,mansonia titillans,TRUE,TRUE,TRUE,probable,review,lit_review,TRUE,blood_meal,unclear,,yes,,strain_dependent,FALSE
master_25,Venezuelan equine encephalitis,Venezuelan equine encephalitis,ochlerotatus detritus,,mosquito,species,ochlerotatus detritus,TRUE,TRUE,TRUE,candidate,lab,lit_review,TRUE,blood_meal,unclear,yes,,,no_transmission_demonstrated,FALSE
master_25,Venezuelan equine encephalitis,Venezuelan equine encephalitis,psorophora albipes,,mosquito,species,psorophora albipes,TRUE,TRUE,TRUE,probable,review,lit_review,TRUE,blood_meal,unclear,,yes,,field_detection_only,FALSE
master_25,Venezuelan equine encephalitis,Venezuelan equine encephalitis,psorophora columbiae,,mosquito,species,psorophora columbiae,TRUE,TRUE,FALSE,candidate,efsa_appendix_g,EFSA,TRUE,blood_meal,,,,,,FALSE
master_25,Venezuelan equine encephalitis,Venezuelan equine encephalitis,psorophora confinnis,,mosquito,species,psorophora confinnis,TRUE,TRUE,TRUE,confirmed,review,lit_review,TRUE,blood_meal,competent,yes,,epizootic_vector|primary_vector,,FALSE
master_25,Venezuelan equine encephalitis,Venezuelan equine encephalitis,psorophora ferox,,mosquito,species,psorophora ferox,TRUE,TRUE,TRUE,probable,review,lit_review,TRUE,blood_meal,unclear,,yes,,field_detection_only,FALSE
